block_number,from,to,value,timestamps
24658294,0x0000000000000000000000000000000000000000,0x0308fCE15F35765f7b3440eBf29a50AfCad369b2,500000000000000,1644241757
24658690,0x0308fCE15F35765f7b3440eBf29a50AfCad369b2,0x3b8B29E2d03C663307aC5D857F5948CAC61bd5A0,100000000000000,1644242833
24665289,0x0308fCE15F35765f7b3440eBf29a50AfCad369b2,0x5c32c72c80f71e6F2bC4ba68Cc0E9d51Ec10A883,40000000000000,1644257482
24665295,0x5c32c72c80f71e6F2bC4ba68Cc0E9d51Ec10A883,0x47Fc9d7751806339D820E1C26Cf0BAdB04363196,11404060623391,1644257494
24665329,0x5c32c72c80f71e6F2bC4ba68Cc0E9d51Ec10A883,0x7Fd37AB79f85B9B7B1F14913dd4E909856883668,82636595923,1644257562
24665329,0x7Fd37AB79f85B9B7B1F14913dd4E909856883668,0x5c32c72c80f71e6F2bC4ba68Cc0E9d51Ec10A883,82636595923,1644257562
24665329,0x5c32c72c80f71e6F2bC4ba68Cc0E9d51Ec10A883,0x0308fCE15F35765f7b3440eBf29a50AfCad369b2,4255949287790,1644257562
24665549,0x47Fc9d7751806339D820E1C26Cf0BAdB04363196,0x5c32c72c80f71e6F2bC4ba68Cc0E9d51Ec10A883,11404060623391,1644258018
24665679,0x5c32c72c80f71e6F2bC4ba68Cc0E9d51Ec10A883,0x3b8B29E2d03C663307aC5D857F5948CAC61bd5A0,5300000000000,1644258286
24665701,0x5c32c72c80f71e6F2bC4ba68Cc0E9d51Ec10A883,0x3b8B29E2d03C663307aC5D857F5948CAC61bd5A0,4574276144549,1644258330
24666700,0x5c32c72c80f71e6F2bC4ba68Cc0E9d51Ec10A883,0x0308fCE15F35765f7b3440eBf29a50AfCad369b2,1000000000000,1644260520
24667140,0x5c32c72c80f71e6F2bC4ba68Cc0E9d51Ec10A883,0x0308fCE15F35765f7b3440eBf29a50AfCad369b2,3676300000000,1644261428
24667351,0x5c32c72c80f71e6F2bC4ba68Cc0E9d51Ec10A883,0x0308fCE15F35765f7b3440eBf29a50AfCad369b2,950000000000,1644261862
24669159,0x5c32c72c80f71e6F2bC4ba68Cc0E9d51Ec10A883,0x88460fb8452E980eb86852bdA64f3394d1af49DD,968780070242,1644265723
24686973,0x5c32c72c80f71e6F2bC4ba68Cc0E9d51Ec10A883,0x0308fCE15F35765f7b3440eBf29a50AfCad369b2,2500000000000,1644304787
24686984,0x5c32c72c80f71e6F2bC4ba68Cc0E9d51Ec10A883,0x0308fCE15F35765f7b3440eBf29a50AfCad369b2,1980991400028,1644304813
24730989,0x0308fCE15F35765f7b3440eBf29a50AfCad369b2,0x57010bB1A64F429C7a33B3d9919c80Eb1E908d08,200000000000,1644401140
24731056,0x0308fCE15F35765f7b3440eBf29a50AfCad369b2,0xCE1e314D0Ba5A092BA1eEf7E4d1f3e89508Df0c5,1000000000,1644401278
24731072,0x0308fCE15F35765f7b3440eBf29a50AfCad369b2,0xc95cCEdE6c8A3A7280559Ba30b6D07C6a9cB2002,1000000000,1644401314
24731086,0x0308fCE15F35765f7b3440eBf29a50AfCad369b2,0xC15f759A5Bd1041Bfbdaae6a6ea939Cb162e9298,1000000000,1644401342
24731101,0x0308fCE15F35765f7b3440eBf29a50AfCad369b2,0x11e51b7B7016Ec0497208743D0d375694c89c497,1000000000,1644401372
24731128,0x0308fCE15F35765f7b3440eBf29a50AfCad369b2,0x9d24E29f4a4A380706F7Ac2E9060036D816Db9C1,1000000000,1644401426
24731147,0x0308fCE15F35765f7b3440eBf29a50AfCad369b2,0x471755207460A962DdF737E87f376ABeb062539C,1000000000,1644401468
24731160,0x0308fCE15F35765f7b3440eBf29a50AfCad369b2,0x926Fc02C90EfeCc0085320fEe1437A1CC80A776f,1000000000,1644401494
24732117,0x3b8B29E2d03C663307aC5D857F5948CAC61bd5A0,0x5c32c72c80f71e6F2bC4ba68Cc0E9d51Ec10A883,98966754853,1644403468
24732193,0x3b8B29E2d03C663307aC5D857F5948CAC61bd5A0,0x5c32c72c80f71e6F2bC4ba68Cc0E9d51Ec10A883,100000000000,1644403624
24732422,0x3b8B29E2d03C663307aC5D857F5948CAC61bd5A0,0x5c32c72c80f71e6F2bC4ba68Cc0E9d51Ec10A883,967500000000,1644404098
24732454,0x0308fCE15F35765f7b3440eBf29a50AfCad369b2,0x5c32c72c80f71e6F2bC4ba68Cc0E9d51Ec10A883,25462728444,1644404162
24732476,0x0308fCE15F35765f7b3440eBf29a50AfCad369b2,0x5c32c72c80f71e6F2bC4ba68Cc0E9d51Ec10A883,38346518516,1644404206
24732553,0x3b8B29E2d03C663307aC5D857F5948CAC61bd5A0,0x5c32c72c80f71e6F2bC4ba68Cc0E9d51Ec10A883,807389383166,1644404368
24732601,0x3b8B29E2d03C663307aC5D857F5948CAC61bd5A0,0x5c32c72c80f71e6F2bC4ba68Cc0E9d51Ec10A883,737603672114,1644404464
24732624,0x3b8B29E2d03C663307aC5D857F5948CAC61bd5A0,0x5c32c72c80f71e6F2bC4ba68Cc0E9d51Ec10A883,1687297312108,1644404514
24732642,0x3b8B29E2d03C663307aC5D857F5948CAC61bd5A0,0x5c32c72c80f71e6F2bC4ba68Cc0E9d51Ec10A883,3239253731589,1644404550
24732687,0x0308fCE15F35765f7b3440eBf29a50AfCad369b2,0x5c32c72c80f71e6F2bC4ba68Cc0E9d51Ec10A883,75937814950,1644404644
24732712,0x3b8B29E2d03C663307aC5D857F5948CAC61bd5A0,0x5c32c72c80f71e6F2bC4ba68Cc0E9d51Ec10A883,2860737944177,1644404694
24732778,0x3b8B29E2d03C663307aC5D857F5948CAC61bd5A0,0x5c32c72c80f71e6F2bC4ba68Cc0E9d51Ec10A883,3000000000000,1644404830
24732934,0x3b8B29E2d03C663307aC5D857F5948CAC61bd5A0,0x5c32c72c80f71e6F2bC4ba68Cc0E9d51Ec10A883,4689613248356,1644405154
24732984,0x0308fCE15F35765f7b3440eBf29a50AfCad369b2,0x5c32c72c80f71e6F2bC4ba68Cc0E9d51Ec10A883,442875840096,1644405254
24733007,0x0308fCE15F35765f7b3440eBf29a50AfCad369b2,0x5c32c72c80f71e6F2bC4ba68Cc0E9d51Ec10A883,922182421584,1644405304
24733028,0x0308fCE15F35765f7b3440eBf29a50AfCad369b2,0x5c32c72c80f71e6F2bC4ba68Cc0E9d51Ec10A883,1226391154411,1644405346
24733059,0x3b8B29E2d03C663307aC5D857F5948CAC61bd5A0,0x5c32c72c80f71e6F2bC4ba68Cc0E9d51Ec10A883,5919501930860,1644405412
24733095,0x0308fCE15F35765f7b3440eBf29a50AfCad369b2,0x5c32c72c80f71e6F2bC4ba68Cc0E9d51Ec10A883,1799509889477,1644405484
24733146,0x3b8B29E2d03C663307aC5D857F5948CAC61bd5A0,0x5c32c72c80f71e6F2bC4ba68Cc0E9d51Ec10A883,1961833578186,1644405590
24733181,0x0308fCE15F35765f7b3440eBf29a50AfCad369b2,0x5c32c72c80f71e6F2bC4ba68Cc0E9d51Ec10A883,5776474473455,1644405660
24733257,0x0308fCE15F35765f7b3440eBf29a50AfCad369b2,0x5c32c72c80f71e6F2bC4ba68Cc0E9d51Ec10A883,1336213102417,1644405820
24733283,0x3b8B29E2d03C663307aC5D857F5948CAC61bd5A0,0x5c32c72c80f71e6F2bC4ba68Cc0E9d51Ec10A883,7881483011817,1644405872
24733456,0x5c32c72c80f71e6F2bC4ba68Cc0E9d51Ec10A883,0x34A25E98F18d145E2b3646e606E7B953e80b7c42,2000000000000,1644406230
24733491,0x5c32c72c80f71e6F2bC4ba68Cc0E9d51Ec10A883,0x34A25E98F18d145E2b3646e606E7B953e80b7c42,2500000000000,1644406300
24733518,0x5c32c72c80f71e6F2bC4ba68Cc0E9d51Ec10A883,0x34A25E98F18d145E2b3646e606E7B953e80b7c42,2500000000000,1644406358
24733547,0x5c32c72c80f71e6F2bC4ba68Cc0E9d51Ec10A883,0x34A25E98F18d145E2b3646e606E7B953e80b7c42,2600000000000,1644406416
24733639,0x5c32c72c80f71e6F2bC4ba68Cc0E9d51Ec10A883,0x34A25E98F18d145E2b3646e606E7B953e80b7c42,7600000000000,1644406608
24733898,0x5c32c72c80f71e6F2bC4ba68Cc0E9d51Ec10A883,0x34A25E98F18d145E2b3646e606E7B953e80b7c42,2100000000000,1644407142
24734137,0x5c32c72c80f71e6F2bC4ba68Cc0E9d51Ec10A883,0x34A25E98F18d145E2b3646e606E7B953e80b7c42,5735953694761,1644407632
24734461,0x5c32c72c80f71e6F2bC4ba68Cc0E9d51Ec10A883,0x34A25E98F18d145E2b3646e606E7B953e80b7c42,5000000000000,1644408300
24734552,0x0308fCE15F35765f7b3440eBf29a50AfCad369b2,0x0308fCE15F35765f7b3440eBf29a50AfCad369b2,1000000000,1644408490
24734659,0x0308fCE15F35765f7b3440eBf29a50AfCad369b2,0x2AD47b6ceDB22C7971001644Ff9692baC76c0F11,1000000000,1644408712
24734815,0x0308fCE15F35765f7b3440eBf29a50AfCad369b2,0x5c32c72c80f71e6F2bC4ba68Cc0E9d51Ec10A883,13671701247596,1644409032
24734863,0x0308fCE15F35765f7b3440eBf29a50AfCad369b2,0xfDF913d48E2A3bf83f3D53d515962147b692e18a,1000000000,1644409132
24734882,0x0308fCE15F35765f7b3440eBf29a50AfCad369b2,0xa67436F622002496CbF68Eb25192e61C2B59101c,1000000000,1644409170
24734916,0x0308fCE15F35765f7b3440eBf29a50AfCad369b2,0xa6457BF3be90EBB3dDcD727b54d3ed4f40c976D1,1000000000,1644409242
24735171,0x0308fCE15F35765f7b3440eBf29a50AfCad369b2,0x7e279756dc0033767AdF64ab74cE1a69A7a2e120,1000000000,1644409768
24735395,0x0308fCE15F35765f7b3440eBf29a50AfCad369b2,0x5c32c72c80f71e6F2bC4ba68Cc0E9d51Ec10A883,4557233749198,1644410228
24735515,0x0308fCE15F35765f7b3440eBf29a50AfCad369b2,0x43734d7f6e17FE55e4700d500B48EA44E667b3dF,1000000000,1644410476
24735798,0x0308fCE15F35765f7b3440eBf29a50AfCad369b2,0xe7D0cc233C3026009FD6DBaAb33d17c0E81E7B10,1000000000,1644411058
24736384,0x0308fCE15F35765f7b3440eBf29a50AfCad369b2,0xa67bBbCAEF4eDE2F225C78c03a374528F6CFDd92,1000000000,1644412270
24736408,0x0308fCE15F35765f7b3440eBf29a50AfCad369b2,0xfde5AD4D1368B71565e676E88225DbF277f4bDe0,1000000000,1644412318
24737480,0x0308fCE15F35765f7b3440eBf29a50AfCad369b2,0x46F64752fB469898e49A08a04788D1b9F34d2492,1000000000,1644414532
24737480,0x0308fCE15F35765f7b3440eBf29a50AfCad369b2,0x5c32c72c80f71e6F2bC4ba68Cc0E9d51Ec10A883,18228934996795,1644414532
24737481,0x0308fCE15F35765f7b3440eBf29a50AfCad369b2,0x57c1943c595f16abedF56292bb7082E0789Aca19,1000000000,1644414534
24737505,0x0308fCE15F35765f7b3440eBf29a50AfCad369b2,0x9Ca4E61aF6bC3420C44dAb583649B036E5Dd40ba,1000000000,1644414582
24737528,0x0308fCE15F35765f7b3440eBf29a50AfCad369b2,0x3133F673E7Ed3E61aB2c4A8680bE4b67c3cDADa7,1000000000,1644414628
24737551,0x0308fCE15F35765f7b3440eBf29a50AfCad369b2,0x78C8F8b32A7Dbc5B19aaC3c78934fDE6f89A4fDF,1000000000,1644414678
24737566,0x0308fCE15F35765f7b3440eBf29a50AfCad369b2,0x2bcd4d893d2622c23162fF5a27A20239B10A1619,1000000000,1644414708
24737584,0x0308fCE15F35765f7b3440eBf29a50AfCad369b2,0x0DB9FE93d5f489Cdd2E5264b93bF830F68D3D911,1000000000,1644414744
24737989,0x0308fCE15F35765f7b3440eBf29a50AfCad369b2,0x5c32c72c80f71e6F2bC4ba68Cc0E9d51Ec10A883,9068895160905,1644415582
24738222,0x0308fCE15F35765f7b3440eBf29a50AfCad369b2,0x5c32c72c80f71e6F2bC4ba68Cc0E9d51Ec10A883,4101510374278,1644416060
24738298,0x0308fCE15F35765f7b3440eBf29a50AfCad369b2,0x8BEA1604114fF466961eeBEA67F38d8dC62CeA49,1000000000,1644416216
24738432,0x0308fCE15F35765f7b3440eBf29a50AfCad369b2,0x40d8C1189A4e767a0341732e511FDAC67AF13fa3,1000000000,1644416624
24738432,0x0308fCE15F35765f7b3440eBf29a50AfCad369b2,0xc00f0553614B4895de2b33f20725cDbA672572aa,1000000000,1644416624
24739597,0x0308fCE15F35765f7b3440eBf29a50AfCad369b2,0xc69Dd3befed077AdF6aA84c41Dc293750A310341,1000000000,1644419056
24739943,0x0308fCE15F35765f7b3440eBf29a50AfCad369b2,0x5c32c72c80f71e6F2bC4ba68Cc0E9d51Ec10A883,4101510374278,1644419868
24740547,0x0308fCE15F35765f7b3440eBf29a50AfCad369b2,0xa8ad3C8D9039a0D10040d187C44336e57456fecE,1000000000,1644421129
24740548,0x0308fCE15F35765f7b3440eBf29a50AfCad369b2,0x04f900FA9894808d5b7B95c5F4eE4DeA09CDeda4,1000000000,1644421131
24741669,0x0308fCE15F35765f7b3440eBf29a50AfCad369b2,0x04f900FA9894808d5b7B95c5F4eE4DeA09CDeda4,1000000000,1644423571
24741685,0x0308fCE15F35765f7b3440eBf29a50AfCad369b2,0x2AD47b6ceDB22C7971001644Ff9692baC76c0F11,1000000000,1644423603
24741861,0x0308fCE15F35765f7b3440eBf29a50AfCad369b2,0x69A9a186843468296C0d599C8Fe2bF55cda9Ee46,1000000000,1644423968
24741861,0x0308fCE15F35765f7b3440eBf29a50AfCad369b2,0x1776f4aa30546EAa9F0F5031558733fF0138dA2e,1000000000,1644423968
24741861,0x0308fCE15F35765f7b3440eBf29a50AfCad369b2,0x94F8853d1f3ea305d44CA68cf97d2B61b2a58bA0,1000000000,1644423968
24741919,0x0308fCE15F35765f7b3440eBf29a50AfCad369b2,0xABc5AA5c8c24E2835B6a80220558AB2466E03611,1000000000,1644424092
24742206,0x0308fCE15F35765f7b3440eBf29a50AfCad369b2,0xABc5AA5c8c24E2835B6a80220558AB2466E03611,1000000000,1644424682
24742216,0x0308fCE15F35765f7b3440eBf29a50AfCad369b2,0x74346B5ba5dd2EB5b7DBBF959637a6909fb66Dc3,1000000000,1644424706
24743250,0x0308fCE15F35765f7b3440eBf29a50AfCad369b2,0xb283fb06B3C3585BEAdF955E9fc8eE8627f8EA1C,3314781234924,1644426967
24743392,0x0308fCE15F35765f7b3440eBf29a50AfCad369b2,0xb283fb06B3C3585BEAdF955E9fc8eE8627f8EA1C,12005087,1644427259
24743397,0x0308fCE15F35765f7b3440eBf29a50AfCad369b2,0xb283fb06B3C3585BEAdF955E9fc8eE8627f8EA1C,10000000,1644427269
24743472,0x0308fCE15F35765f7b3440eBf29a50AfCad369b2,0xb283fb06B3C3585BEAdF955E9fc8eE8627f8EA1C,12000000,1644427423
24743655,0xb283fb06B3C3585BEAdF955E9fc8eE8627f8EA1C,0x0308fCE15F35765f7b3440eBf29a50AfCad369b2,843341,1644427801
24743732,0xb283fb06B3C3585BEAdF955E9fc8eE8627f8EA1C,0x0308fCE15F35765f7b3440eBf29a50AfCad369b2,1998877,1644427959
24743817,0x5c32c72c80f71e6F2bC4ba68Cc0E9d51Ec10A883,0xD7067638700591b59C2707C745eB7ED58fc5AB96,17885419898837,1644428137
24743833,0x5c32c72c80f71e6F2bC4ba68Cc0E9d51Ec10A883,0xd6aaB0F9aE043D3651Ad2d31c0ecCA310a9C0BEE,139238214305,1644428169
24743890,0xd6aaB0F9aE043D3651Ad2d31c0ecCA310a9C0BEE,0xb283fb06B3C3585BEAdF955E9fc8eE8627f8EA1C,300000000,1644428287
24744388,0xb283fb06B3C3585BEAdF955E9fc8eE8627f8EA1C,0x0308fCE15F35765f7b3440eBf29a50AfCad369b2,1799303,1644429325
24745295,0x0308fCE15F35765f7b3440eBf29a50AfCad369b2,0x5c32c72c80f71e6F2bC4ba68Cc0E9d51Ec10A883,14054878801,1644431313
24745816,0x5c32c72c80f71e6F2bC4ba68Cc0E9d51Ec10A883,0x146C70c85E8367b77D8a2380f295E373BcCc1626,2688505014692,1644432515
24767422,0x0308fCE15F35765f7b3440eBf29a50AfCad369b2,0x1F3dabA80B2e9918043a8F73283543fB817d33a9,1000000000,1644478898
24848751,0x5c32c72c80f71e6F2bC4ba68Cc0E9d51Ec10A883,0xa5E0829CaCEd8fFDD4De3c43696c57F7D7A678ff,63358577011681,1644660386
24848751,0xa5E0829CaCEd8fFDD4De3c43696c57F7D7A678ff,0x0308fCE15F35765f7b3440eBf29a50AfCad369b2,63358577011681,1644660386
24849491,0x0308fCE15F35765f7b3440eBf29a50AfCad369b2,0xb283fb06B3C3585BEAdF955E9fc8eE8627f8EA1C,368781772375808,1644662170
24849585,0x5c32c72c80f71e6F2bC4ba68Cc0E9d51Ec10A883,0xdB6f1920A889355780aF7570773609Bd8Cb1f498,23859600899,1644662362
24849585,0xdB6f1920A889355780aF7570773609Bd8Cb1f498,0x0308fCE15F35765f7b3440eBf29a50AfCad369b2,23859600899,1644662362
24849588,0x5c32c72c80f71e6F2bC4ba68Cc0E9d51Ec10A883,0xb283fb06B3C3585BEAdF955E9fc8eE8627f8EA1C,349561972,1644662368
24849628,0x0308fCE15F35765f7b3440eBf29a50AfCad369b2,0x5A397baA89be7766C105fD9E22d8B0dE1E1b7620,1000000000,1644662452
24849751,0x0308fCE15F35765f7b3440eBf29a50AfCad369b2,0xb283fb06B3C3585BEAdF955E9fc8eE8627f8EA1C,10000000000,1644662706
24849819,0xb283fb06B3C3585BEAdF955E9fc8eE8627f8EA1C,0xdB6f1920A889355780aF7570773609Bd8Cb1f498,99961398,1644662846
24849819,0xdB6f1920A889355780aF7570773609Bd8Cb1f498,0x0308fCE15F35765f7b3440eBf29a50AfCad369b2,99961398,1644662846
24849844,0xb283fb06B3C3585BEAdF955E9fc8eE8627f8EA1C,0xdB6f1920A889355780aF7570773609Bd8Cb1f498,699728336,1644662896
24849844,0xdB6f1920A889355780aF7570773609Bd8Cb1f498,0x0308fCE15F35765f7b3440eBf29a50AfCad369b2,699728336,1644662896
24849875,0xb283fb06B3C3585BEAdF955E9fc8eE8627f8EA1C,0xdB6f1920A889355780aF7570773609Bd8Cb1f498,499804394,1644662962
24849875,0xdB6f1920A889355780aF7570773609Bd8Cb1f498,0x0308fCE15F35765f7b3440eBf29a50AfCad369b2,499804394,1644662962
24849900,0xb283fb06B3C3585BEAdF955E9fc8eE8627f8EA1C,0xdB6f1920A889355780aF7570773609Bd8Cb1f498,599763557,1644663012
24849900,0xdB6f1920A889355780aF7570773609Bd8Cb1f498,0x0308fCE15F35765f7b3440eBf29a50AfCad369b2,599763557,1644663012
24849960,0xb283fb06B3C3585BEAdF955E9fc8eE8627f8EA1C,0xdB6f1920A889355780aF7570773609Bd8Cb1f498,3598542025,1644663136
24849960,0xdB6f1920A889355780aF7570773609Bd8Cb1f498,0x0308fCE15F35765f7b3440eBf29a50AfCad369b2,3598542025,1644663136
24850333,0xb283fb06B3C3585BEAdF955E9fc8eE8627f8EA1C,0xdB6f1920A889355780aF7570773609Bd8Cb1f498,199917025,1644664034
24850333,0xdB6f1920A889355780aF7570773609Bd8Cb1f498,0x0308fCE15F35765f7b3440eBf29a50AfCad369b2,199917025,1644664034
24850399,0xb283fb06B3C3585BEAdF955E9fc8eE8627f8EA1C,0xdB6f1920A889355780aF7570773609Bd8Cb1f498,9995586036,1644664170
24850399,0xdB6f1920A889355780aF7570773609Bd8Cb1f498,0x0308fCE15F35765f7b3440eBf29a50AfCad369b2,9995586036,1644664170
24850446,0xb283fb06B3C3585BEAdF955E9fc8eE8627f8EA1C,0xdB6f1920A889355780aF7570773609Bd8Cb1f498,9995066019,1644664268
24850446,0xdB6f1920A889355780aF7570773609Bd8Cb1f498,0x0308fCE15F35765f7b3440eBf29a50AfCad369b2,9995066019,1644664268
24850470,0xb283fb06B3C3585BEAdF955E9fc8eE8627f8EA1C,0xdB6f1920A889355780aF7570773609Bd8Cb1f498,9994546043,1644664316
24850470,0xdB6f1920A889355780aF7570773609Bd8Cb1f498,0x0308fCE15F35765f7b3440eBf29a50AfCad369b2,9994546043,1644664316
24850624,0xd6aaB0F9aE043D3651Ad2d31c0ecCA310a9C0BEE,0xa222e6a71D1A1Dd5F279805fbe38d5329C1d0e70,10000000000,1644664636
24850624,0xa222e6a71D1A1Dd5F279805fbe38d5329C1d0e70,0x2EC255797FEF7669fA243509b7a599121148FFba,10000000000,1644664636
24850624,0x2EC255797FEF7669fA243509b7a599121148FFba,0xb283fb06B3C3585BEAdF955E9fc8eE8627f8EA1C,10000000000,1644664636
24850639,0xa6457BF3be90EBB3dDcD727b54d3ed4f40c976D1,0xa67436F622002496CbF68Eb25192e61C2B59101c,1000000000,1644664666
24850650,0xd6aaB0F9aE043D3651Ad2d31c0ecCA310a9C0BEE,0xf5048d8F9163AF17Db522Abe9FaF37735C911320,20000000000,1644664688
24850650,0xf5048d8F9163AF17Db522Abe9FaF37735C911320,0xb283fb06B3C3585BEAdF955E9fc8eE8627f8EA1C,20000000000,1644664688
24850668,0x8BEA1604114fF466961eeBEA67F38d8dC62CeA49,0xa67436F622002496CbF68Eb25192e61C2B59101c,1000000000,1644664724
24850679,0xd6aaB0F9aE043D3651Ad2d31c0ecCA310a9C0BEE,0xa222e6a71D1A1Dd5F279805fbe38d5329C1d0e70,5000000000,1644664746
24850679,0xa222e6a71D1A1Dd5F279805fbe38d5329C1d0e70,0x2EC255797FEF7669fA243509b7a599121148FFba,5000000000,1644664746
24850679,0x2EC255797FEF7669fA243509b7a599121148FFba,0xb283fb06B3C3585BEAdF955E9fc8eE8627f8EA1C,5000000000,1644664746
24850694,0xd6aaB0F9aE043D3651Ad2d31c0ecCA310a9C0BEE,0xf5048d8F9163AF17Db522Abe9FaF37735C911320,1200000000,1644664794
24850694,0xf5048d8F9163AF17Db522Abe9FaF37735C911320,0xb283fb06B3C3585BEAdF955E9fc8eE8627f8EA1C,1200000000,1644664794
24850735,0xd6aaB0F9aE043D3651Ad2d31c0ecCA310a9C0BEE,0xf5048d8F9163AF17Db522Abe9FaF37735C911320,300000000,1644664958
24850735,0xf5048d8F9163AF17Db522Abe9FaF37735C911320,0xb283fb06B3C3585BEAdF955E9fc8eE8627f8EA1C,300000000,1644664958
24850747,0xd6aaB0F9aE043D3651Ad2d31c0ecCA310a9C0BEE,0xf5048d8F9163AF17Db522Abe9FaF37735C911320,200000000,1644665006
24850747,0xf5048d8F9163AF17Db522Abe9FaF37735C911320,0xb283fb06B3C3585BEAdF955E9fc8eE8627f8EA1C,200000000,1644665006
24850756,0xd6aaB0F9aE043D3651Ad2d31c0ecCA310a9C0BEE,0xa222e6a71D1A1Dd5F279805fbe38d5329C1d0e70,200000000,1644665036
24850756,0xa222e6a71D1A1Dd5F279805fbe38d5329C1d0e70,0xDEF171Fe48CF0115B1d80b88dc8eAB59176FEe57,200000000,1644665036
24850756,0xDEF171Fe48CF0115B1d80b88dc8eAB59176FEe57,0x5c32c72c80f71e6F2bC4ba68Cc0E9d51Ec10A883,92040000,1644665036
24850756,0xDEF171Fe48CF0115B1d80b88dc8eAB59176FEe57,0xb283fb06B3C3585BEAdF955E9fc8eE8627f8EA1C,107960000,1644665036
24850883,0x40d8C1189A4e767a0341732e511FDAC67AF13fa3,0xa67436F622002496CbF68Eb25192e61C2B59101c,1000000000,1644665299
24850960,0x0308fCE15F35765f7b3440eBf29a50AfCad369b2,0xb283fb06B3C3585BEAdF955E9fc8eE8627f8EA1C,48542515732,1644665457
24851479,0x3b8B29E2d03C663307aC5D857F5948CAC61bd5A0,0x0308fCE15F35765f7b3440eBf29a50AfCad369b2,75923095577323,1644666527
24851553,0x0308fCE15F35765f7b3440eBf29a50AfCad369b2,0xb283fb06B3C3585BEAdF955E9fc8eE8627f8EA1C,65923095577323,1644666679
24851745,0x57010bB1A64F429C7a33B3d9919c80Eb1E908d08,0x0308fCE15F35765f7b3440eBf29a50AfCad369b2,200000000000,1644667076
24851815,0x0308fCE15F35765f7b3440eBf29a50AfCad369b2,0xb283fb06B3C3585BEAdF955E9fc8eE8627f8EA1C,7000000000000,1644667220
24852215,0x0308fCE15F35765f7b3440eBf29a50AfCad369b2,0xb283fb06B3C3585BEAdF955E9fc8eE8627f8EA1C,3000000000000,1644668044
24892692,0x5c32c72c80f71e6F2bC4ba68Cc0E9d51Ec10A883,0xdB6f1920A889355780aF7570773609Bd8Cb1f498,71841716,1644755754
24892692,0xb283fb06B3C3585BEAdF955E9fc8eE8627f8EA1C,0xdB6f1920A889355780aF7570773609Bd8Cb1f498,553635033,1644755754
24892692,0xdB6f1920A889355780aF7570773609Bd8Cb1f498,0xa67436F622002496CbF68Eb25192e61C2B59101c,625476749,1644755754
24896448,0xd6aaB0F9aE043D3651Ad2d31c0ecCA310a9C0BEE,0xb283fb06B3C3585BEAdF955E9fc8eE8627f8EA1C,500000000,1644763948
25121243,0xD7067638700591b59C2707C745eB7ED58fc5AB96,0x5c32c72c80f71e6F2bC4ba68Cc0E9d51Ec10A883,17885419898837,1645288694
25148860,0x5c32c72c80f71e6F2bC4ba68Cc0E9d51Ec10A883,0xdB6f1920A889355780aF7570773609Bd8Cb1f498,17885632138045,1645349382
25148860,0xdB6f1920A889355780aF7570773609Bd8Cb1f498,0xa67436F622002496CbF68Eb25192e61C2B59101c,17885632138045,1645349382
25149075,0xb283fb06B3C3585BEAdF955E9fc8eE8627f8EA1C,0xaC90c8948F9596A32E615eAB09F16158efED1aCb,264299317,1645349842
25149075,0xaC90c8948F9596A32E615eAB09F16158efED1aCb,0x5c32c72c80f71e6F2bC4ba68Cc0E9d51Ec10A883,264299317,1645349842
25153998,0xa67436F622002496CbF68Eb25192e61C2B59101c,0xdB6f1920A889355780aF7570773609Bd8Cb1f498,100000000000,1645360645
25153998,0xdB6f1920A889355780aF7570773609Bd8Cb1f498,0x5c32c72c80f71e6F2bC4ba68Cc0E9d51Ec10A883,100000000000,1645360645
25194527,0x0308fCE15F35765f7b3440eBf29a50AfCad369b2,0xb283fb06B3C3585BEAdF955E9fc8eE8627f8EA1C,300000000,1645450158
25194611,0x0308fCE15F35765f7b3440eBf29a50AfCad369b2,0xb283fb06B3C3585BEAdF955E9fc8eE8627f8EA1C,99700000000,1645450330
25195334,0x0308fCE15F35765f7b3440eBf29a50AfCad369b2,0xb283fb06B3C3585BEAdF955E9fc8eE8627f8EA1C,50000000000,1645451981
25198063,0xa67436F622002496CbF68Eb25192e61C2B59101c,0xdB6f1920A889355780aF7570773609Bd8Cb1f498,4447564403699,1645457856
25198063,0xdB6f1920A889355780aF7570773609Bd8Cb1f498,0x5c32c72c80f71e6F2bC4ba68Cc0E9d51Ec10A883,4447564403699,1645457856
25258030,0x0308fCE15F35765f7b3440eBf29a50AfCad369b2,0xf699efb730f4888e99C056e4A587db34a5608d13,50000000000,1645616888
25258072,0xb283fb06B3C3585BEAdF955E9fc8eE8627f8EA1C,0xC36442b4a4522E871399CD717aBDD847Ab11FE88,19145760,1645617010
25258072,0xC36442b4a4522E871399CD717aBDD847Ab11FE88,0x0308fCE15F35765f7b3440eBf29a50AfCad369b2,19145760,1645617010
25258100,0xb283fb06B3C3585BEAdF955E9fc8eE8627f8EA1C,0xC36442b4a4522E871399CD717aBDD847Ab11FE88,448229658594371,1645617066
25258100,0xC36442b4a4522E871399CD717aBDD847Ab11FE88,0x0308fCE15F35765f7b3440eBf29a50AfCad369b2,448229658594371,1645617066
25258550,0x0308fCE15F35765f7b3440eBf29a50AfCad369b2,0xf699efb730f4888e99C056e4A587db34a5608d13,42013838811,1645618488
25259206,0xd6aaB0F9aE043D3651Ad2d31c0ecCA310a9C0BEE,0xf699efb730f4888e99C056e4A587db34a5608d13,1500000000,1645620547
25260741,0x0308fCE15F35765f7b3440eBf29a50AfCad369b2,0xf699efb730f4888e99C056e4A587db34a5608d13,7397156285,1645625499
25261582,0x0308fCE15F35765f7b3440eBf29a50AfCad369b2,0xf699efb730f4888e99C056e4A587db34a5608d13,8219062539,1645627923
25261592,0x0308fCE15F35765f7b3440eBf29a50AfCad369b2,0xC15f759A5Bd1041Bfbdaae6a6ea939Cb162e9298,100000000,1645627963
25261609,0x0308fCE15F35765f7b3440eBf29a50AfCad369b2,0x88A1e37e604234930d3fa952a1770f61c9E60370,100000000,1645628031
25261613,0x0308fCE15F35765f7b3440eBf29a50AfCad369b2,0x8984e8D7b973f294F8c67321c9f47Cd76D118dfc,100000000,1645628047
25261619,0x5c32c72c80f71e6F2bC4ba68Cc0E9d51Ec10A883,0x5C727b35522F6C386Ca7564aee799f32EC8A260D,6324984397,1645628071
25261619,0x5C727b35522F6C386Ca7564aee799f32EC8A260D,0xf699efb730f4888e99C056e4A587db34a5608d13,6324984397,1645628071
25261621,0x0308fCE15F35765f7b3440eBf29a50AfCad369b2,0x4ab5CEB7CefC20738DF579a929c15FEEf9156Ba4,100000000,1645628079
25261949,0x0308fCE15F35765f7b3440eBf29a50AfCad369b2,0xEf8d93a8a1c4bd8F55b05ba64DC51d5ACFa8cFA7,100000000,1645629032
25261963,0x0308fCE15F35765f7b3440eBf29a50AfCad369b2,0x269636ac33EC61D8F74653244BD62b4d0515F7B8,100000000,1645629068
25261982,0x0308fCE15F35765f7b3440eBf29a50AfCad369b2,0x38609B39cb835dF8953B2D3C7b9eE51A8d0A1Da0,100000000,1645629106
25262782,0x0308fCE15F35765f7b3440eBf29a50AfCad369b2,0xa84465D42bbD128875D7D4469581f576b54D42A7,100000000,1645631187
25262847,0x0308fCE15F35765f7b3440eBf29a50AfCad369b2,0x91c6d572DADA88b07ff639aD02bD7F01085214c6,100000000,1645631449
25262847,0x0308fCE15F35765f7b3440eBf29a50AfCad369b2,0x90dcedB47523e98CD3247b6f6fB1733710bD75ac,100000000,1645631449
25285656,0x0308fCE15F35765f7b3440eBf29a50AfCad369b2,0x91c6d572DADA88b07ff639aD02bD7F01085214c6,100000000,1645691366
25285725,0x0308fCE15F35765f7b3440eBf29a50AfCad369b2,0x3f55cb99d475D0fD62F170Be130dE6fb9823b2BE,100000000,1645691509
25285760,0x0308fCE15F35765f7b3440eBf29a50AfCad369b2,0x8771a2DB2eb983EF18B65A5A5D1c29CF1C50a3D4,100000000,1645691585
25285775,0x0308fCE15F35765f7b3440eBf29a50AfCad369b2,0x57c1943c595f16abedF56292bb7082E0789Aca19,100000000,1645691645
25285806,0x0308fCE15F35765f7b3440eBf29a50AfCad369b2,0x73055BD712cD124A18b729d65Fa9a896E57774f0,100000000,1645691769
25285814,0x0308fCE15F35765f7b3440eBf29a50AfCad369b2,0x7FBdD000265793b2EFfcbC1A79aAcb324Cb20F57,100000000,1645691801
25285828,0x0308fCE15F35765f7b3440eBf29a50AfCad369b2,0x9bF54AF1271c22072ecAAf219b04657a8dC93640,100000000,1645691854
25285858,0x0308fCE15F35765f7b3440eBf29a50AfCad369b2,0x125BAEADA48FdC7Efd5121142b266F1dCD8efe25,100000000,1645691914
25285912,0x0308fCE15F35765f7b3440eBf29a50AfCad369b2,0x6Db5a18Afe73652E5eDfDb5c50D179D70a0E3157,100000000,1645692028
25286209,0x0308fCE15F35765f7b3440eBf29a50AfCad369b2,0xf699efb730f4888e99C056e4A587db34a5608d13,348170147682496,1645692972
25286334,0x5c32c72c80f71e6F2bC4ba68Cc0E9d51Ec10A883,0xdB6f1920A889355780aF7570773609Bd8Cb1f498,4518022680243,1645693396
25286334,0xdB6f1920A889355780aF7570773609Bd8Cb1f498,0x0308fCE15F35765f7b3440eBf29a50AfCad369b2,4518022680243,1645693396
25286392,0x5c32c72c80f71e6F2bC4ba68Cc0E9d51Ec10A883,0xdB6f1920A889355780aF7570773609Bd8Cb1f498,21351688564,1645693524
25286392,0xdB6f1920A889355780aF7570773609Bd8Cb1f498,0x0308fCE15F35765f7b3440eBf29a50AfCad369b2,21351688564,1645693524
25286769,0x0308fCE15F35765f7b3440eBf29a50AfCad369b2,0xf699efb730f4888e99C056e4A587db34a5608d13,4500000000000,1645694650
25286836,0x0308fCE15F35765f7b3440eBf29a50AfCad369b2,0xf699efb730f4888e99C056e4A587db34a5608d13,50000000000000,1645694906
25287138,0x0308fCE15F35765f7b3440eBf29a50AfCad369b2,0xf699efb730f4888e99C056e4A587db34a5608d13,30000000000,1645695741
25287565,0x0308fCE15F35765f7b3440eBf29a50AfCad369b2,0xEDB2f903a80213833Dcef56A6B6581a79C4f56e1,100000000,1645696944
25287581,0x0308fCE15F35765f7b3440eBf29a50AfCad369b2,0xEdbD3C59e470fbEEf8838857e55C5287832D4E47,100000000,1645697008
25287587,0x0308fCE15F35765f7b3440eBf29a50AfCad369b2,0xa67436F622002496CbF68Eb25192e61C2B59101c,100000000,1645697032
25287602,0x0308fCE15F35765f7b3440eBf29a50AfCad369b2,0xa6457BF3be90EBB3dDcD727b54d3ed4f40c976D1,100000000,1645697092
25287667,0x5c32c72c80f71e6F2bC4ba68Cc0E9d51Ec10A883,0xdB6f1920A889355780aF7570773609Bd8Cb1f498,178821034,1645697252
25287667,0xdB6f1920A889355780aF7570773609Bd8Cb1f498,0x0308fCE15F35765f7b3440eBf29a50AfCad369b2,178821034,1645697252
25287709,0x5c32c72c80f71e6F2bC4ba68Cc0E9d51Ec10A883,0xdB6f1920A889355780aF7570773609Bd8Cb1f498,151355992,1645697350
25287709,0xdB6f1920A889355780aF7570773609Bd8Cb1f498,0x0308fCE15F35765f7b3440eBf29a50AfCad369b2,151355992,1645697350
25287741,0x0308fCE15F35765f7b3440eBf29a50AfCad369b2,0x40d8C1189A4e767a0341732e511FDAC67AF13fa3,100000000,1645697414
25287763,0x0308fCE15F35765f7b3440eBf29a50AfCad369b2,0x8BEA1604114fF466961eeBEA67F38d8dC62CeA49,100000000,1645697618
25288731,0x5c32c72c80f71e6F2bC4ba68Cc0E9d51Ec10A883,0xdB6f1920A889355780aF7570773609Bd8Cb1f498,790877993,1645700553
25288731,0xdB6f1920A889355780aF7570773609Bd8Cb1f498,0x0308fCE15F35765f7b3440eBf29a50AfCad369b2,790877993,1645700553
25288785,0x5c32c72c80f71e6F2bC4ba68Cc0E9d51Ec10A883,0xdB6f1920A889355780aF7570773609Bd8Cb1f498,311916838,1645700735
25288785,0xdB6f1920A889355780aF7570773609Bd8Cb1f498,0x0308fCE15F35765f7b3440eBf29a50AfCad369b2,311916838,1645700735
25293216,0x0308fCE15F35765f7b3440eBf29a50AfCad369b2,0xe30DC2C6936B5447D54174f7bc99478950196398,100000000,1645713522
25293233,0x0308fCE15F35765f7b3440eBf29a50AfCad369b2,0x83AF3c64200f13700aA3f959Ebc2aFEf421560Ed,100000000,1645713624
25293244,0x0308fCE15F35765f7b3440eBf29a50AfCad369b2,0xa84465D42bbD128875D7D4469581f576b54D42A7,100000000,1645713690
25293257,0x0308fCE15F35765f7b3440eBf29a50AfCad369b2,0x473581c81f3E4BA52527f12630b74F467213ae4F,100000000,1645713732
25996621,0x0308fCE15F35765f7b3440eBf29a50AfCad369b2,0xf699efb730f4888e99C056e4A587db34a5608d13,10000000000000,1647415773
25996621,0x0308fCE15F35765f7b3440eBf29a50AfCad369b2,0xf699efb730f4888e99C056e4A587db34a5608d13,10000000000000,1647415773
25996621,0x0308fCE15F35765f7b3440eBf29a50AfCad369b2,0xf699efb730f4888e99C056e4A587db34a5608d13,10000000000000,1647415773
25996640,0x0308fCE15F35765f7b3440eBf29a50AfCad369b2,0xf699efb730f4888e99C056e4A587db34a5608d13,10000000000000,1647415849
25996661,0x0308fCE15F35765f7b3440eBf29a50AfCad369b2,0xf699efb730f4888e99C056e4A587db34a5608d13,5000000000000,1647415933
25997069,0x5c32c72c80f71e6F2bC4ba68Cc0E9d51Ec10A883,0xdB6f1920A889355780aF7570773609Bd8Cb1f498,21103657,1647416797
25997069,0xdB6f1920A889355780aF7570773609Bd8Cb1f498,0x0308fCE15F35765f7b3440eBf29a50AfCad369b2,21103657,1647416797
25997807,0x0308fCE15F35765f7b3440eBf29a50AfCad369b2,0xdB6f1920A889355780aF7570773609Bd8Cb1f498,58000000,1647418829
25997807,0xdB6f1920A889355780aF7570773609Bd8Cb1f498,0x5c32c72c80f71e6F2bC4ba68Cc0E9d51Ec10A883,35692308,1647418829
25997807,0xdB6f1920A889355780aF7570773609Bd8Cb1f498,0xf699efb730f4888e99C056e4A587db34a5608d13,22307692,1647418829
25997862,0x5c32c72c80f71e6F2bC4ba68Cc0E9d51Ec10A883,0xdB6f1920A889355780aF7570773609Bd8Cb1f498,172966327,1647418943
25997862,0xdB6f1920A889355780aF7570773609Bd8Cb1f498,0x0308fCE15F35765f7b3440eBf29a50AfCad369b2,172966327,1647418943
25998253,0x0308fCE15F35765f7b3440eBf29a50AfCad369b2,0xdB6f1920A889355780aF7570773609Bd8Cb1f498,100000,1647419749
25998253,0xdB6f1920A889355780aF7570773609Bd8Cb1f498,0xf699efb730f4888e99C056e4A587db34a5608d13,100000,1647419749
25998253,0x5c32c72c80f71e6F2bC4ba68Cc0E9d51Ec10A883,0xdB6f1920A889355780aF7570773609Bd8Cb1f498,12909243,1647419749
25998253,0xdB6f1920A889355780aF7570773609Bd8Cb1f498,0x0308fCE15F35765f7b3440eBf29a50AfCad369b2,12909243,1647419749
25998253,0xf699efb730f4888e99C056e4A587db34a5608d13,0x0308fCE15F35765f7b3440eBf29a50AfCad369b2,50089015,1647419749
25998372,0xf699efb730f4888e99C056e4A587db34a5608d13,0x0308fCE15F35765f7b3440eBf29a50AfCad369b2,150266980,1647419995
25998400,0xf699efb730f4888e99C056e4A587db34a5608d13,0x0308fCE15F35765f7b3440eBf29a50AfCad369b2,500889207,1647420055
25998423,0xf699efb730f4888e99C056e4A587db34a5608d13,0x0308fCE15F35765f7b3440eBf29a50AfCad369b2,1001775053,1647420101
25998469,0xf699efb730f4888e99C056e4A587db34a5608d13,0x0308fCE15F35765f7b3440eBf29a50AfCad369b2,2504418026,1647420209
25998495,0xf699efb730f4888e99C056e4A587db34a5608d13,0x0308fCE15F35765f7b3440eBf29a50AfCad369b2,500880243,1647420313
25998511,0xf699efb730f4888e99C056e4A587db34a5608d13,0x0308fCE15F35765f7b3440eBf29a50AfCad369b2,4949244784,1647420377
26468128,0xd6aaB0F9aE043D3651Ad2d31c0ecCA310a9C0BEE,0xf699efb730f4888e99C056e4A587db34a5608d13,9687388138,1648487708
