pool_address,token_address,label,num_mints,num_burns,num_swaps,tx_curve,num_transactions,n_unique_addresses,avg_cluster_coeff,avg_transaction_value,difference_token_pool
0xFE530931dA161232Ec76A7c3bEA7D36cF3811A0d,0x0d500B1d8E8eF31E21C99d1Db9A6444d3ADf1270,0,3,0,11,0.1980477928702817,1000,47,0.0,0.002396111303438207,39840588
0x98b9162161164De1ED182A0dFA08f5fBf0F733CA,0x53E0bca35eC356BD5ddDFebbD1Fc0fD03FaBad39,0,10,3,156,0.40229624123631497,1000,100,0.06885808629833362,0.00484067901210845,31178866
0x65c4b1bD1f30569198DdA7CC4cb438C4a90357F5,0xb33EaAd8d922B1083446DC23f610c2567fB5180f,0,20,2,11,0.2932019511256796,1000,120,0.07466157655225324,0.0035526590820837444,37956383
0xDe92E7fBe021344BA02D9225792d219d3A2dDd58,0xBbba073C31bF03b8ACf7c28EF0738DeCF3695683,0,5,0,26,0.6562424030742162,1000,207,0.10249027357541533,0.002084770571423457,3137370
0x56845fd95C766eCB0ab450fE2D105a19440a6E35,0xA1c57f48F0Deb89f569dFbE6E2B7f46D33606fD4,0,23,8,188,0.26914197600734907,1000,58,0.2893762942038804,0.0032317936181837574,40469115
0x5c1AEa576c22929e1B853d60b598A592e2756A12,0x45c32fA6DF82ead1e2EF74d17b76547EDdFaFF89,1,1,1,0,0.5398245056541704,1000,34,0.37398900119488354,0.003098008219837355,8872919
0x3C9bd4B60b51F8f402781DEF114151838a973858,0x5fe2B58c013d7601147DcdD68C143A77499f5531,0,2,1,1,0.8177971254348917,1000,262,0.047519033463484316,0.0038969669523060842,23951446
0xa9077cDB3D13F45B8B9d87C43E11bCe0e73d8631,0xD6DF932A45C0f255f85145f286eA0b292B21C90B,0,99,0,40,0.5178426049958674,1000,151,0.06888833431790507,0.006093309349088248,25275705
0xA8ba77A8aE1bFe564777dcc734894b74755dC2B1,0x6f7C932e7684666C9fd1d44527765433e01fF61d,0,7,2,43,0.46640449456632876,1000,53,0.035511937398729855,0.0031981204464493164,17078813
0x182244D5764e1bBC9177FbBED505Aab062955112,0x2e1AD108fF1D8C782fcBbB89AAd783aC49586756,1,2,0,1,0.9911840530807096,1000,212,0.179752893305927,0.005674076966446098,19951967
0x5cD1C9488F1CCC197Cf75eB340Db38D46ae523dB,0x50B728D8D964fd00C2d0AAD81718b71311feF68a,0,1,0,0,0.9185764306510441,1000,251,0.08267643100023157,0.002665583885964709,29443867
0xFfE74bBCf5606Dc9d092a2cEA85CdAb96Ec9dBaB,0x0621d647cecbFb64b79E44302c1933cB4f27054d,0,1,0,3,0.4882885987861736,1000,28,0.38421637885923593,0.008830039308812132,27561582
0x4D05f2A005e6F36633778416764E82d1D12E7fbb,0x172370d5Cd63279eFa6d502DAB29171933a610AF,0,6,1,90,0.8161434350333643,1000,256,0.0325529981459797,0.002643613627953578,21000482
0x495b3576e2f67fa870e14d0996433FbdB4015794,0x8505b9d2254A7Ae468c0E9dd10Ccea3A837aef5c,0,1,0,0,0.24004041427710454,1000,97,0.2335758001083158,0.004857166430791528,44007337
0xB46388F104FF88AAC68626a316AAF3A924f32055,0x0b3F868E0BE5597D5DB7fEB59E1CADBb0fdDa50a,1,1,1,16,0.9265466436264828,1000,143,0.10733450530830412,0.0015564295555320822,26334102
0xC6d687d26d2ba76c64Ffd5caaf0833bc630993CE,0xDA537104D6A5edd53c6fBba9A898708E465260b6,0,1,0,22,0.11418139910287467,1000,102,0.18547701469696354,0.06211901825153,40143267
0xaE6260c53bAF937a202B3e74Ef569F4fE90257e3,0xc26D47d5c33aC71AC5CF9F776D63Ba292a4F7842,0,1,0,0,0.27163767839650416,508,75,0.13042754736303125,0.18829433312663574,25557206
0x8AAaCfbC6b77c5fEb4af5E4ce746F4404E3e34b1,0xE0339c80fFDE91F3e20494Df88d4206D86024cdF,0,4,1,11,0.6108679949148357,1000,109,0.2372622351252917,0.012618450284843723,18917464
0x8f685bfBF8278e5C630DA812d54945543faB95ae,0xf8F9efC0db77d8881500bb06FF5D6ABc3070E695,1,2,2,0,0.26877108087383883,1000,190,0.019298722954674913,0.003342937026385534,15560335
0xDF237714cF90A732f60a56E7cFf303bCC94DbEF2,0x1C954E8fe737F99f68Fa1CCda3e51ebDB291948C,1,1,0,0,0.7261012371351317,1000,213,0.2691178980385407,0.002081196835751217,20905837
0x1E5Bd2Ab4C308396c06C182e1b7E7ba8b2935B83,0x61299774020dA444Af134c82fa83E3810b309991,0,2,0,82,0.968287506018623,1000,616,0.0021647413888793198,0.0029776826725110513,27631487
0xd5E24699B45fbd7f66fa31D8cAdF22a532fB16d3,0x0B220b82F3eA3B7F6d9A1D8ab58930C064A2b5Bf,1,1,1,0,0.3895686858344223,1000,34,0.22146807440925087,0.0016812695404753728,17631864
0xf7024fF3Cd59e1942B6DE1770b296162fe97E6A1,0xa3Fa99A148fA48D14Ed51d610c367C61876997F1,1,1,0,40,0.2525353422081403,1000,137,0.02409764380674285,0.002290672220956045,22407282
0x64b6cd3a85b5902A267e953C6ac1DBa376f0a999,0x9a71012B13CA4d3D0Cdc72A177DF3ef03b0E76A3,0,2,0,4,0.9100988899071918,1000,175,0.05597422650308163,0.002736872536707193,19241727
0xB45D091E37878A90b53af2A33FaF9997983Ef2fB,0xE111178A87A3BFf0c8d18DECBa5798827539Ae99,1,1,1,6,0.48183238373731746,1000,122,0.2905797613621933,0.011695920887299741,30772737
0x5F3799E894d7579BC69624B24F8f8B90E09c567E,0x385Eeac5cB85A38A9a07A70c73e0a3271CfB54A7,0,5,3,1,0.3553224060475414,1000,43,0.33756277352378583,0.0015856926689623665,30028951
0x68f7B7b20E95Fa4EE41B1E54D0A0429CB989BFa1,0xef938b6da8576a896f6E0321ef80996F4890f9c4,0,3,0,95,0.37347749841990874,1000,374,0.03743019730144159,0.00392776050210341,2266205
0x09ca5c64c749998BAE9dAd9f14D38d859FC41cAE,0x4e78011Ce80ee02d2c3e649Fb657E45898257815,0,1,0,34,,,,,,
0xEFa98Fdf168f372E5e9e9b910FcDfd65856f3986,0xE5417Af564e4bFDA1c483642db72007871397896,1,1,0,21,0.060891946809696736,1000,186,0.048032918914781425,0.0013098729007367227,4979684
0xa7D70EFDe39bbB8D4EBC68568869e5FAb590Cf2d,0x831753DD7087CaC61aB5644b308642cc1c33Dc13,0,2,0,9,0.9789570022089087,1000,118,0.008226160706016221,0.0010216457646594918,38230183
0x145fc396e8305516b10F960b6413454a87c815EB,0x580A84C73811E1839F75d86d75d88cCa0c241fF4,0,3,2,8,0.9801327084805204,1000,132,0.017679000437621127,0.0010145437708341811,20147390
0xBEb89416FE362d975Fe98099Bc463D475ef4CEc4,0x1631244689EC1fEcbDD22fb5916E920dFC9b8D30,0,1,0,3,0.9833142227460561,114,43,0.10622875016999864,0.021769678423485324,20734642
0xe49d83a4B336248ab2F6fbaE1A841e050968dEE9,0xc3cFFDAf8F3fdF07da6D5e3A89B8723D5E385ff8,0,1,1,0,0.29211467201224234,1000,140,0.1049491689388306,0.004794971148213081,36206029
0xF4BE3782A86A65E053EDDBBbF19A06E445B8dDf6,0xf50D05A1402d0adAfA880D36050736f9f6ee7dee,1,1,0,4,0.8852366407546991,5000,3167,0.005393948315317374,0.0004963858793495652,16260199
0x3202314B83Cd3585e8Eb7748A19600a19765D2d4,0xAB5F7a0e20b0d056Aed4Aa4528C78da45BE7308b,0,2,0,0,0.2225766537938643,1000,15,0.2380952380952381,0.0035746698567731454,12020462
0x304f436719c2FeDc33aCFa5D5f3DDe2A2FE7932e,0x91E7E32C710661C44ae44D10Aa86135d91C3Ed65,1,1,0,2,0.9737733638330579,12,8,0.20833333333333331,0.17946363339449314,90766
0xB1b38322578fF8bc501e22aD68B0e77DB3E0fB1a,0x8A953CfE442c5E8855cc6c61b1293FA648BAE472,0,6,2,78,0.02647622372318783,1000,288,0.05145631475397181,0.00428617671719442,20778139
0x5106741146ccE0b8D03c1a123A11a5aA75eb0C16,0x638Df98Ad8069a15569dA5a6b01181804c47e34c,1,3,2,1,0.6501332325257322,1000,289,0.047735750036584805,0.0036180987290378125,23804163
0xe1D42cBE853b8ba4513eA2Db9cb7df5750aF4285,0x71B821aa52a49F32EEd535fCA6Eb5aa130085978,0,1,2,0,0.1188041091815967,1000,141,0.13410097090877313,0.03308811859457517,45889612
0xbEe9e4Ea207F1c99Aa6f68Ca0076F91310457eC6,0xAF24765F631C8830B5528B57002241eE7eef1C14,0,1,0,0,0.3382473888633362,1000,137,0.07004169506776388,0.007913203301254985,25385830
0x816315301A07bB38425E67F8BcA01e956DBF5c8a,0xcE829A89d4A55a63418bcC43F00145adef0eDB8E,0,2,0,6,0.2630637856255946,1000,45,0.4312730104034451,0.004290084593361615,18187063
0xFCc58397eea7A076e5f3B854a8548c4666906F51,0x874e178A2f3f3F9d34db862453Cd756E7eAb0381,1,1,1,2,0.30621636133449387,1000,694,0.025279314055319163,0.0034252086463036503,19165346
0xA2efDFd5A8e971079757fE8C9BC47f256EDEFE36,0xA94880d3A4b39746E90Cdb57f8De3732c984DE14,0,1,0,1,0.5873891295648386,14,7,0.0,0.14477886602495602,4023264
0xA94CF8048cAB69aF1465d017f9f5725629aa6589,0x7c28F627eA3aEc8B882b51eb1935f66e5b875714,1,2,1,0,0.7490933536926107,1000,217,0.08144164341558122,0.0012306996423497045,27690675
0x8b33E6d8eaaf51524C40513DB58C49D9Bfe991f4,0xb5106A3277718eCaD2F20aB6b86Ce0Fee7A21F09,0,1,0,0,0.18258429255235797,58000,1469,0.14300739421677083,8.640424383221281e-05,11050042
0xB5CDB4e5f482BCe4F7891B57e6D0908D8DcDA8dE,0x0000000000004946c0e9F43F4Dee607b0eF1fA1c,0,1,0,1,0.995994768589446,2000,9,0.0,0.0005034702139965298,19465548
0x3B6Db602d616Dc57C3E3A7b5b56990EF530BA76e,0xC68e83a305b0FaD69E264A1769a0A070F190D2d6,0,1,0,0,0.288999909613169,1000,192,0.1292180424083127,0.004226300207841706,16673116
0xa058CC7AC9542853820E07AB175ddf4794AbC0ee,0xf28164A485B0B2C90639E47b0f377b4a438a16B1,0,1,0,0,0.03320796132404562,1000,649,0.00616334294337136,0.0012686090620122104,23488872
0xa6070102499F3a82E8E9e96f5fBE58863C5e7a04,0x340f412860dA7b7823df372a2b59Ff78b7ae6abc,0,1,0,0,0.9959918932422793,5,5,0.0,0.20020161473239173,1766
0x1Fc51C4864Ee06C2Ef9BFd939BBE39d90564e055,0xfe712251173A2cd5F5bE2B46Bb528328EA3565E1,0,1,0,24,0.7181945474555027,1000,171,0.10457135783108,0.002656996209072609,18416566
0x798Cee4feFc804abf0224e485af03Fd0C235Daf9,0x3Ad707dA309f3845cd602059901E39C4dcd66473,0,4,2,21,0.35308693878020486,1000,165,0.054378391835433644,0.0027939208431247697,7503085
0x3A241208967C310CEAeEd20560af51A031F3BabB,0x1a13F4Ca1d028320A707D99520AbFefca3998b7F,1,1,1,0,0.38475871824091434,1000,146,0.0,0.0026548304108337463,23407698
0x108FdC5Bc0289104d933ab6974eF197629d81a2D,0x4FAfad147c8Cd0e52f83830484d164e960BdC6C3,0,12,0,2,0.8105724577208565,20,7,0.0,0.055498408360475274,116525
0x629193DAD00F63e9dEf85E052EE7E21b47A9BcFa,0x235737dBb56e8517391473f7c964DB31fA6ef280,0,5,1,3,0.8377191748442084,1000,702,0.008404558404558405,0.0011553265675018787,1961224
0xe7F8E0281D9c0E11bb396Cd105DDf58555b737D2,0x23D29D30e35C5e8D321e1dc9A8a61BFD846D4C5C,1,1,0,0,0.47466802583003376,1000,60,0.4729856064352631,0.0031296712538088937,31778642
0x342D91CA9d88Ba0A2121D3C16c211891b32C2bf9,0x53f8036e43b2EF39cFCD0C5f26C1257a85D5A3B2,0,1,0,4,0.45770723779981876,21,13,0.0,0.11174923439915452,20600856
0xc51c78C201A9b9718EA6D54c0f66212510aBAbE4,0xdf9B4b57865B403e08c85568442f95c26b7896b0,0,1,1,69,0.044845157124647,1000,278,0.12780544187558712,0.001103940863593059,6630107
0xFa77F3Cf50DFDa0463a3CE620773d7E79171268e,0xEB1112Ac78D537853150E2a07E8b765E29d3F019,0,1,0,2,0.8182504435046194,17,13,0.0,0.06526313792163356,95569
0x2C544cAE7B8c4bD4EaE77d2Efce6Cb5D5495D9f5,0x85955046DF4668e1DD369D2DE9f3AEB98DD2A369,0,3,0,1,0.2789255147580433,1000,22,0.3409090909090909,0.006329856290962956,30138227
0xc18DeefFF4E47D89f72fA390E1292c5BEE3a65e9,0xD86b5923F3AD7b585eD81B448170ae026c65ae9a,1,1,0,3,0.9888044526354299,1000,267,0.013733172869719566,0.0022184741396654895,19206613
0xbCe7dc8A9cF4078A7040fD231ac29A9ed05B4447,0xf287D97B6345bad3D88856b26Fb7c0ab3F2C7976,0,2,0,0,0.9940370235524754,10,5,0.0,0.39904309007341915,702
0x069dA1d6B36a89908E57350E5a2e11CBc4061337,0x13B52B16be647C4713a181aB50dD3F34B4ca7ecD,1,4,1,1,0.9285060637326428,11,9,0.0,0.17866161623405408,9329
0xcAd4a66b5F654aE7A60Ee41B5cf0792f9b9Ca2dE,0x242a9165e37bcb51Ca16Cd6B40299AB7E3E34dC8,1,1,0,0,0.3786748851246058,13,9,0.2592592592592593,0.15636325325743256,253808
0xf87345A6616d07040eD03a798a56dd30bc5e6aee,0x39D8cc67c8E57AD6ccBA36B9EEA23F5EDD6bF4D9,1,3,1,2,0.999796751464542,8,4,0.5833333333333333,0.12503000616549756,117748
0x876D546E561ab84762aCa27f94196bAa3D36101b,0x2Ab4f9aC80F33071211729e45Cfc346C1f8446d5,1,1,1,0,0.6177184168339356,1000,134,0.033106146843883716,0.0034156135412882842,18602721
0x37e1929aA6d6818c3AbB8bE5816008085dc0Ed43,0x86C689003A7C337e35c0cd07d09344D4045238d4,1,1,0,2,,,,,,
0xC06BA8F3Dc2F392636A1C7C84E559D609b9fa9AF,0xcECf60B95109Cb4C897b22877612228f0C76E52c,1,1,0,2,0.16405105317576252,535,29,0.35796814747119005,0.013249691645480944,275256
0x77A0Aa41dEd749Db3Ea741d1021043B749b7C782,0xE01A6eEF5A3655d00bb69d68f9F09A90cfE1cd22,1,1,0,2,0.7642623381939495,4,3,0.0,0.2842745808111125,1314
0x7289191d564d24119126761583e21eEa26103D3F,0x039795Cc4221d5d7F3D15a1f9F8e696916E9fF10,1,4,0,4,0.23807277393403728,80,21,0.1834673263244692,0.0749155900749626,36193
0x705bbc0299AB5dF484BACcC026f0e27984AE9783,0xd92fBED627af1C9Ac28ac92B9A802C83B32331a7,1,1,1,1,0.9999917486062597,9,8,0.17916666666666667,0.11111250742671513,7670854
0x4113d32Cb8c5D723257dCB7a0524A5fc0DCA8c5F,0xC98d408C2F5eF4078CE106f4785CB560a71857d3,1,2,0,1,0.9999133161549982,4,4,0.0,0.25001276918626775,8124062
0xB9616E29B8816bCAd8EeD90f2F374507F167A167,0x9374b8A848435637e9eBC2aC88904Ff829C4037f,1,1,0,1,0.536007871749043,1000,801,0.006801562981338261,0.005623360031236333,20409102
0x843a6b9415a1915CA3f72a4540007Fc9aBaC2a90,0x4868660cAB3D4f85B5B7c03B26D21990f16AC569,1,3,3,0,1.0,6,5,0.4333333333333334,0.33333383333333333,94789
0x9b3207F21F813a4877c46A4125ff1651fBB71121,0x0e7252706393470FfB0629DA2CAa39Fc9340F2d4,1,1,0,60,0.26314759032510715,194,74,0.0,0.008586805330197435,586487
0x5863c070b9c121366957142c01470d34ce396429,0xf78E36727A994C5BDF267367CBf8C19A5D721253,1,1,0,0,0.41904965916896914,31,13,0.45170940170940166,0.17986468687959214,119519
0x23564bb56F6A38428c140e44D52ef8CD3e7d53fd,0xF53CCa8e3cE0cD439fA871D0Abc71739727fAC2C,1,1,2,1,0.9900404475525869,8,7,0.21428571428571427,0.12500067557526096,80898
0x2dCd05b8957C749992648F467009A4Ae8638C389,0x7BbAa6c091A8c9EE1f8331f06b6967130aaFccE6,1,3,1,1,0.9999999999999996,7,4,0.5833333333333333,0.5718911833170471,627821
0x6cFfb9697DCE50A0cce910B6d982E89b7956324F,0xC53D1585cC44C109Bf9f2268a65341cd79d1F279,1,1,1,0,1.0,1,2,0.0,1.0,4987718
0x65A5e4b711A3D2e4DcDB935D65accDde3AFe3A0f,0xf0Eaa8C86968A2C2C8e5e4a3CEd110325B47CB6d,1,1,1,0,1.0,4,4,0.5833333333333333,0.2501522230803403,1222
0xeaE9827273ed2BEC6d37f045f58D002e994db63a,0x1e4b251C9939C332BBEc0B54f48F3a455643aA8E,1,1,0,1,0.5011712886834692,3,3,0.0,0.5289703404686726,215103
0xAc88fFC1539A9b49c2b4B12E3DB518cbB9f8504b,0x523FACF0EE7cF56Da1257822d008B1718555aA84,1,1,1,4,0.9999999740431165,14,13,0.0,0.07142857277864602,693028
0x89A985f19E6D7D0b4F5779910e0D9671A1caed05,0x36763d262243Ca67186487ADD95256F5892a6Fd0,1,1,0,0,0.384486669483458,94,24,0.2492724867724868,0.08468376152380841,2909090
0xAEE8C677Db5297B4567A7e9234E2421fE4f60CFa,0x596Bea53B334e3b13d992caE1AC7202dd0F03f6c,1,1,0,0,0.5924506149010225,4,3,0.0,0.42875017875,84117
0x9013AFc5a15a87B8A23d56DaAB2BF2Aa163AAda7,0x31BBf2AFEe1F8D1e3C2e0D9C20Ed20E10ec8001c,1,1,0,0,0.04603922043444479,673,129,0.08411657022428136,0.002824372787186108,6999423
0x92071E385cd49fA5aA7b9FDfE76a082621004FB0,0x951806a2581c22C478aC613a675e6c898E2aBe21,1,2,1,0,0.999999865666117,287,48,0.44329085664611984,0.0034843210237167307,923281
0xFA763B272b486d8091604867Ac1b0E40579f46F4,0x9ED08052Db07188Fcf803915f5Bce958BBe2e4AC,1,1,1,0,1.0,1,2,0.0,1.0,1096
0x0df6b1e78B030D52BDbd0bB30c056479BC20711e,0xECD3c4f21DcEebC8F308aF7c3A7f1A4265BB52E9,1,1,1,0,0.9875921697366948,276,152,0.015350877192982454,0.0072689886446237785,1456765
0x869EDc667D8EC693E446285e3f81232248EbCB50,0x29B76FD32318666a3dc0DC0f369062fe7a4dE0a9,1,1,0,4,0.5560015573044316,6,4,0.0,0.38877761134014127,1296
0x9c66e124Aea7fbeE2e8079f0a5297Cb7A22af414,0xaffF044a3b34125e166B0324294A874090ccD643,1,2,4,1,1.0,10,4,0.5833333333333333,0.10035607755699094,100
0xD1a0dBE58ae1805ea89a1108A9a767Ac6cFA8d60,0x7C035eFc875cA855783D15B02D60DCB29f764952,1,1,2,2,0.9996094227555513,28,13,0.40512820512820513,0.03578447927548663,275475
0x5bC6C8a375Abd8c6428676bBFe10CBFf03efA149,0xb86c63FaE7FC28568f3f7887574B370F751C37ca,1,1,1,0,0.04167790036254227,210,49,0.5057743238557669,0.015510498606469884,20957272
0xACa8009167B6C197B34b3584D120E013E2711419,0x40F57dF4AEcE26C4975f48424a42403C5e7FF8EB,1,1,0,0,0.9277645421752835,17,12,0.19814814814814816,0.1155247512488918,793229
0xbE34c8652463C67e3FFfDF20f0f63978c005b8F0,0x39310a90e4F23B5fD0a0749469a851DdF96544f0,1,2,2,0,0.49310563932026086,1000,119,0.3764221189396919,0.00300845254353486,469085
0x695a0EfDF3e843AbF58762F7b5ce2873Af83F3c6,0x4f19b19dc5c59bCBAa17CfBe149Dbb5BBB6770AD,1,1,1,1,0.9609916005275307,3,3,0.0,0.3400329715210053,3031
0x36b92B471D0133B14aC5765b9512ceFa0728454A,0xab3a9eA136dbBFBC1911fe73DdaC4dA7425a9c9f,1,1,0,3,0.2910871515037979,38,8,0.65,0.04695794799274346,497
0x74F2297CAD95112B60218d00bC4f67f7aE5Bce2c,0x24834BBEc7E39ef42f4a75EAF8E5B6486d3F0e57,1,4,1,35,0.7947815325953127,1000,208,0.009615641422836552,0.0029852395189048932,25682250
0xC360df1CDf0F391E08e27081Fc253aC539619c59,0xD6FAce46C3F9b5Ad0158810989F9397cFCd310f6,1,2,1,0,0.9999999821428573,5,4,0.5833333333333333,0.20000000189285713,136588
0xb21902e5D10D863BDDA8CB4A17aF00eD89dB6B31,0x4F4aE19018DCFacac87A79E2291b03bD08824B91,1,1,1,3,0.03222687227920456,7000,360,0.017105351362317306,0.00019919566825469764,1923303
0x7C169Eadb6A1abade56a20724eA6F03648FA1C4D,0x94788309D420ad9f9f16d79fC13Ab74de83f85F7,1,1,1,1,0.5065901096270671,1000,703,0.046214463997855365,0.0033085873990000127,1959972
0x6aAE5bc79e52Fc86782a7960bA1EDF28a96fC972,0x5f55d8225f03de41c7658a09E48781D2B21D052c,1,1,1,1,1.0,9,5,0.6,0.44432670407194247,418
0x9d983D9675Ee78e2f4688f266A8E21817bB7f6d8,0xA9cA51b6999dBD2554ce66A7333405D86F045789,1,1,1,0,0.299353314744216,16,12,0.1722222222222222,0.16902906106675092,2166
0x6E41D4B08Cb95864678a54AFc699F1b928933684,0x320b10972a0807FBd6743daEF2d6994737292640,1,3,1,1,0.9993330908536605,180,150,0.01333393796481045,0.008057422843890074,46130
0xfC4E0938999b43AcCd524B4007759953571dBebB,0x1e289178612F5B6d32f692E312DcF783c74b2162,1,1,0,0,0.18994859324192198,1000,190,0.05135626825681441,0.010708235783486465,22657962
0x24D8621efe7444c19E0756519Bd0BFC3Da3C0422,0x3a879931d80d6B1221F5f1887BAC929dA2c699F2,1,2,0,1,0.1360391370578076,1000,36,0.6031957289576643,0.02305759405994917,4743195
0xd0bE632C12dFD7eaB5A1413D887c7b795df8f110,0x74Db09d2cEFa44cf70288c610E6e63b499EDe53e,1,3,0,2,0.2905313271838239,596,67,0.5292235761507051,0.013363669183002583,2819162
0x3d20FB83BC498f149c0F1f58c0bfE9527ECdD8aa,0x792477318103446FD57d339d66e9273318dbeF5D,1,1,0,1,0.42814020991237417,74,10,0.46785714285714286,0.021523603306994862,1730091
0x13cBAF8dD5E00cd41946A448608A98dc4aac6201,0x4A1E0325f443BfD6cB67d3c2D2f313a7b64F7F9a,1,1,1,0,1.0000000000000004,7,5,0.6,0.14714285678571465,1311434
0xf88ED75d4379e61bFBCEa149734FecB18a145C07,0xCFb697EBc076b5d11B4F12c6f324DA0db550369f,1,1,1,0,1.0,4,4,0.5833333333333333,1.0,3622
0xF95aB46EC5c9FEC3E40E8255Ec7490095a8011Ff,0xd93f7E271cB87c23AaA73edC008A79646d1F9912,1,6,0,58,0.8537488868302805,1000,281,0.4429833060465586,0.004012706889895395,12375262
0xFe771f6891E0B6962dA4C6FF60001f8bF9DE834a,0xa3072a7AbCcAd6Db5f5dE0F881901764CDDdC39C,1,3,0,1,0.3033794032007757,23,14,0.07817460317460319,0.07568337809189157,59682
0xd623bC98be132274217DDAC0eDAD815C81D2BC6e,0x38F93f1e22Fb2342967B799C3Ef8D36889445995,1,1,0,2,0.49999840493523184,10,6,0.36111111111111116,0.25000020950698576,3241
0x8d074C3F6c2c01B45132305b42e1cD04A206E7E4,0xa3C55c93DE35ebd6d0112eE0d193479C1550567D,1,1,1,0,1.0,4,4,0.5833333333333333,0.250000000086505,184394
0xeDA816EfBb09fD7951D03e0b94Af7b745b6a15fD,0x8C2b597c4B757b9d06A292daF29B27FC966A9A8b,1,5,0,19,0.00015192816637433563,57,10,0.0,0.0348752093223743,902
0x497C8F6CcbEB8b2e88D679116976a396fe6C46f5,0x178730E93ddE5F2521055cC9CE1585B7E61FD77E,1,1,1,8,0.5093198848122396,31,10,0.38095238095238093,0.08378819113275783,348
0x32212eE4dED66716DeB7bBFf43C8e4260A2D3e5d,0xd71951630e7afb497ee6F9d9B4510a8614869A59,1,2,0,0,0.9697980984425871,4,4,0.0,0.5038340370552404,63644
0x363D991414630f8c0d0FC80b26Cfd459d0B7A39d,0x1d1c8355aC0127C05d19952941D29055b25587c6,1,1,1,23,1.0,27,5,0.3333333333333333,0.1171820978274045,740
0x2F046cFa05b54d726E9dC3572aE1C17740b4C653,0xa85978FB39f15A039200D79d13e97EFfffD0d994,1,5,0,18,0.7401538640445277,115,6,0.4777777777777778,0.0346082344972691,166543
0x45EF58863c0254728A21c62E921EFF12cF1ff98b,0x6b7a87899490EcE95443e979cA9485CBE7E71522,1,1,1,1,0.6619464531978699,1000,155,0.10213673571253329,0.010000364976398897,17966956
0x1319F0E0680d2520bcB2C6ba5D5d9c29A5096857,0x6a2211bc58285A216594f7A6870B82f48426513e,1,1,1,1,1.0,5,4,0.5833333333333333,0.20023997087900622,894
0xD6D9fA0fc5BFcaC41d4c9B48E0c2E7343ee3EE77,0x08B74C57bb9b1f4f8b6d126124e5b72daa056573,1,1,1,5,0.6800009516818746,24,8,0.5291666666666666,16.633633180960917,1696
0x65A39228fbbE2AF50E04536232301B9c9da6BEB8,0xB71d7b0d5DA1e59565a76230c6B19F950b659FaB,1,1,1,0,0.9999800002000001,4,4,0.0,0.25500249999999997,128802
0x15Dc4AD97E4341456658780BF58E4ee264F8dc8f,0x00d9B589fC7518256bB504168f92116e8454eE15,1,2,0,10,,,,,,
0x70F3209da6BE11c1E752a4A92229C31CEb1da033,0xaCd4E2d936Be9B16c01848A3742A34B3D5A5bDfa,1,1,1,4,0.14615849709230294,1000,25,0.05658119658119658,0.0034746196781065405,9674752
0xb7D425B8EE7c6b39C859E5328F59c3CE6143b84c,0x83973e473C6eC227d3e9C63d25E73F62F5594890,1,1,1,0,0.032764098501374524,1000,196,0.006803027462110768,0.001615212321211504,2177487
0x820E666F7b947995D87Ac17f11e14dC44b4B448C,0x7f7AA690330Fa80989aF34BF7b49dBe996C11F8D,1,1,0,1,0.9801980410452333,3,4,0.0,0.3366996421270738,4540
0x906D1d267E0f481fF18bD3b8BB7F39b79EB0AcfD,0xab7589dE4C581Db0fb265e25a8e7809D84cCd7E8,1,3,0,3,0.2748234679616866,3000,1541,0.04889470679099602,0.0010214840994501107,19131528
0xb0B72fc1A9912791C9de10c4F6A71DcCA9092bc5,0x9c8919d6E97Be2B8B823FFfB699ef1cb3422C77F,1,1,0,0,0.018652490972323205,1000,397,0.0045343699358983474,0.0011352159985763136,3671783
0x3f69996126c7f48F0a58d400FA743D468c524e72,0x2e4b0Fb46a46C90CB410FE676f24E466753B469f,1,2,1,8,0.25111861494137716,1000,141,0.029960623104677,0.0024654742583853097,25469016
0xEe6Ea61182DC5514d638Fc1fa1939Aa8a662C076,0x657F5b47C97b7475fe5EF683958942Ab0Fd79a1A,1,1,0,0,,,,,,
0xAe74cAfb630cf3Eb97D89B481c5A5F80c871eE4f,0xf15FD426C7f49BCD08141Fe765411efe5491Fa09,1,2,2,0,0.8182148268260002,17,8,0.39285714285714285,0.09436041176470589,6695446
0x6554555b5AFb5b49d4d09769132f4Cc4E5Ff80e9,0x8A4001fD666BE272605c56BB956d11A46200Db81,1,1,0,3,0.3292053670777023,1000,25,0.39122305764411025,0.0019293487858745414,23763398
0x9b963Df2B32fad1b530749fd8ee306b492aed041,0xC56857B9795F449FE3FcF1FFFa9FB0f1337a06E1,1,1,1,0,0.44244939020048707,107,94,0.023049645390070924,0.00992417411648275,67545
0x7A10Cb1B04CF3102623246c74Ec304fE26d70Cb5,0x09AD1FA2Ee407f94fAf375326Fef4aC60039B0d0,1,1,2,1,0.9900256759249756,8,7,0.21428571428571427,0.12500169785951884,1559
0xcf470d2B0d3f458eF24EEA357B655DDf936BC84B,0xd864C4558d5BCFc6941cce962032ED59AB85EFC8,1,4,0,2,0.2096224398460607,1000,30,0.6560124211300681,0.01152329155948465,6574663
0x3e12F2a76b3C2a26293567ba02BAb7a79a0a3B81,0x0011734931a9b801cE57277D5148069EF0b4A900,1,2,3,2,0.9999979103077109,55,17,0.2764490411549235,0.018181851543382276,56470
0x8C5C44Ba6250c2Da526FAA1C7605e39F507724A1,0xA99ebcF2127A58CB23d8659624926cC2280eaC8C,1,1,0,1,0.9483763177355955,3,3,0.0,0.34217163066223166,13544
0x46121721A66fE0b9f46BaBc771aDB6F8D566B0A2,0x3803909823CEd876646A3a3076C23fe9Da8A0Dd6,1,2,1,2,0.6624499999999999,9,5,0.6,0.2535043845209674,430542
0x5578aeCE5605C576E31113a75CF2FC32BA1AbA6E,0x5431390F6a98ae2Baa92c3da0690272E1554a50e,1,2,1,0,0.7255802296611493,11,7,0.2952380952380952,0.16931673490909094,635763
0x60910706577BF1B236347F2a3834FA003c9473c7,0xB0aaF7a1DB235315537Bc65E0280695be80fb816,1,1,1,0,1.0,4,4,0.5833333333333333,0.325,750
0x5df14Cb964aaDeF61C271b24e9703CF7eB8f3ea4,0x2de8902CB7a246062b9409C2383e3fb3894F49e4,1,1,5,12,0.9917061587807737,46,15,0.1365079365079365,0.15068727860280706,96803
0xf414Ff96561D116bEdD5cA97B25Bf171eA02210E,0xDe3ab3a48D91E7E5880De208d3C7d23a59Fb8759,1,1,1,0,0.9978056154653814,32,15,0.21037037037037037,0.03155198655773075,197759
0x5Fd1A8CbBca5eF7E69964b338Bdaf87209Bdf8eB,0xD86B8EcC9cc22dD8909d1253664A36160d3b5173,1,1,0,0,0.616855451997384,10,11,0.0,0.18181278112535004,202288
0x52c27b0A548b39754953690F1eCa54433feD548F,0x9cd6746665D9557e1B9a775819625711d0693439,1,2,2,0,0.6962352438225804,1000,64,0.21173654626091198,0.006414004714669025,10112001
0x7E648F21fc1F75013EC6DC2387417AB42A284462,0xFA84f4eCB2A1bddBB5013681be785ce607c92bE6,1,5,0,3,0.9998982953515804,10,4,0.0,0.10000508548676838,4140
0x1e9c20657994dCb6097b9A0a03d4661E2139Eb89,0x69d5F01C72aA7343819b843B62DeFd44b52ec7e9,1,1,0,0,0.9999959686495943,3,3,0.0,0.6666659947735781,820
0xc6F0C857A0db9b6e8CA45B7fE579618aAae149d4,0x9aCb7988A3409ad1B5430972c9c5077A3c76A26E,1,1,0,1,0.9476673728974498,4,5,0.0,0.2567004727014454,108317
0xea2464F45059a11a5311ceE001885a589FED7DaC,0xe977b9DE318b809a29D09030aa49Bee66b2E098A,1,2,1,1,0.999999981175995,6,5,0.3333333333333333,0.1666667845208362,479
0x0126945E80dBFE5Df0a11F2360F9a9A961Ab792a,0x622703d6517BdeDF1FA5d076D30dcbB00ee18d5C,1,2,0,4,0.8228281506690022,882,44,0.24732905982905987,0.007031269231860571,1856236
0x5470c35DfCb9c379613aC4E7bEDf071F9ae48CF0,0xee67A5bF49d7D28b3DA7fEc7c2F2FE690E25EB9b,1,4,2,1,0.21438282160029437,1000,33,0.626112667289138,0.036107441292697245,6225001
0xce4997AC7B906610983e8d2129D5372933E5D474,0x1a66c0261aE29eCcc362AB6C8Ef8602EC6cB75f1,1,1,0,0,0.43824925000298803,10,6,0.35000000000000003,0.27984031936127746,97865
0x699d3738508e8a126C6Da7821d767A3c51b12769,0x180cFBE9843d79BcAFcbcDF23590247793DFc95B,1,1,1,0,0.45063713563591346,1000,192,0.05177507322725491,0.0016620070983487095,6576268
0x91365F6D640e18f58B9f90382c522c74E4434277,0xE1f1Dae426F48BD279434D53b1F909b4A31B2D25,1,1,0,2,0.7460842494882363,6,6,0.0,0.17030106627356728,2764
0x1c5902690d1e6A6Bb249657F3Bd047e888bEbF9C,0xe5894032CD37fc64BAd4656314Bf74E66775e17e,1,2,1,0,0.6932358288451206,1000,250,0.057150337721633804,0.0022658027454734784,10816781
0x03B32904bc91DF49938ed67f2D5E613123FC0351,0x31f051E58c8b5061880478aEA460DBCeb3B99d15,1,1,1,0,0.9980020000000001,5,5,0.4333333333333334,0.2013022154841143,1040
0x27a699Cf20632e1a6f8Fa538Ab3E9E33380F0eD7,0x6b52c5A1809369017476cd4fab8c3cF35B52De9b,1,1,1,0,0.8692721250019843,10,6,0.36111111111111116,0.3024846203638138,3248
0x718906ccB7052a04B2b37FF7e4ED46567bDa93cf,0x73381dFd4c994Ba4f5C68622EbD4EDaa0e056B43,1,6,2,2,0.2232413236893868,1000,31,0.5702417809228955,0.025542131821859142,6311970
0x20D94f590fc7eEB8cddd4868374Ac87A8606311F,0xe82808eaA78339b06a691fd92E1Be79671cAd8D3,1,1,0,0,0.20404228348454986,1000,64,0.3167143038617886,0.002267705846442487,22753329
0x8058937700c6aa8490201b81F697d3d477Cd35a7,0xE6469Ba6D2fD6130788E0eA9C0a0515900563b59,1,1,1,0,0.487469713166719,1000,240,0.3031338201835191,0.002350198451810183,11316106
0xe9471269adCD0CEBa8cCA5787896Dbe6cbE22491,0x3c44e4D517Af70C6B2E8e07067Ed965785e8C17B,1,3,2,1,0.34815085178171407,1000,32,0.571616608473226,0.020724063665180283,6314773
0x7c9669073faAe62193fD6F7fEe92313f1cc461DA,0xb763F1177E9B2Fb66FBe0d50372E3e2575c043e5,1,2,2,4,0.9128812695588832,1000,978,0.0,0.0020637006290578235,354818
0x3902B7003E5360bE05AA9D626d3f06F3B1a7b513,0x8765f05ADce126d70bcdF1b0a48Db573316662eB,1,1,1,0,0.5980041861745566,1000,140,0.07634307940982743,0.017598768011259886,17313286
0x25bFFB52cEd5141A79b18f4757b6AEAb33e4f63F,0x412f2f9Fec80E75103f7D57B2eD03305D7F692be,1,3,15,14,0.9936517290744181,93,9,0.4444444444444444,0.02442245184159915,666
0x8C5aC3c21E1BC030cd408331f074452E9a3c0315,0x06176Ae811D20c404B729dCD48E839b70ba3acFA,1,1,0,0,0.9776357630843969,58,26,0.19685771744595273,0.01788920196412968,25028
0x1d175499FCfa8B2350C134C7d8f0a84555BCD65F,0xe7228Aff87A593992B842Ad064b78AF0Cf58218C,1,1,0,0,0.9999996114654118,151,149,0.013423435762841324,0.0066622463378464844,1605949
0x9781b8b63F097231174a83513170d2578DF8F861,0x569222e1B879f047d45C471a20819d96c954D501,1,1,0,3,0.9900479086107934,14,9,0.23333333333333334,0.0714286743123815,25463
0x172D776EF88831a1af1f6d96D70FF99efe1535A5,0xCF5FE8EbeE5B7A07aaC298A3A6165A402b4dbc03,1,1,1,1,0.9999999999999996,5,4,0.5833333333333333,0.2000152407157835,499962
0x2Bf57AD184e53429Db00052999b45E0585E75799,0x80D55041E3954405664694899fF9F202c13C0e1c,1,1,0,0,0.3281041726051686,1000,947,0.002182330165434706,0.001002372594214377,1303280
0xC84cA696997945BBa6334a990C067bdf1391072C,0xe9fc80DbA58DA01e8c57282b26F76610a6F6891E,1,1,1,0,0.7951165722615807,20,10,0.32999999999999996,0.1090501852608522,1595749
0xF9326ca6ee09Ad42c47fFAc3A9BEcfA2D4E68294,0xB85517b87BF64942adf3A0B9E4c71E4Bc5Caa4e5,1,1,0,4,0.7629349960638226,1000,192,0.1499266055323353,0.004878808920689491,9410879
0xfa2D5d137363acCcFF191f7B736a832663F76c0a,0x1a5bA2422Fcfc465Cb09b05dD73C0Cd4a51e90f7,1,1,1,0,0.9999999980018048,6,6,0.36111111111111116,0.8333333334998496,382
0x1c8932d8Adb8Ff082BDfb54519229cA680132511,0xCa03DC1DAefBC9d7238A356965a7D921492e40B5,1,1,1,1,1.0,5,4,0.5833333333333333,0.3200002476091447,622
0xe0f01C38E3074999231800C83F36D00aa0f24bF9,0x89e92bc6aF98e52570c5dD6C58bA0F149CDbd9e9,1,2,4,1,1.0,9,4,0.5833333333333333,0.11111111111111117,1339
0x050b430498268F316665f4844bdcBe0e1868af68,0xbf31ea17F1C89a461471b07A6295c54BBF878C55,1,1,1,1,,,,,,
0xFa7cB6Ad725C693551a6baD79a2517C00FcF15bB,0xA9155Cd871501047dB745dd0bFF615FbE2d23B1f,1,1,5,7,0.9999961871814586,32,11,0.13636363636363635,0.03125013052919194,258279
0x786700aC4d50124e940a69d038B4DC2a90eC4cC9,0x371b97c779E8C5197426215225dE0eEac7dD13AF,1,5,0,17,0.28689093785843817,1000,18,0.0,0.0011091954022988506,40327410
0x6573056F0CEE349d4eCf1a288Fb0eA031c84C48f,0xFcAE8a8C63E4068c7d1256C3D9750038e1882Fc6,1,2,0,2,0.9615532025881216,5,4,0.0,0.20392180406961685,1202547
0x9F349a7693ED115640F3B797D478f205dE77366e,0x5f73b2fCe09Ce85b8bFF75B15F6c75527C316E15,1,1,1,32,1.0,37,5,0.4333333333333334,0.1922241077167982,150
0x2b211dE48777e32347A3096A4687890B5d41C71E,0xcC6A7AB08293042eCcCc0401A85B7FcbF530F751,1,2,0,2,0.9978219810323761,5,3,0.0,0.20022196039689497,986
0x745f668599332Bc8a88C46cC35fFd979d7358696,0x406FA117Bf7535c16C0E03422dE8A1E8B9F6AAd6,1,1,1,19,0.43363337517858236,28,12,0.22685185185185186,0.12280928628430875,342
0x6c52350B38EC9a55dbb31d7b3132012100a96DAe,0xD277Fe46423d31367dAcd1934ADAA5f39dC5dea1,1,3,3,4,0.6151860544318133,15,7,0.5285714285714286,0.08183742397090096,53122
0x73820eaB2BBffE80276872BA226E5fc181bC3394,0xaED00eFB3E901a10Ef8235C67707240Dc2eBCA5B,1,1,1,0,0.9900500000000001,7,6,0.36111111111111116,0.34500000000000003,42588
0x1b23cD9E01e69316768B5dE3493dCB3555DCad89,0xd26b1a1aF31104e485A0be08325B332Eb1254ca9,1,2,1,0,,,,,,
0xE1323693D889cd54b57f4812156E833427B3faf3,0x248e2c2A41F5e5b234705002b27bb86CF23dbE67,1,1,0,1,0.12022865256776617,15,15,0.0,0.12395939991279181,338506
0x9184e991584b32627FF427daa5A693994cfe98b3,0x9eaCD3bFCBE09b05D8CeCc5a28826BE58EC77121,1,4,2,9,0.3332751023718381,44,12,0.3978174603174603,0.04461295721889879,4442
0x17Be923D486E3f678DE486b3E13100Ca24FDe515,0xE63e27b206930145aD5Ac01467A7D010d0F288bD,1,1,2,0,0.9975186142509935,3,3,0.0,0.33374741200828156,105803
0xE7E8928CE30ADE8f183E28BD9ab18E627D24c517,0xb0C22d8D350C67420f06F48936654f567C73E8C8,1,1,0,1,0.9849615395756781,2000,3,0.0,0.0005038273983431708,6409919
0x175f4EC9B23665385091e773b101e9C57e627D96,0xE79984F257446c7C319F55aFe287cBe998528c50,1,4,3,3,0.8471896718455234,49,24,0.167027417027417,0.022122052439125656,3274
0xA85ad6881cB881E0a63F9dbA06503B4d8c2462d7,0x0F8fB75E60561278adb578CB4923B2920835aC78,1,2,2,0,0.9999999999996001,5,5,0.4333333333333334,0.40000000000008007,512
0x0c76058cEFcde39b29e15aE43Fa3236b4c0dEd1E,0x506D6A9DE19655BE45d6559dE1A703F22fa4E5Ad,1,1,0,1,0.9999978681444214,101,13,0.3658119658119658,0.009901016671357865,6142375
0x6642dC83Fc5841CE33340d4a4Cf6B9272A68080E,0x82Cc4F8a33Fb5898662Fa22A3F5bbCdd89750D3C,1,1,1,0,0.999971548008678,9,8,0.42083333333333334,0.1292428633655605,3882
0x8D56BCa90649bee275c0db9aB0E96bbda78230ae,0x57B65164E8DfE2AFF006F2C306b900A7A395a11C,1,1,1,0,1.0,4,4,0.5833333333333333,1.0,1192
0x77499EC824626B6Afb8301553DEa65A2a857AB19,0x7cA6d2aC336A7077b5bb061de8C73af24C75347c,1,1,1,2,0.49900204739694476,6,4,0.0,0.35016666651818346,9422
0xF4fe6b528330b1bD1958a138460918C54fF92EF0,0x136ba5cCCBb711fE0de34D7b94091DBdcBA49d03,1,10,12,17,0.20422692298976103,198,33,0.31217587126678037,0.009920573254589669,533788
0x2BB04f9B67c339fF71757d2A355890B2e761DD5C,0xCd01216e7401eA4112BB505d8F0FEa245b84Dd38,1,1,1,0,0.9999135720665635,9,6,0.35000000000000003,0.26489964467492555,2096
0x036b91b7A75942e18E09585Dd065384fD7b88B8e,0x041dEE4Be8Dd8A5C2927444A533e30320ffF50D3,1,1,0,0,0.868610152185586,6,6,0.25,0.6717400363312633,1598
0xebd7c652362F392DC907C43402f0dE01b2AD8B7A,0x980111ae1B84E50222C8843e3A7a038F36Fecd2b,1,1,0,3,0.9885528556901473,1000,215,0.1613732383831636,0.0020207882788668965,2577891
0xB0e10B81f0e420eF7E3938ae224Cf2D29E3EE80f,0x867A670dAB59596efe84e2839d54bB6AbcAB585d,1,1,2,1,,,,,,
0x8ee229E9BceC25e296D3f3A07Bc36F3Ae39aCedC,0xB382C1cfA622795a534e5bd56Fac93d59BAc8B0D,1,1,0,1,0.4043103280729522,1000,150,0.0704578440706654,0.0033144888163786435,19397945
0x63a8B34e9A7c7Fc7424d07E36f3e199FFC1A581A,0x90319C91742861706Aed90b50d02Aac22C0223f7,1,1,1,0,0.9802,5,5,0.4333333333333334,0.20260000000000003,6495
0xdDa3a7C49B9e20499B74e7a4BBBA3F448c930507,0x002AE2eF2e9FB66b5C6A1628fF55F2164a611998,1,1,1,1,0.9999799502005012,7,6,0.35000000000000003,0.14285938220910938,6818
0x96Ec404f7fF2DF50A4b22C39E2C98457a6945699,0xab49Eb626d9bef5593d83465b1382890C0fFad9F,1,1,1,1,0.9980255118142896,17,12,0.26626984126984127,0.058883994104793565,52104
0x945Dff32b02444A69b1f9D336F01cC0ac6075a87,0x8051568bC88D01160d4Bb367a2C8eA0138D0c2d9,1,1,0,1,0.999832126276945,235,226,0.00484267453294002,0.004255694155035839,53421
0x5cFedA185075cfCac6C28BA29CEb85Ddb0288854,0xce9aD3195F60C4D397c1502e8ED4e37019079725,1,1,0,0,0.9999986000009802,2,3,0.0,0.50000035,62734
0xC589AdAb2498E768b3DFf16C3043C3EA5c5ff971,0x88C949b4eB85a90071f2C0beF861BDDEe1a7479D,1,1,1,5,0.22694674292076167,1000,297,0.024026749738864043,0.002218218878951287,6011016
0x1E8C92BC6df2820D62C76112A7A3D6A3b0f94517,0x301595f6fd5f69faD7a488DaCB8971e7c0C2f559,1,1,0,1,0.0664504171766867,1000,172,0.00526208874610637,0.005422349949773279,1596591
0xBC05EDa59f8007fEded219e44E1E925c6431F7e7,0xb884d159241677F4624856dc650204ee9f592Ef0,1,1,0,1,0.9959665794265398,3,3,0.0,0.33412962285851866,7543
0xDF5573340EceCB897D97A71642d4F69750aC15A7,0x7001c0aCd8160fd7f5753fF896A49016F1E1e06a,1,1,1,0,1.0,9,6,0.4777777777777778,0.5555555555569714,2801030
0xd108102Ce563C6E7c6C45D721cb52836Ca9D6D20,0x6Ada47AB04a0B721fD60e31a7d417389fE71D155,1,1,1,0,0.9800811282486988,12,8,0.0,0.08376062427716913,121741
0x1ae91fCDea53aB515DcEF52017707556Bab6b928,0x04429fbb948BBD09327763214b45e505A5293346,1,4,0,10,0.80496575956037,1000,118,0.019533881406470374,0.0014430063148758467,12966303
0xae94D0f38384119DbEcEAC230Dd717F2d9211F20,0xE59c42b6a8c8079A5b8B9E6E407BB55fD66c7372,1,3,4,5,0.33216788038933115,1000,28,0.6196578066878818,0.034720739036993666,2561645
0xfb74674A1577652957E1d3f876a2CDe8caF50c26,0xA731349fa468614c1698fc46ebf06Da6F380239e,1,3,0,1,0.8389846815536458,1000,192,0.17258039092055485,0.004526666017108503,11676058
0x11a6C3863d01B4f6437F1b0E5da61AF485AdA184,0x67B78D31A40dACC5aCf7648C2Ad88bDBF6EeEc1C,1,1,1,0,0.41056596506425497,1000,34,0.5431913614421354,0.005461631169291331,6788262
0x84B91B6E77Ee8B026c2c74Cfb5833c1058B29c5b,0xA44dFae8Ec1d81f26Fd3b1e3b5a7B36B0Bb84a12,1,2,1,0,0.9999997000000354,7,6,0.35000000000000003,0.14285717573344425,46190
0xFc47127A44bB99ac3af17b08a6A184d1C170CFc4,0xF524d21316c69f50B46623a9773300B86FBe2e10,1,3,0,4,0.5903260798633552,1000,36,0.662034532025072,0.0014014029358928423,7861200
0xCF442d066247F54DEC9eac2eD57453eF9cC343eB,0xD10bCCDd789fa11239D903FeA93DB2C8c92CfbE7,1,1,0,0,0.08070039788770673,520,31,0.2962769827795295,0.0029116676185131775,5020269
0x53372D1F2a0bF4cB53e9dE3216290aa57f87F758,0x3BfCbb42401BfB599a1c7cef6798E8BCaA1fb06c,1,1,0,1,,,,,,
0x165D880aDd956De0d0E6d5A207d9F0Bc059E7362,0x593cb33503f743aED749F30Acf98cb25C720344B,1,1,0,1,1.0,3,3,0.0,0.3333333333333333,2246
0x6390d38518F15650Ef1C02F1Ee1c703400985798,0x348e62131fce2F4e0d5ead3Fe1719Bc039B380A9,1,3,2,19,0.018687913685216728,1000,514,0.0313358335387039,0.0021972284639134526,23230353
0x187aA33A3Bf88330F540CA44f390D542A35A4238,0x21ecEa8f7788808848fc61D3FB8897F1a9a00D94,1,1,0,3,0.2819294999293837,56,24,0.21673976608187132,0.0698337299561104,698139
0x14b05CCee1De3774Cb07155b28718b0fa4505571,0x28B4Af709e56505a6aCBDADB922754Fd27872F25,1,2,0,1,0.990049998500045,3,4,0.0,0.33500005,75727
0xa0955300c748BDca796DA85f6c437cb31e2b2121,0x361A5a4993493cE00f61C32d4EcCA5512b82CE90,1,1,0,18,0.2131011758934599,1000,59,0.28836095300986336,0.002434337718641463,28169917
0x876303A66188dCB8EB4033AdeF6e06B4bD42E593,0xB2Ae86088A3B11bf65fB90103151230C0795E24F,1,1,0,10,0.48541464101108056,29,13,0.2222222222222222,0.05182591240537557,175488
0x32913bc40be04998E2fc7A312f7f290CBD2Ebf60,0x538D47D142F6993038a667E9D6210d3735749B36,1,2,2,1,0.4711945952174697,104,92,0.0518196427517452,0.04566446455537878,3598300
0x435A9a90FB419e6b9C28D3157985438D3cDA552c,0x38f6EFE666C18ee7D4AFf4059ef85c0aBe3E793a,1,3,0,2,0.9932979081846592,6,4,0.0,0.16722944859518718,78257
0x8628B39Cd479bE8fADc89d1f5Fa38E154a52fD08,0xDd5afFc9c26277Aa2a90c1d42a57FD35eDaFCD47,1,3,2,0,0.998001819582,16,11,0.3686868686868687,0.062634625,6639016
0x89CDF6a5656235F91d6e46e384c236d6Ea7060B0,0x839F1a22A59eAAf26c85958712aB32F80FEA23d9,1,2,1,6,0.09592700835693076,16000,12667,0.008975818752214565,0.00015949066149386934,14598628
0xDc5349FAA8678DD3A366c9B053f14e1Ffb85aB71,0x7880D496f3848123cE0F9658c6689E3A983d01E9,1,1,1,0,1.0,4,3,0.0,0.5124952877844017,1570
0xEC93d1cf8933463ae358d311cDE1528f10dee6Ec,0x57934Aa8Fa7076cC0dDE41A39Eb28f9019e15EE1,1,2,2,0,,,,,,
0x242fd61126783e638301200454801a2b0e9EA5A4,0x1C19da0CA0D3589D6774000Fa43D2460ba199819,1,1,1,0,0.9980016410002084,1000,1001,0.0,0.0010011996000000225,630755
0xa7D34D3e4716497B233b8B2597D760494481e7FD,0x3C99652ad16BD7177C94C3fa9e36B9aaC3687E36,1,1,0,2,0.9989431109208654,7,6,0.0,0.42865082822437356,165119
0x979B71e310E58AdF3e949a8f6fcA931C3bfAE014,0x4b5B1Ab9c798b0d46baB88495570Bb6145A14d1D,1,5,6,17,0.9999998965499154,102,19,0.25758802600907865,0.0098039505876032,1850
0x9bDCB2E1B35f3EFF1dF78eA75790522f7b80b9f9,0x300211Def2a644b036A9bdd3e58159bb2074d388,1,1,2,2,0.24129967932755517,1000,115,0.5344846307056889,0.0027440411567391607,15089388
0x86E5984f09dCFE5e65AFe06dcD67D8fDF8eA0b3f,0xe9f9233a9605e1ce94A2c7A7e07F35a32079e320,1,2,1,1,0.9900499872435047,8,6,0.36111111111111116,0.12500000652342072,432
0x505ce2B89b6cB801De42CB3cd697Ccef333B7F9D,0x0D8DEDa46fdEB4489a64BD0C9E05322f03799359,1,5,4,7,0.9893937810427231,21,6,0.5,0.18320656728123463,392
0x1695B119C9e67015176eF9479bb53528b14fC8b4,0xb4BabFDe2A95d23aC1cFE1D39a5fc501dB81D7a1,1,3,0,1,0.990049756896011,40,11,0.21515151515151512,0.02500000384865636,205728
0x3A5823E67973Aa54F01B82e11af300a5F2ED17EC,0xbda0e07C46cB1DF2d0805527569bccBF1a8F6628,1,2,2,0,0.5,11,5,0.7,0.14868379627404743,405590
0x725B59C4E7407c1104b73D7f1123Aa2E08F59AF0,0xF9A6B164bbe71Fb09966898CAC32Aa2122c89320,1,2,1,1,1.0,6,4,0.5833333333333333,0.16666666998630864,1650
0xE7ee719811b4fde648b022b163C3559D027D4F58,0x3Fb89b4385779a8513d73Aed99AC6E4b77C34821,1,2,2,0,0.044170814008002574,879,476,0.12362442546436922,0.0023142229806598245,4695933
0x8e37D10d4674f645e5C5a5EbB1Bfc1b343bf2b02,0xFadc44053008209958fAc86ff368d40f9da6485C,1,2,1,0,,,,,,
0x64978C8aB9dfEf08faDB7E034955C77b0bcF5043,0x01d35cbC2070a3B76693Ce2b6364Eae24eb88591,1,1,1,0,0.9578181272669264,1000,505,0.010297082473070757,0.0011473599181726108,11527228
0x1CbDf96b4d3F21008Cd829e8c6cB0359Fb43B8F5,0x0c536692B1c92e701AaF5E1adb8dB23B48df17F4,1,4,2,1,0.7366151875533864,1000,24,0.5443164610444021,0.017590836714749748,6707649
0xa4D4e417A085e6526D74fe52d36AD1d8a06E9dAd,0x0A02D33031917d836Bd7Af02F9f7F6c74d67805F,1,2,0,3,0.24533495105058958,77,42,0.05238095238095238,0.5565612736838802,4689435
0xD7F8e925E12C0632AD736780AeBF103561a24788,0x466D5cd361C37e713cc42f70e544b34b85Df3134,1,1,1,0,0.6345656637103094,232,25,0.5611298701298701,0.005260197407582561,84030
0x4A30D61Dd0f5872ac093755a36C66e1002885405,0x9ab2e73e65ff204936Ed62fE19F22fbA7545Cf61,1,2,0,4,,,,,,
0xc3280ED746E79584a01272599a28D5466b2EdC8d,0xA9B8e4BE7e4Fc1B1d28B396af7c4CBa37979bC0F,1,1,2,3,1.0,308,43,0.23945615998543024,0.00649351749579245,400994
0xEa3140398329B9c6246ecab5dBab68E8170b6951,0x322584098Ea29e2127A81322b417eBba356d8f22,1,1,1,1,,,,,,
0x2F17FAE611799B6F1030D1292E6c2d03e5011338,0x1fe40DAe6923530B392d5A86A3E7006218CBDbd4,1,1,0,8,0.9997786788938366,99,24,0.0,0.02020314787413694,101372
0xb35258a38E5161BDef39c786d6f4e34746130522,0x0A46d795d9bf10b5B6aF74bf49DDbB95c1b08DA5,1,1,1,0,0.6799987999032675,6,5,0.4333333333333334,0.4000001666803795,644
0x90D6C95f21e807753C33E30CaC4F6A35E1865073,0x50F1aaaA99077daF3a4058504F6E979B6B7109AC,1,1,3,2,0.8063023193339955,1000,285,0.04215439299636365,0.005835680507534689,22821242
0xd67Dd5AF48355106E4945b8bC0D61DdeeFB3842A,0x2C62A367Fb950495D8bBA25537e9E1b95420D068,1,1,0,2,0.5194081891370639,4,3,0.0,0.49962734071176274,282
0x92Df928D2C5c7fbfFe4f8e33468c011719962dbb,0xa81cE8ebF94887cFB1fb8675C25555054E38302c,1,3,4,9,0.9954805793642877,30,7,0.5904761904761904,0.033442714881989355,4727930
0xc23aB9e2e233A0E71C31bf00B35b061F874f728D,0x1B7593FD32878FEb884Edc157f0b02b889651511,1,1,0,0,0.9999999997076641,2,3,0.0,0.500000000073084,5001
0xFedBf373ac7144aF954374cf65295D898189cDac,0x267Ab21F7F61B13cAB73C3b70cD8D5307a046334,1,1,0,1,0.9996150264931781,61,29,0.19856006062902615,0.016396737091543507,537325
0x4C0966534D92eDf92689cA55E92547181E6efaD9,0x7D645CBbCAdE2A130bF1bf0528b8541d32D3f8Cf,1,5,0,1,0.9861401527908135,1000,46,0.4421685036602578,0.023104029191370553,1968849
0xbff300794EC0a2e9Fdf86c6f56fACFcA0f64FF5a,0x622f99a2606f90A443e0e447aB4c72cBdaE800e5,1,1,0,0,0.8960451050838883,28,17,0.0,0.06139234064082412,3158066
0x4F1BB6D902bF0Ff893ef0a488f5d3D9b675D7CBC,0x5B6fBff8ff64a2cd6B0549c9f3f1eDd7e8F9e365,1,2,2,4,0.9782180116814431,20,9,0.3296296296296296,0.05094778186288883,412
0xAd2E04E4Ce3dc413aB0645B0d8308424DC8DCC73,0x381e84329324374090b50342Ce40ae533c7e1E09,1,1,1,0,1.0,4,3,0.0,0.2500255,300925
0x19775A0C14C9cf437AACf442DF2A6974758483e7,0x7dC06244536fC5A86123034EE6D9204E436a3e91,1,2,2,0,0.6533657489021583,19,7,0.0,0.06699318452170885,1201178
0xd1fA8A2c5BBbcE42214852abf2F1C639F36fC424,0xcC1B9517460D8aE86fe576f614d091fCa65a28Fc,1,5,6,584,0.012081657738146586,5000,1778,0.10077183704822797,0.0006752784277449987,6768495
0x12Bcd7Db6131E652302E5f40880942A318B9D9Bc,0xEdAEA41d03397FFFF765Bc5E402Bfc4bc8a72056,1,1,0,1,0.49990103815249975,3,4,0.0,0.5000329938140506,14214
0x94C3aA6b12A3d16d03Ab992b33346b8296386f83,0xA08bECB12615C34cFeF0E501947Ad2CA8D50e578,1,1,3,0,0.9999996000000796,14,9,0.24074074074074078,0.07142862865308709,1624
0x056ecbE9b8086D80f8384Ba0d2589BbC3770a83a,0x3cABD2d298b9172533aD47D3F692e8FE13673160,1,1,0,0,0.7999560440684993,67,38,0.11361481767660257,0.016587097534496525,582442
0x4f41A5d3B62DE544bA3c4c76C4006d15657D1ADB,0x32934CB16DA43fd661116468c1B225Fc26CF9A8c,1,1,0,1,0.13662483377682544,1000,625,0.007093398271879685,0.001233881163045246,5495044
0x26eb769783B4C77D95B9111b619146c0416185C1,0xa384F703fB24FEb0dAaaaD7f9941339dC817eC44,1,1,1,0,0.8159660200000001,7,6,0.35000000000000003,0.6885857142857142,5938
0x6D65Eed5acaF1b4a162187a23856322285DaB1a6,0xbD5C327d6dcB4A2479C69931a2A6f92F4D7bC61a,1,1,1,7,0.9999999999999991,11,4,0.5833333333333333,0.09090930760509627,662
0xCC5CAa121Fb4331bCDe61F18925537b4c9eA415d,0x14168f9b6b2343337f63f5362a1810F735731B8A,1,4,2,2,0.9999999689555985,18,8,0.5119047619047619,0.055555557096911165,5934
0xc3ae7447484632c8E45da1d707B91D3D0Cb93239,0x54e1748c6BC6135F712741100a7BF5D0698d498a,1,2,4,1,0.9999999999372884,8,4,0.5833333333333333,0.12500000043029716,1632
0xCA7193cCDde5FF45cc0953A2A3c6f73575001F59,0x17Bc3f4dC57b11C7D1C9f5Dd5fC95aD190e2DE70,1,1,1,0,0.9498485114111637,30,7,0.31428571428571433,0.07493680191512506,39594
0x2D23C7323AF0f286A74ade518a3d3a8EA3a47C80,0x6F620EC89B8479e97A6985792d0c64F237566746,1,1,0,0,0.17822646846321505,779,234,0.3381524128818724,0.003965883523958578,2504492
0x64364C38465ED53b67BAC7a8827e0926B6889C28,0xb5c2792Ee47dA90cf39ef034a3b3D3dcD884AE15,1,1,1,0,0.9900478120172757,5,5,0.0,0.20000022380803392,1567
0x3c8E36463FeeaEe9cfA68F19e784Ed900D47d4a1,0x3C660BED018FB59686698A8cbB301D1567D69748,1,1,1,1,,,,,,
0x5FDe7A445fbaC2CC29B56D4378b149D41daDF3eA,0xF9C1A351E54Bab8887A25e24d966198Bc2E16Bd3,1,1,0,6,0.9999677292923375,129,121,0.0,0.007752064340300228,360645
0x001743596C8C1d9Db739F361B4879909dD4e320c,0x332dEDeE4CFed39D6bBB08De0FF28cAAb4a4Bb00,1,1,1,0,1.0,1,2,0.0,1.0,3519812
0x04379b2053Ab4eAb7FD2dE9E9CE88E8121E3d544,0x5f555914ce205c2b3a7c8CBFf9a5A7926677EAd3,1,1,1,1,0.9987865036904336,23,10,0.43571428571428567,0.08733186594636119,45548
0xDC27CAF8d17CC36bBCCE63E0e7E33625c3F599Fa,0x6737b2550a14eE5102a2eA6B9c00ff6acA166c40,1,4,2,0,0.9241113708878811,38,16,0.23882575757575758,0.027349677064818428,3776589
0xE3bBDBE423457728B4D7205232c29B6fC28E37Fc,0xf149CEf3c35b1e92812794aD0C7055339B5cbF6D,1,1,1,0,,,,,,
0xCC7566fA263737700133dE34e64F545D53233986,0x2e2DDe47952b9c7deFDE7424d00dD2341AD927Ca,1,1,0,0,0.8097294191983452,1000,157,0.0,0.0012101973353672336,23151825
0x45Cec001c9A0F014b116F5bB3B02272c4C5c966e,0x34168fBbEa387BCE993e2d23DB733D9f3dF862a4,1,4,3,6,0.9996001599519946,24,7,0.5,11.824073197276206,7122
0x26EDE6Dfc0b1FA05F6124852f7f15498DD5E8092,0x7Ecb5699D8E0a6572E549Dc86dDe5A785B8c29BC,1,1,0,1,0.9881608078031866,7,7,0.0,0.1430152111845592,63861
0xA419c4F49ca47EB5d2186bba8185fecFdb65140F,0x4985E0B13554fB521840e893574D3848C10Fcc6f,1,1,0,5,0.5414597853008238,64,22,0.061432506887052346,0.07105305157425765,20971341
0x7424e22D4be5c52553bB032442009E88CFf3dB84,0xbC91347e80886453F3f8bBd6d7aC07C122D87735,1,2,0,33,0.33613116901373424,1000,322,0.02031816181964291,0.0014676535857337508,1284112
0xaE0cE403dE9010505CA9Cb2adDDaEFB6e7963232,0xB27FAF7d98590Af6Ac38548edFBf05EEc0c18164,1,1,0,0,0.8873321294809621,87,29,0.006374085684430513,0.012222145051376905,2195316
0xF2f0cbF583F2444c4Bce50B8416a20A1AB73125b,0x58B2aEF358428e59b08a42B56325e23633b07161,1,1,0,0,0.9999977990022217,9,9,0.0,0.11111123338888886,349044
0x989F77E5418E0931D571cefF9f5953923Fe24270,0x40Dc7491CB56FF50a9913f7228feAe802dB99920,1,2,0,0,0.9994917328370516,5,3,0.0,0.20005083963963963,5187
0xd587a044BCf94881a2EA0989105E7D6F7d9D7aBB,0xaFb259361ff8751ae29d286A874A9526dB070aCc,1,1,0,0,0.9999318047455438,3,4,0.0,0.33334469951631784,678723
0xa65f6033b47b96171a13C623301067AF72BdEa0d,0xB36e5f5FBb7aD3A72bF6667528320689FBc348ab,1,1,1,1,0.40096280615159097,41,13,0.10531135531135531,0.24033086996384095,31261
0xc733Ae42FD04B09C6206Cae8a14325C91278E3b5,0xf295608A6A6408F1c68D66d32cE4cCD875f25272,1,2,0,3,0.33756548634712735,11,8,0.0,0.09751874763463798,4127
0x91D65af8944Ad65d41afd196f5e9fbd0DCD102FB,0xB92d60d0EcbEf38DEe6A125181825567Fccd9dC7,1,2,2,0,0.9231999999999996,9,6,0.35000000000000003,1.1111115622862706,75817
0x2aB8cAD814Ffa44BF6508db15a7ffe0BE6EEb47b,0x7a45922F95C845Ff9bE01112AfCF207968a9cA0B,1,1,0,0,0.5000123759312888,2,3,0.0,0.5,-10366
0xbc62Ea479c179BdFafb5fC715A72bed7e78dB0fD,0x2A072146dE331E6506AE7da154Fd916A257Ea6e4,1,1,1,1,0.834680314502953,8,6,0.35000000000000003,0.13637236743085887,2824
0x52dB62A901e187028ba7F6a4e6339aaeCc6c5187,0xc9D1933D60078Cdf70a00ac73B8E4AdE5325584E,1,1,0,0,0.5096940860607512,3,3,0.0,0.5232069027814656,3217
0x6536664D089A8636564E8075b7e843D2fDFA805d,0x017b98bf90324934FF826cE55bd98A0027b133A6,1,3,3,0,0.9049099664915206,13,6,0.36111111111111116,0.20769616153846152,5968877
0x979eB2Ba1108FE51e5A4Be4663fCE0f22207e55E,0x67F86Da5e08F562F63bF5252Fc6a848886a7EE3D,1,2,1,3,0.48116199974929436,38,8,0.4,0.05164343983307979,152
0x0fFDCb42F9Cf6DBE8AF0A8921A24B84Dc841323a,0xf1428850f92B87e629c6f3A3B75BffBC496F7Ba6,1,1,1,0,0.5942058546330605,1000,758,0.0018030559831699049,0.001914015909560959,3115846
0xDFE26C013E063f27B4134dd7f29e2Eb8B9188a21,0x723a42dff0bdCE09B7DCf86F4D47D8Be491E6345,1,1,0,0,0.7687115184198708,180,47,0.27433257737585515,0.014925578228672222,258647
0xd8d43c204423e66A787F728F54EA6E86414362D7,0xa47Fb1314CB1F89Bf5Ff2e88a1d1b776625B5EC6,1,2,1,0,1.0,9,4,0.0,0.2222222222222222,3992638
0x5c7b38DE2dd3a16c8ecaa258d9111feb7EC71cf2,0xe26cda27c13f4f87cFFc2F437C5900b27eBb5bbB,1,3,0,31,0.14460488539670788,1000,781,0.02840242252401858,0.0020797156341221938,977018
0x0BE3f1472884894e46fFe9386aE790E6AF6e199F,0x1b0B2f3D0Efc2979Ff0F5510af0f18E41D1f16aF,1,1,1,0,0.9999969291795545,11,11,0.0,0.09090923049358947,4212
0x9Feab715Fe71ac6e23104b7c323b119d4c20Ca49,0x81Da0b46Ec9428A8f7311969F59415202dcf3914,1,1,1,2,0.903919489793287,8,7,0.20476190476190476,0.16868010858069363,2669
0x647EfE9CBe1A59CcF7398e5aDF02197B57cACBd5,0x3e121107F6F22DA4911079845a470757aF4e1A1b,1,1,1,6,0.9046093931524511,1000,195,0.12022976698699427,0.002561642919728478,28847458
0x374a054Ac35483EBD58A54F793df3d65419868b4,0x3BC682A1e36bA72D940DBf38322365D6bCd97f85,1,1,0,0,0.9999938000122999,6,7,0.0,0.16666721666666667,324626
0x1b8910A14f5343CAabceA4B1cC6fAab3a1674Bcb,0x0743A5df423F3aF3a70c4A027F1d0b3560b24e91,1,2,1,1,0.7221134374293537,14,10,0.13999999999999999,0.3157996893466148,7798
0x97eAd132e2313420b5345d02eb88c6C48c7019BC,0x5Ff3D7900720bC9f42649f0c0A77Fcd093Ef1073,1,2,2,0,0.9999892399989345,12,7,0.3,0.83333378166852,82681
0x8C929Fb05f2986f0c0Dc2A811719d737d2E5D6f9,0xA8fa38550e9a8BF456728Bd65234dF0c14B01d08,1,1,0,0,0.9999999998800002,2,3,0.0,0.50000000003,3430
0x7D841E147f3EF9BbB148880cEd7715e150836d13,0x497DBC8e8aF656DefEC0F055D19DFD0768850438,1,1,1,24,0.9999990402008528,28,11,0.12373737373737374,0.03571439180763594,154958
0xb283fb06B3C3585BEAdF955E9fc8eE8627f8EA1C,0x412436Fbd8C33190D4fa20B5dA9BbD0EaBcFD42E,1,1,0,7,0.41722524902242175,104,48,0.021438746438746437,0.01618887198726521,185210
0x7B98A98f895bC4e4117231a602b7AF03ffC84C16,0x72547B4EdbeaBB57a33da34545CC5C1777053656,1,2,1,0,1.0,5,4,0.5833333333333333,0.8,243867
0xAC01c4838d77F1F82B2AAc6FBfc2B7F8F34e1A09,0x1c40Ac03AacAF5F85808674E526E9c26309DB92F,1,2,1,0,0.9472201196514455,41000,2350,0.35758121526489656,0.0001151475858254931,21690906
0x50f222AD196E865e2a19aFA312BdDb0c971DA53C,0x23001f892c0C82b79303EDC9B9033cD190BB21c7,1,1,0,4,0.6889920191890024,1000,62,0.4203900703263421,0.0033168762649803964,20709527
0x786C25022AA24a775C2464DBd0646D83C1Cf0114,0x7ed6390f38d554B8518eF30B925b46972E768AF8,1,1,1,0,0.26886965438132393,1000,783,0.002554282598601781,0.0015519188343314973,870488
0x566541BA0B9e6096B87F068aCbD73d83fCD3146a,0xA2623C3938CF45c76aaA9678bFdeAC0991cA778B,1,1,3,4,,,,,,
0xCBd21446BE8d8de9c943c1090CB563928c897a72,0xF854225cAAef5a722884a68a23215dFa5386751E,1,1,1,1,0.8062549071201638,1000,114,0.06396788872316427,0.011151818262113136,9100078
0xa4ef5aFC31bD53fEc2051577ED27Dc69dEb005f9,0xFFcc5296afF47eC6Ab72805f9BAeb53AaA96757D,1,3,3,5,0.9993012044620551,11,5,0.6,0.18180185937427834,564
0x102AbeB3Ff3A57F0f5Ef1A81dDd36C670281b1d6,0xbD7A5Cf51d22930B8B3Df6d834F9BCEf90EE7c4f,1,5,4,6,0.10898164022334184,1000,91,0.2705194054608067,0.0033660927577757647,3790964
0x1c63948a7f391f414de177e706111CCb684FDA1c,0x83593d701B04eeb4eBb03Abd84919185EA1D4aed,1,3,2,2,0.24817527710324533,1000,39,0.5742523004061467,0.020902410869531686,6398683
0x6865667992801A304911E512b8423886e0de08b7,0x0B6afe834dab840335F87d99b45C2a4bd81A93c7,1,1,0,2,0.4339755629523144,1000,12,0.0,0.0014915127753002612,11988928
0xfD74AfdF03a8Bd6EBF4A14Ba8D60AC83e308651E,0x255707B70BF90aa112006E1b07B9AeA6De021424,1,2,2,0,0.507073049802562,29000,99,0.05355382455695935,5.371061133614779e-05,21882700
0x3512852d027CE90e3E1e5D53FFec1Da4a514e97F,0xd72357dAcA2cF11A5F155b9FF7880E595A3F5792,1,2,4,4,0.6727588590802739,30,16,0.29598214285714286,0.3540961488059347,13269589
0x0423a222779b3ed3a84Ad1F56DF4945855cdf62B,0xC3f56d567E7663e8932E65d85ae4be7Eb5575cA7,1,3,4,677,0.9428280260589852,1000,765,0.05704623772331337,0.0020419108883410523,1290981
0xc54b9DcD73B29BC0863AeE66aee46ce737109e44,0x374aF2dB27A0c655BEBA4323b4C4273DC30Eba73,1,2,2,19,0.9999980073261506,121,9,0.380952380952381,0.008768522583180862,4810
0xed06A6695e3a3841A6313CB20b5E485a13E13cB5,0xfEbcE7BAdEfA00d9468850840045f787647cDE54,1,2,1,2,0.9661534405750166,6,4,0.5833333333333333,0.16971921363192324,8038
0x9eD11b6C9Da05855e3Ca33F347e8346119818aDf,0xeF62409e44992fc64a1ccEf2Eca47cdA07302b9B,1,1,0,1,0.9992420622886917,3,4,0.0,0.6667930375273347,1750
0x99AB0944d360a96d07a3B985BDC986b8A50E2036,0xC8B968aE3C1086012A0549408178C3409fE23a62,1,1,0,6,,,,,,
0x644240b38aFa0e22dcfeDb982A474792700E4dE3,0xb09942bDBb0467cD14Cc47CB18715F0D20C05BC5,1,2,0,2,0.999999999979998,40,14,0.2304421768707483,0.025000000000250024,885801
0x8094854F3dfD0DA0AF14c7AA451Ee35Ef46B3B27,0x37A5216Aa8DdC6516c1E35DCBE245bd73a1cE557,1,1,1,0,0.9999999999999991,15,9,0.2275132275132275,0.06666666666666672,131072
0xB365BD242D1113ab27eF2B58e30F7362D3273b40,0xAEc815Ae1E9AB58f49692aeC2840FfC82C56F7E5,1,1,1,0,0.07655652977242144,5000,1729,0.11170297462038452,0.0010966621183507498,1960692
0x385409A072b0B103437d10EaFBa68e43dA170aeE,0x2b22422dA881CA403141D151453e4a163C98061f,1,1,0,1,0.5360037523054454,1000,826,0.008053996044310814,0.005638008432187741,20415156
0x26d8061C6F8f5E01E68282637cb88EBE9bE731D3,0xD53a58714619B7d9536fd4ef0ff16586A8cfdaD8,1,1,1,0,1.0,10,10,0.0,0.1,2941
0x7A1343Db5d6434261D74B6e2d4A1b10752BA916f,0x959646308d6B367ccD8f65765af0CC2666C32668,1,2,2,0,0.9974096060082297,42,26,0.1749084249084249,0.02384091293495138,3030
0xB070Ad37452d8C0b3667e358cF0f82A0E0Cdbb91,0x4C9f66B2806538cf00ef596E09FB05bcb0D17Dc8,1,2,3,2,0.8083245657866373,425,159,0.07146874564696458,0.005213614452927415,227730
0xe1fC384fA91cFA2318be9A9841dD723362e76990,0xA94B70099CC515703bcaEa2cb9e8bBeDAc25c2a4,1,2,3,8,0.9954665143670725,15,6,0.25,0.20059480705667637,213108
0xc2552060C9847a6696A8119D106706A6bC86c4D9,0x94bf224896CF5272601FA2a068f11B6D25E11370,1,3,0,1,0.9999908552660417,10,6,0.0,0.10000661108014318,756558
0xa799aaec1f6E1671bE760c859a466098FB7C19eB,0x33D97428d10C89738a0AF4bc134F5c40A0F088c8,1,1,1,0,0.5531442039497027,19,13,0.24175824175824176,0.1161943330731058,9306633
0x8fFfAd7F74f2948181Fc4e2A9cab16bdD17e21C5,0x188e5CfD30001D605000f8B1DaeD2ADb1f1fdC0f,1,2,2,3,0.8592674180246683,21,9,0.14074074074074072,0.14562465470935657,5661728
0xCE9b902DB407EAe74d884593a756b75ee2D447e4,0x65989e05CecaFE04ac8ce6f1B331e3d82f9aD201,1,1,1,0,0.9988006200000002,6,6,0.35000000000000003,0.16676716666666666,3726
0x4CBD8b01011AdA5741EF4D471eE45Af02a9b8f42,0xA29761caACFE2D3E3201cFbc1328cac96e773B80,1,3,3,1,0.42436248314376257,1000,38,0.5711882608201091,0.015677390380459778,6459807
0x861854a547F105F2c3EAB47938a1ddb91D6Ef5Ad,0x613a489785C95afEB3b404CC41565cCff107B6E0,1,1,1,5,0.21326289890449537,1000,501,0.014749737890470736,0.001848798633066404,663970
0xA0F8B687708d80bd15CFf773617c734Ca90Ea9E1,0x176344Bad8Df45bdFaB51c4F4350Ebb3163Fa8Ab,1,1,0,0,0.9762879604800011,7,4,0.0,0.14928571714285715,18443
0x887Fa08D52b957A65C9A826B48360bd451aA8618,0x7431b5C40ffbF8d6A67Adf59192785D3dC9c2ea0,1,1,1,0,0.9895178061999998,10,7,0.2952380952380952,0.10054600077359771,2202
0x83223D31EE31b4C8ffC85Fb614819f3Aeac68E0a,0x4257EA7637c355F81616050CbB6a9b709fd72683,1,2,1,1,0.4428867852142365,1000,42,0.013003663003663004,0.0023638825230670167,12793980
0x7ecD5913225c057a39726b78055fd40985773A76,0x900F717EA076E1E7a484ad9DD2dB81CEEc60eBF1,1,1,0,2,0.2545687055121565,273,83,0.059662894000243404,0.01875504638527207,3283784
0xc912535C9b4c39fBD35C9c68E29D1281E391071E,0xe1f48d9c0217200425355ca8F9Db38AcB25bFfc5,1,1,1,0,0.49223389870011625,6,6,0.36111111111111116,0.5620764357245044,750
0x8622C725AE499cA646C247a02188963EF7789879,0x03cd9147b55E5B374C1d922cCc3959D93Becf324,1,1,1,0,0.8330589836363637,12,10,0.21000000000000002,0.08361439393939392,208959
0x0be468cd410b7BF5A3f5D2209EdA5b61597bf91E,0x16013452E11Fb846C5f2D5bb921f2c301c94476a,1,1,0,0,0.8199999999999998,2,3,0.0,0.95,36495
0x6044Fc22e8909bD64ccFf0EEfD15F08772FAdE91,0x382ec84A993291Bd62e8990E51C0218D74D4D520,1,1,0,1,0.9978244837918265,6,4,0.0,0.16685145629309725,428235
0xf18f3d0f8C59264f0E7935426da1730aC14827DC,0x6946a3B14a0b608BdAc29502fAE36c54222BFB4A,1,2,1,0,1.0,5,4,0.5833333333333333,0.20021440307491176,578
0x714A23Fa516678BFCfce4720BE40B331462Edd6C,0x26d326B1fc702260baeB62334d7c1Da6f1a2C386,1,1,1,4,0.18940666705566037,1000,188,0.1597066619647063,0.003257149141840055,16585947
0x75aEaA68CdC58F8A1a9B5B354E43217bdf173E17,0x67eeA31560f2D6F7AB1D0bfb44497d41EFb5Df79,1,1,1,0,4.999427741517862,6,5,0.5333333333333333,0.33336481376666666,775
0x5ea89445E39867bd0eC35b9A4F2B3E3A41d77dA2,0xd397fF813AA15e2Da361e2d3a99ab54CD74c2cdB,1,1,1,0,,,,,,
0x80C8F20C5025d2b60F36475bbE171cd1A0728DC0,0x9defba906C730F17749a683e0Aa0EA4244f51551,1,1,2,1,0.9900486046735917,8,7,0.21428571428571427,0.1250000877738674,86496
0xb1f30b7DF529845ab92Dfd39E3EEFEaDC37f9fcc,0xA247B0476C11DAb0be132e91fe63b2b7085d7C0E,1,9,3,1100,0.7918265600632486,4000,499,0.15887216090557013,0.00031120096859203067,74347
0x2530c8E87D2Ae24afb0d2852d43C4dCb645E5C05,0x93092652120A8f744356519F0adbD94D6a4d08E5,1,1,0,4,0.9745365103930849,19,9,0.0,0.05336640934017721,190078
0xA036Cf4828C40901A0D503ABC1e44180bAa876bb,0xE58e8391BA17731C5671F9c6E00e420608Dca10e,1,2,2,0,0.46375999943168966,1000,189,0.1035048865932919,0.003731900794650817,6259822
0xF47324cD273baDbdC27a9bF9F021643089cE5E53,0xC46A37fBBe433EF24bc7b9388C8728DDcf3cA87c,1,1,2,2,0.5016124431266571,1000,5,0.0,0.001,9013151
0x45A418f783982e55A2b945E2f43e14188F6a8ebf,0xab9e75Bae9017e7F2f2ce2EDc34723c99565B300,1,1,0,1,0.679967787489671,8,8,0.0,0.15000266641070004,40583
0xDF686a0cCc8d3E15dE8Aedef9A70AaeCd803C2b0,0x13748d548D95D78a3c83fe3F32604B4796CFfa23,1,11,8,3,0.8945780471056101,1000,650,0.06655173193897194,0.002004672114443774,22787931
0x278e182b6dE0090f31Db6702E99ff88F4Da169E9,0xCe34140F45B2eea8d34e8259e6ba74fc05Ac6c0a,1,1,1,0,0.9997953099740439,25,12,0.33134920634920634,0.08001321406794709,703
0x3916f98F96b23677767afbcf3060d1dCeb628Fe6,0xd8A1F94ED481e3Ffa1Ce229649392A42c0d76489,1,1,0,0,0.852762857704229,5,6,0.0,0.21600403727209727,5952
0x25Ac7da13F17aFEAbBD3bBA3237808295D044712,0xdB3C43088Cc6Cbcc1cD51eA27F73E4811813f146,1,1,1,0,,,,,,
0x9Ec2A213450B0bB7Dba4e682ca7E0effC609543a,0xc09b607662B7092ed75818C81a09cBb74c6C6b49,1,1,1,0,0.99978002219956,9,7,0.3095238095238096,0.11112355877777777,864076
0x1a610fDBF281C821050345c1a6E6d705625E6A96,0x707a07c5f35a2098D84559Bba646A5dA1daB1F85,1,5,2,3,1.0,31,17,0.07950089126559715,0.03225806451612903,686
0x204f9e36277b91cb131D90DC1B4C212cA03F3C6e,0xAbC454b770cdd7f21F16815D62e2DDaCBbf3cbe2,1,2,0,0,0.613890266855086,11,9,0.15343915343915343,0.16793018323277578,3274419
0xc800C9D5f7C2869B8C4E880B8FbCE71AcFB8B629,0x0D6ae2a429df13e44A07Cd2969E085e4833f64A0,1,1,1,0,0.9133136786689087,1000,156,0.06075825878610668,0.002982135806404941,13839848
0xD670bb390EB780dF083f31C3aD153F4f96bB06d6,0x9D87456F8fbd0e3C027F6B7c5Dda75fba7FdB717,1,1,4,0,,,,,,
0x2823D318D0047b13bF8EDDFa24856Ab8CE683E55,0xe8e408aD62d3f617ddAa3ce33A95AD3dCb890Ac6,1,1,2,2,0.605733136366358,33,15,0.2112698412698413,0.1772334566778788,14451529
0xCCdF8AC3f01f85109016C40C1e33DB7914103411,0x481EbcD6544C59d8c21EE27f3Fb8Cb9D8A316A0b,1,1,1,0,1.0,246,240,0.008333479835448824,0.004065040650406504,90832
0x8DcDd11541d19343fFf9840448a2cf87c78d258f,0x565c94153F5372A92f111f4aef826e186f3cc2fe,1,2,1,1,0.9999986311473528,6,5,0.3333333333333333,0.1711970548966701,48626
0x596128E1E693c48Eb1C725d9decC97ce41C93ddb,0xD2B815cD1171124B5c5105623c5b3c2841dAcA98,1,1,0,1,0.49999995705034267,4,4,0.0,0.375000020315654,1958
0xEdDf26Dd563CCAE65bC9a8534b25a298f2f62830,0x5CA9A8405499a1Ee8fbB1849f197b2b7e518985f,1,1,0,2,0.35999999999963145,42000,5,0.0,2.3809523809523807e-05,6980532
0x4c7daeAa6A868fDae902834f63e1b9fdfa38Dce1,0x816315Ba4BbcCD6385d7976e05584c88bf3fED7C,1,1,1,1,1.0,5,4,0.5833333333333333,0.22218824318850933,1020
0x56427D2769885af9034CF94D9AAa41a9C0108C50,0x1e72aC8c00cDAd711ce7991Fe11dE7C1BBD19455,1,1,1,2,0.9900500000000005,7,5,0.4666666666666666,0.14301628531697363,12379737
0xD85D8fD426D3382B3Ac4f60cA461e3c9e757Cb51,0xfFbA7DcB62c6Cf17A923b3Ff11A1bfC38c86760C,1,1,1,2,1.0,6,4,0.5833333333333333,0.16666688000471414,1820
0x8DAF8Cf2827F093ba07811FF71c8B64f84ce5d5C,0x70626bB6b488E24DEcab3B9Fe43cc65c224B3aef,1,10,11,5,0.9979998925056629,36,9,0.22619047619047616,0.027805981620433257,3344
0x5d6E935E2192b493e3FECFc1BC11144B32Fd9bF9,0x144Dae42a36f806C4Cc335B59e9C4f45a5091df1,1,1,0,1,0.9801236367241033,5,6,0.0,0.20200266345154796,63967
0x1f007667ad7e788Db36e00971d705CD62d53b4D9,0x9CA6a77C8B38159fd2dA9Bd25bc3E259C33F5E39,1,1,0,0,0.5535951250656745,1000,852,0.009253778433535144,0.0013463881314472999,15575661
0x27def9D3f3309935f8ec0ABa30672efeffAfAAeD,0xE7804D91dfCDE7F776c90043E03eAa6Df87E6395,1,1,0,8,0.14466693938211184,1000,92,0.06978388167175352,0.004157314027284888,13533453
0x3f15Db6d031872404a3E9917DdADefD008B8a528,0xE9E9f05d7E12243Bc334176b96501821151dd46D,1,1,0,0,0.9999873800796324,2,3,0.0,0.500003155,832225
0x923E877A24F4414e43caF797a65242BC8db7430e,0x954156d1563e79475baB0A878008A955834E9D2e,1,1,0,0,0.4484965369738896,22,7,0.4523809523809524,0.11609589449474862,341926
0x3f2Cd0dAf1F6f251da6a8d73c468fE3d36931681,0xc94cbddD4D740a03E42C3D652D0e87E5b1AAE51C,1,3,2,12,0.7029629304558809,27,10,0.24285714285714288,0.07838496119566765,2236
0xB71e69d51Ff660aD04A8de8780b7EAB4c542146c,0xBCD287ca1C614Ecd8c5Ca95bFf3c13c392192df5,1,2,2,3,0.9221598541086942,115,31,0.15350742447516638,0.00976985802642806,6311179
0x77515CCB1451455f0F4269374BAD4798f2120c6F,0xe3D5aE9b671C1461B622B1aDf778000ffDDC124c,1,2,2,0,0.980165125,9,6,0.5,0.11249305555555558,1200
0x37F899a4EF0BBcCd946aFa6B01555e99E115315F,0xA608Faaa69012e3CE9555Eb6B22fdE05A15EEA18,1,1,0,2,0.9402147947096167,11,6,0.0,0.09410727521656667,332
0x01bb30Ac2ee15A428FC999714bF737B75DdD97F9,0x328840DF278de08c03c999875Aa93Df5aFf98CE8,1,1,1,0,0.21189748522111046,1000,269,0.09888346083470802,0.0016458262326163747,478425
0x29BE848e7776a4B10c74a741723C8c29D2d46C63,0x73Dd9Dfe73aB3f0F36BbBA02e589627Ab79e5eDC,1,2,1,0,0.8200000000000003,12,7,0.5904761904761904,0.0916887474362843,1498
0xadC4dA22aA56C2833eA66Af6cef1a648d6364eed,0xeCCf9CC1A6ec92BB8a427968EcA5405565d5E12E,1,1,0,1,0.502483191454646,3,4,0.0,0.48823600387555544,2008
0xd56C07b8464B8D87EE24ea191Ab039ef89457779,0x8a8F804c533c2e73B27532b95582B88E862Af122,1,3,1,4,0.9999999990974999,19,7,0.31428571428571433,0.052631588626052626,4309
0xAa71630FF1712a3A7E341498822961f203181032,0x261B8A3c19cB2feE2EB1942876ebCe394b5424F4,1,1,1,0,1.0,2,3,0.0,1.0,560083
0x7345134A548a11F0DDF58B5Db2B581f3978D8774,0x1369905E9322147b02aFbbd622b819020bA3FFb6,1,1,0,0,0.182471870146,21,20,0.10029239766081872,0.094694,3108513
0x27843215A4115d3FEF55085DA41CCda2b8456A4B,0xC8De979afb436043357CE8E10A539a4b517841FF,1,1,0,4,0.8024703910093244,14,8,0.17916666666666667,0.3713289266892148,1100
0x403F6B7F5719445cE5127dD8D98EA386E3Ff4bb5,0xebEA45267916f98e251aefe51d01FdEd6785c05d,1,1,1,0,,,,,,
0xbc8A985dB57148625032432C8657540C7e22ADE7,0x5aD15bB4B85Cde2ad36b3F7D71Bc7729794b2fC6,1,1,1,0,0.11930973212843092,56,30,0.1826862026862027,0.0488119703587,2476783
0x92dD1D3698f93F1484C7619294304F52A87daF31,0x1599fE55Cda767b1F631ee7D414b41F5d6dE393d,1,1,1,0,0.10775191555731506,5000,1617,0.07699633713060987,0.0011427041952332098,2734021
0xC99CAFdB2d349b683936E095b7E7d8F2dcf15AA3,0xD76Ed8D008B587FC6fE80B87F764Ba25F2b750f0,1,3,0,3,0.9949813049358773,7,3,0.0,0.14322904393550503,932
0x4C2a39820375186D6a44dF15919cCDF822AC8034,0x2c8a83c2a0a72e22055a319a58DbCBAb94B16453,1,1,1,0,,,,,,
0xaa2c4D9068E3F7baA597ce5a4aBe10360277c425,0x4FBF0E24B59CbC0cD7F66A81b740Bd45CDfB5Fdf,1,1,0,0,0.9462047577221748,2,3,0.0,0.5138314273336271,2309
0xF43f8Ed180E3C056f1043b9Dc46d183F5d8B4F95,0x5769Da150cA4d58c3698D83Fd1cb7aAC390F36C4,1,1,0,0,,,,,,
0x13908ADaedC2Ea768FfeC657A15637F5E17d5ab6,0xa062fc09cA6bdeb2f6E3b77E1d4e09C42C964742,1,2,1,0,0.6371307470113432,1000,195,0.0068387492427778515,0.004219935994186401,10189612
0xe510076ABE60738B2Ca598D880eC1451Ce2D1B05,0xa1765940dccDaC254Fa20dE4641E3400f17b7fa9,1,1,0,4,0.6903334228063328,19,5,0.4333333333333334,0.11903185697851391,20546
0x08b096252a9d3226fe109A5BaC96896e78E0Eec9,0x6836aA35bFBDe28A9759b21B8a828262E92bA7fB,1,4,1,2,0.9798046462864014,19,12,0.22525252525252526,0.053196594533505524,89827
0x69C4de3Cb5F1Cd0E730433a07bb528cf76797B71,0x9f95e17b2668AFE01F8fbD157068b0a4405Cc08D,1,1,1,0,0.15959540600312158,1000,427,0.003174238811463259,0.0019414565025119405,4562838
0xF38817403CF054c5E58adD2AaE167bE77cC738c5,0xDE6908D8573a81A3b5B52D893C2a7c7F522ca8F2,1,5,4,2,0.4287324120815075,1000,31,0.5374134080241141,0.023509201941858272,2851740
0x4CdB67f8616a5877ED1072F2ffB57Dcd7553ED2D,0x8D5Fd247E2710EF52053384DFedF238aE1Aa08Aa,1,1,1,0,0.5000000004316586,12,5,0.4333333333333334,0.1250135715361549,180
0x0778B24F355fDE220D7D7F414d589dc6373c287c,0x4e7Bd4653910801fa9b1E1283d98Ec125A08a2ED,1,1,1,1,7.096384883953489e-16,18,11,0.3181818181818182,0.11113778068097716,1336
0xCD3c9e85AECBD5a468F5f78a4eB2307f6F95A1F4,0xf2D8124b8F9267DaD61351c7aD252362880C6638,1,1,1,0,0.36938745126794786,1000,179,0.1121764862076866,0.004195711830554434,7657546
0xd40BF4b3f31f693B7cCdeC0cF7bccf18E661b338,0x48C0e18f432B8a788b5B258864898C3f95164cE2,1,1,1,0,3.25179892239126e-10,10,5,0.0,0.2000018032745,1036
0x3160DD5FCC70E9F895878A676052DE23d9Daf788,0xb5B15b41D1a8bDd5a8f481bb398036C3b8605f50,1,2,3,6,0.9565665284776629,28,12,0.21190476190476193,0.04926895678947754,7554
0x24BF44D4C76CBdEF7F66b6d92C55e0dE72D524ef,0x21C8caF7DE783F3D983B84f85B52B7A0ded37874,1,3,2,0,0.9999989797608763,15,5,0.4666666666666666,0.30346727048867994,19226
0x793Ff9a7adC9669439326E1ABd5c3c79B3D7aBA5,0xdb29E298B80e929185671f093FD66682Ecc9f20b,1,1,0,1,,,,,,
0x23bF65ac2908A36e1217e65590A4BBE3EB9F04eE,0xc1c93D475dc82Fe72DBC7074d55f5a734F8cEEAE,1,1,1,4,0.17532097137522296,1000,523,0.035514063648404336,0.001048810936009007,9146318
0x87724791658F73163ed00Ed8E3e25f5598341cD4,0xb1fA826cD5805EAd4A5FFdE7878E3F33a8EB5374,1,1,1,0,0.41619152971238943,39,31,0.03312852022529442,0.053973948437736986,950666
0xF243092f28B3824B8F922284B8cD5F9Cab86B27d,0x45CfbABd0D78eC50ED6c07d75E3DA600892E5D50,1,1,0,3,0.999999644841556,55,35,0.13834101382488478,0.04509091340813885,265614
0x17737e037e4E8b6D7347a4f41E458B8acceCF391,0x8dB5F6920D16cF6B7C269698723216339Ed92B92,1,1,1,1,1.0,5,4,0.5833333333333333,0.7870300302869732,1042
0xABbf20af35386de3Ec4b991BB188eF9F2b5B07E0,0x65c9CCAafdC61E18301eeA3b7609a226B73B9656,1,2,4,10,0.8127031346396623,74,21,0.19818594104308387,0.01493437478335966,3403
0xA134842FDd4451dd5634460120aE4311a140DC0D,0x70a20d48C5Ca3794dc96Af740825117c422C5798,1,3,2,5,0.26619294202649113,1000,26,0.5938737858421116,0.035310355280933285,6902428
0x88493d8a8E86fD4A9805777EC697a0B36c8FDfee,0x179C310129D6ce5e3e2d4aE80219c1AdcdF0Fc55,1,1,0,2,,,,,,
0x831E76f2524d284d549f398D865e3843A7ea9928,0xEFc6E098Cb6b35F76e57e4dc024dA5E5aF4ECFa8,1,1,0,0,0.5000490148024703,6,4,0.0,0.25,478082
0x55eAe66B9B7014578FCeCbfDa7FcAbF6C4C5B07D,0xfFD3e1dB8020B2E9F8706963be77db2FA3280106,1,1,0,2,0.9605608167137302,18,12,0.11666666666666665,0.056667897516891504,590717
0x75ADb61e1791CC04C1628DD9820e50b0086F233d,0x853Ee4b2A13f8a742d64C8F088bE7bA2131f670d,1,1,1,0,0.9604066177094968,1000,150,0.22910397131825685,0.09596160360866261,45625791
0xC5890E3da42623d2B77c5E5875E822AbcD935aCF,0x10aEAf2DF96659cba6b4D9e259209bB5786D6D0E,1,1,1,8,0.9999175748980098,12,7,0.20476190476190476,0.08337989886484219,1499
0x0a4B8C12769331402838aF8529374f5Ff9334942,0xACD351782fB25Da0181C03592927E55177C42790,1,1,1,0,0.9999999001668294,14,6,0.25,0.0714294435674553,2032
0xC85b19744D8d2517C3fDCC0229f6f9F0b781B9bB,0x734ba70a6BcEc8649F7483ebA22bb560Ad1a02E4,1,1,1,3,0.8009843348904778,10,6,0.36111111111111116,0.11121644377354781,4189
0x0ee0ADC0434873a4fF80fEe3E4e25B048c8B69B0,0xb6903294D754175389BCba4B0F5955a964E317aa,1,1,0,0,,,,,,
0xEb5E63C9Ee2Bcd1A5e82087d0f6C673063804f2a,0xEB744A3b8aBF163A1627CA42eaf476f2D3FAc8C6,1,4,2,6,0.9900499922113539,12,5,0.6,0.08375002712466166,71803
0x0A17D3e3C7e9C04eCe122e2Cc83911ab5E2FF313,0x5f0197Ba06860DaC7e31258BdF749F92b6a636d4,1,1,0,0,0.4912450849898825,1000,233,0.07541269078389354,0.004679233097084294,14851285
0x300FF1c319ae9c5b1481fdb154947177ff5998E2,0x7BF5d075d0D8c9a440A5098F7EADa5D3645e0f8B,1,1,1,0,,,,,,
