token,label
0x6EEb61Fed9E1654d9065184E77c187aDC1d9222c,0
0xCfEC09616c44CbafF3B0D60414e041aa7aaBBF15,0
0xCa2a18877D6B715d0E53A69845Ec25237a0315F5,0
0x7c7DAAF2dB46fEFd067f002a69FD0BE14AeB159f,0
0xF21917bC081aFEa1eC687508C374264D9F721477,0
0x3a2F651bBbEABEF36412be01659B93D0c6F2bF1f,0
0x919B22450c38108bB624c4c72B085Cd7C0442b80,0
0x3dC45408E7a9DcDe2819782fcE3ee8fBEcEB8F90,0
0xFE3cCcAc9B567e40042A66C674737c9AF29fD46E,0
0x3244476FADb6655285CD06E5586994537ef7c3D6,1
0xD125443F38A69d776177c2B9c041f462936F8218,0
0x66e16D50c07A01BB473eC794349d45aa1a0E5Dc2,0
0x3bfE9F4e25ed2793610BD78aFe766871F62AA11c,0
0xc1c93D475dc82Fe72DBC7074d55f5a734F8cEEAE,0
0x8774fA8aAd6e217460026210C90E2Ef8AD11ca94,0
0x50207D05adB6DAB52fCd7956F37AEA3223D3877d,0
0x8c6589310C086546E52b49a064D369Af3eac37Cb,0
0x5aF75F1dcF75deE025cdFe09579C0b680Be602d3,0
0xDE0E1F6Fd2B00E690A656817C2384ED171588F48,0
0x53c86399Ed6deDDcDa58c184c0Db61FDfF7784b2,0
0x99A917545de0Cf424aa705Ba222E08788Ee181F2,0
0xb0F9Cb6Fe9ce344525F557D112fd82dc6CdE6f55,0
0x0a7F27e370168B1E1BE2eF77a8Ba28D66983c515,0
0xf4a12010D72EE00B16D3fEe56D93358Fc74AFCE5,0
0xA1388e73c51B37383B1Ab9dCe8317eF5A0349CC5,0
0x5423063af146F5abF88Eb490486E6B53FA135eC9,0
0xd0258a3fD00f38aa8090dfee343f10A9D4d30D3F,0
0xB13238Bde6be750799CeC4c5bfdA61A7B38310dC,0
0xdf8c63B426515D9318256b54a72B388950f2A5dE,0
0xcC9f1FcaB316c73Ad3c35C02d5220a4338be69Bf,0
0xafae22B20D70C6d23a734A467056e652DA088858,0
0xb44d5e8055499d71BABEC798f89E8cFb9F2A9774,0
0xab3a9eA136dbBFBC1911fe73DdaC4dA7425a9c9f,1
0x76873Fce79B74e00E20597179f633DA169b8fa64,0
0xd8542DF96D9A59fB324FF3ed98107C3eA4f63c92,0
0x8A953CfE442c5E8855cc6c61b1293FA648BAE472,0
0x00cB8f9Ff8e1034047D33dD33F0535DBa2513e66,1
0x080063b28E79C7D130E9bB55F5f93134354c4d62,0
0xe1b8DB299406EA00D22d15F67EbB36E124e7CfB9,0
0x30E10b73D4A213518903aE97Bc14742410352118,1
0x82Cc4F8a33Fb5898662Fa22A3F5bbCdd89750D3C,1
0xFcE62ac25d433adB42A6Fe9e477A563C2028aE74,0
0x5827901B63168C92c3047B166eCc35adacB28594,1
0x9719d867A500Ef117cC201206B8ab51e794d3F82,0
0xfAB848DD56a014c09B9F8a80cfCf5dB6153DaDE3,1
0xeD5eDF7E3EDED7b8F679C41010716BbeFA2056d4,1
0xdE61923B4C94C55E90085F3FEEe4651Af1Db893c,0
0xA29083e5E96a592b70E61baeCa7ca92895e848de,1
0x6FDacb3848b0350992110215A9Cd241B8954bF57,0
0xBd108681Bd793C691B30c2981FFD5AFDB309eb28,0
0x52b888Bc7C857192437C1BC0598db4d4b4d4BD59,0
0xA551EFe6aA2f608AA85c4FB20C5720A2fF05f5d1,0
0xC0Fd9DfeE340Cd13a27ce370a02661d0FE11CeBD,0
0x4fC5974C191CF998B8b60B78902780d77e323D3C,0
0x84DAcA37777534630b61740DCb699413Da41dD75,1
0x6765d98C2C39743AcF6DbD258eFAf3b23c6afea2,0
0x7cC15fEf543f205Bf21018F038F591C6BaDa941c,1
0xbb71538BB1db7c2C8C5bD78D1b443e440b697d66,0
0xCda9cd9A1c02a4BB1ad229cCcc640c289031D2d9,0
0x820F598f5203e2CDd2990cD9a21fE36247A404D7,0
0x05C8d88CE808B9843B680A847fE2A0B41E235252,0
0x9562a55937eD084d7fe90f9d9D99c29dC5b74806,0
0xF82a129328313D003ADAd40bccd9E72B3d4a402b,1
0x0d37fA622516CFa95C9f1Fe327925837AA69187C,1
0x91B7B4e9CA2754bffd684C3aF2407c781C9067d0,1
0xFd5FB48F23B39D6fD84Ab3D69508dB210a036219,0
0x49b3C84410ec4c76984a291Bfb02e185bFC30D41,1
0xfcb2bca22851b6d5A9C4A79234b6E327345ddA45,0
0xD2e6b39b18A5b497cAc29573Cb37A66D25C7464A,0
0x3acDd41dc953fcdF41AA10862B8019a76bA34166,0
0xD66eCC2b4AfE01Aa7F70f3615b99FBBf6eF9A494,0
0x0650c6e62E6003dC5D271F275d4BfD7c9fD8Df0E,0
0xb371248Dd0f9E4061ccf8850E9223Ca48Aa7CA4b,0
0xE6469Ba6D2fD6130788E0eA9C0a0515900563b59,0
0x993791E8aB6d21d10be16A97661BDE0F88c0F579,0
0xEA813AA6b025f4e65Bb0eFa218Fb4eFB9433dB1d,0
0xc43146012A1b2Bf45D992D0fb7bE44667A937fE2,0
0xfa3630E8e2b510144Bb7BD3f39210FbC43ca9db7,0
0xAE99915429188F006736d9Bd065616877373c086,1
0x3Ad707dA309f3845cd602059901E39C4dcd66473,0
0x4033C0Ae0E31E269AA1eaff67073ACDc92853142,1
0xf29Db13a2EeB469d045aEF04a9C37CA237bbfA72,1
0xFc9Ff4650B84c60966735773F332E1ab19B50a4b,1
0xfFF4977EFD39148186f667722fe51B4FEEB9a222,1
0x849E3ff78E5b48eb2Ad875565536390FfF16A667,0
0x3A867bDE90d63c99Efe2dF06f2AdcA40550C75af,1
0xdb6582366996b32BD5C389Cc58BE23452fCB4B1d,1
0x03943C3ef00d92e130185CeBC0bcc435Def2cC94,0
0xd7691e68De77f2B758a00000577192559D47F554,0
0xC9c1c1c20B3658F8787CC2FD702267791f224Ce1,0
0x98De701d3302d5C1C44e80f388DdfCd8c139Fb94,0
0xa1d92186D3619eC2cE7C91467Fa2FDd0dE992714,0
0x7A11052F1FB8a021F6c7e4A80B923b778B20c440,0
0x7168C51e6E37AacED3AA7A15a03F77eBC90197c0,0
0xD37dC6f93f08D86dad771335b013d59330748970,0
0x0E94314f9E6067595929FA31c86C3c5268E2491b,0
0x144E9C2ED7860a76154C034e50689Ce48e75fA9a,0
0xe3b7fF1c7C5ce3E139Ac56249C5A0FEd0158Bc42,0
0x7583FEDDbceFA813dc18259940F76a02710A8905,0
0xE14d1d0fEAED80Ac5ECE73fb7947F6057bb83b4e,1
0x1829Be13b7dD7F07312D7D27318d0913EaAf83Bf,0
0xfFD3e1dB8020B2E9F8706963be77db2FA3280106,0
0x84072C5D4150B9D2EEA0e3345d343d5333673125,0
0xbd59Bda91372cDc07643F76cacC20D3d880050d3,0
0xFeffa933302CcC704836700F02ce4287A61AE4aA,1
0x31172dD9a7ce3e6B470126EdBFbe318ec0003743,0
0x2E812f645786016914D90Be00A2262B8FD7dD87F,1
0x0361BdEAB89DF6BBcc52c43589FABba5143d19dD,0
0x218C9F31CFC01FDD4A53c995C91d75898038662c,0
0xEfb338d99Cc675dD8F68EeCA7D5aDf4675Cec9f8,0
0x1d9D7C3eeeF5a5Db990c2870752eE73Ec0939359,0
0xF4B0903774532AEe5ee567C02aaB681a81539e92,0
0x4d8e671cC4BE52e08Ab256eD72EB2C5c974c9d56,1
0x8965C088868b932Ff89bB0d4354Ab725bd5dAB38,1
0x26eAA81CcDd6c678Cc383d6C600b7a21a02a0360,0
0x8c059898ca6274750b6bF1cf38F2848347C490cc,0
0x0Ad0eAF12d1F5c68E1AC2E897A03C2Dd596dE73F,0
0xc5940820B059bC540F35C79339c1d7890444C1a9,0
0xfEF493DecD0e4f9953b2Ea55b57623034c8AfF73,0
0xE69da3B9030Cb0bB2e8ade9864BE75b9A8900eC2,1
0x9f8d1C9C9bD9Dc1DBB6A8D863211f001F03Ea4ba,0
0x1a3acf6D19267E2d3e7f898f42803e90C9219062,0
0x3F46a70adB395cddb81FF9bFE3B62aDae1B44816,0
0x45582Df42C4F44E7d81F666d0abb3fEd77b796b9,0
0xbEc1Cd771be627f4BC30C25b31670746f999dFe9,0
0x76B7f60963f116A1F70B9C5e0f035bB129ac627B,0
0x20D3922b4a1A8560E1aC99FBA4faDe0c849e2142,0
0x88f089d4fF0f929a9026142ADFE62c97859B2442,0
0x70c006878a5A50Ed185ac4C87d837633923De296,0
0x115D8bFeDbE07703991527Db711f715A39bd8f9f,0
0x767058F11800FBA6A682E73A6e79ec5eB74Fac8c,0
0xB8060D8fc453561Cfb1d30A6cA36FD3c7669472D,0
0x96492C30724a07cEe73e46e8421A8C296FD00f40,1
0xdE0687d67641bBC65585BD06e0Cc984aB33BD7AD,1
0x1cfe63B04892735bcD2325a5806CB33B2c0C8A32,1
0x0A02D33031917d836Bd7Af02F9f7F6c74d67805F,0
0xEf7887C4Eaf2d49FF68b8eB2C140f0402d3834CF,0
0x3440916Ef90b3aE444a6e0b7EADA23f641965e43,0
0xb5B15b41D1a8bDd5a8f481bb398036C3b8605f50,0
0x1EE8821Ea2ACE20517ee666c5216f9B849FF37b1,1
0xE516be297c846a4a4bF9ec163D6864BB552825Ef,1
0x84ACaAD50edeb33D50D2dbbc5f0db24170944720,0
0x55975321D9d22587d1742DC68B35481C8DBB0Db8,0
0x50878a6aA5cb1478637e50E3a9A38913051ce345,1
0xb1163002C7cB1892D8B188580E9B7E92dc140A49,0
0xE4DB97A2AAFbfef40D1a4AE8B709f61d6756F8e1,0
0x79948EEaDe7A2BFBeCC49A6084D65229a8Cf8Fe8,0
0x3B9735C0ADfc55E18B83b851E697952eABC1c4E2,0
0x9396D4AD4Cb39749A27cfFa7181Cb29d8bb8FB40,1
0x181277916197ba92e845e70c0f37cbF98C768689,0
0x6d80113e533a2C0fe82EaBD35f1875DcEA89Ea97,0
0x63F02B3FB3DB44576D1D8bF6665C27da548b5261,0
0x94C18174840F80D49d59DC3a1742aF0B884A8184,0
0x3Fcc0C5d2d25a6aB24C4df7a2D36bb60E865a7ad,1
0x885dA5626b565b9c11Df39631196f669A90F1859,0
0x8bC8b0b98DA854E3864b663368d9b25A7be337b2,0
0x763c716736b27A02B7e55e36a8609a116210412e,0
0x6Fdba1A4f28D7077Cfd3080f70C13020BC5B5865,0
0x34504Fe9DF477B2768Ef0be497C80e578D695525,0
0xe78d242B7e2adE37a25B128b109228a330F3583e,0
0x2C82Dac9e6AAda92b24c1F5478000c8C4e31C591,0
0xAC63686230f64BDEAF086Fe6764085453ab3023F,0
0x91716DA21bd370F0beAa0eBf2e58BBAa4E614507,0
0x2cf7e671A80841c496d3007803389753F76Dd702,0
0x03119C53c3e9ba56A97CEB00Ac84772756c94023,0
0x9C31536c150A81885eCc69D53a53aef371D30bc8,0
0x9ec9551d4A1a1593b0ee8124D98590CC71b3B09D,0
0x6Cd667f14d379Dee05De329a6eb1280ff02ECc08,1
0x6E8a8726639d12935b3219892155520bdC57366B,1
0x3d25A35C6C944EA49d8EF9aaA4b3949D8D64ca38,1
0xc3FdbadC7c795EF1D6Ba111e06fF8F16A20Ea539,0
0x8eDE0EfCD28d33A529AD4B9a5b0193bF9105D956,1
0xCAa7349CEA390F89641fe306D93591f87595dc1F,0
0xb5e8E483A3fd2aD3279794f34E73F10aBD5D17cC,0
0x4CDde30DABe200F1BB4e7593a44A0eA044FCb07e,1
0xBEE8262c9F63935F2a498bE8df326f4e231B7AC2,0
0x141BEf88058fA09CA896556cd4DFEcC257772DcA,0
0x49f55b53CeE43241B4D4765443a9a19F62c296a3,0
0x267Ab21F7F61B13cAB73C3b70cD8D5307a046334,1
0x2c17a079E65732159C207cD11f037fA5fd0C0587,1
0xA0F0d42641a0719D153f1581479F333146F18066,0
0x9c0CBBBc48748b9335f483B085E5092e70E67544,0
0x17b5fA55299C23E50c6Dce718c68b1b80BF96172,0
0x2F6F07CDcf3588944Bf4C42aC74ff24bF56e7590,0
0xffA8b262537E94e58d83197Eb4Bd8069f266ce3e,0
0x3461677AbfF0D7fD9747Cec5451f82aCb2EF6319,1
0x06F34105B7DfedC95125348A8349BdA209928730,0
0x1F9921203BE371a1c8FEa9d2BF3a1f86dB4179Fc,1
0x4bA3F40530b008129da2F9C02f8bF4b19eDC0b36,0
0x502B8CadC8e52d3c6334CC46524ccfC5625De212,1
0xeA56aCFEb10250048B98C3e32f995C5AE4957ae7,1
0xe4CF872aDa5077A0fE4eF4210E800a38B7C0C28b,1
0x00fF0a20a6C7208847F9C62F2c1C308D8F0709Fe,0
0x8A1d1585A119569deFc6f1FD641E09CB6Bc2971b,0
0xE06Bd4F5aAc8D0aA337D13eC88dB6defC6eAEefE,0
0xcb88e394f32cbeE4E5339913Cc09121208C7DD0B,1
0xf789B7E03C76Cb632f7c809A9Bd352c5FD2F2986,0
0xa0c56f2259cA43a6F2933987E22d5e640b48a34f,0
0x2943C1E70560220b6D2F532482BDF2FE55C5e995,0
0x275F6bCd5bE1020aBf0a36AE3568c854d30D0F2d,0
0x871DDE7d54b0E1614488700dA78bE98184cCec04,0
0x47536F17F4fF30e64A96a7555826b8f9e66ec468,0
0xF924E5a8a8e0D1501aA0ca454652Ae532B846573,1
0x027FCBA0Bf12853269C625C762dba8D59e52cd9c,1
0x65F25E531f5A7F61DA356b9b3209e581F88c345E,0
0x24eb627569DE2a543bd2e87539314abaE694ED9d,1
0x7F376373FAC6347f6392d672BFb6D3959477929B,1
0xf8101bEFDC322Be3A79f930DEAf6B4CF2f65e521,0
0x6c1C9f90F59E97B0551C71605B98e51Eb71f4000,0
0xA936e1f747d14fC30d08272D065c8aeF4ab7f810,0
0xcc90c29600DD5E885fa88ad8685927F5D8d5AAd0,0
0x73683F39360b70a3490C6E0ea1A5c5248b3bF2bC,1
0xE8cA065853526316Ca386fd5AC849012940eA32e,1
0xAa9654BECca45B5BDFA5ac646c939C62b527D394,0
0xEcC68E13C0b4f1282CCF549c3fE1AfC3DF725066,1
0xf4ea36412b84C3be39c8df092fF8b2f6b5240EDF,0
0xaa404804Ba583c025Fa64c9a276A6127CEB355c6,0
0x1B91dAE2386d61Ff623bdffABf8B5B9c4C98f9BE,0
0xD34656c3F6C48987300faC434Fd1B80AED8F8642,0
0xC6a6c7269eD3c875303cD339B040d61355d1084f,0
0xCf742f58db0Fe515B0aC8d6Bb6f8A9D475e7E8E1,0
0x7c17B42a10C5EFc54107A10F6914AC0027c6917A,1
0x7Ecb5699D8E0a6572E549Dc86dDe5A785B8c29BC,0
0x13E8907Ee0D0cA2b409Ef89581176C2398c983f1,0
0x7FE4c93F1A5Ee99AFfB9979dC9e9bE5dD6cEe8D1,1
0x1fb5635cAbF218D44989BADCb51804C8b46A2297,0
0x5daAe277c141384F2D2c3DD0f9dB62797E723760,0
0x6804b07d883D0169C05233332CcF17aA956424c5,0
0x16385c846eE5DFaeF09AE406B4fC15D01aecEDe4,0
0xf149CEf3c35b1e92812794aD0C7055339B5cbF6D,0
0x59d348B888793e213803c8B95AA60d8A18A18481,0
0xef7294D508D86AAfd73c87028a1b9214baB4C5C3,0
0x2791Bca1f2de4661ED88A30C99A7a9449Aa84174,0
0x17664F5B46038D945F3f0d81b406aED6aee03C26,0
0x259ba1bC783dA697F20fB25793BCc46cc39e5e30,0
0xF3311E788202F2818FD4071e2C6f9C3072bC210C,1
0x67eB41A14C0fe5CD701FC9d5A3D6597A72F641a6,0
0x651C1539c61a9386EceC2E8bCC0A98b84FED214E,1
0x6f7C932e7684666C9fd1d44527765433e01fF61d,0
0xaeE24d5296444c007a532696aaDa9dE5cE6caFD0,0
0xb0779866dB56dEb3fc31cC3d5c80EcF21b5E9Ec0,0
0x0102bbfDdFFBd8d28d3a1b9C47017F62F42768f2,0
0x1B815d120B3eF02039Ee11dC2d33DE7aA4a8C603,0
0x0bbc50F35c2519A8A59A9553A2D1D5b8679Ac9CD,0
0x839F1a22A59eAAf26c85958712aB32F80FEA23d9,0
0xd60d2B5Bd2Afb1A25D7e3901189a5C00fC305602,1
0xd06A626F413a8eAcC2BaE0B176a51BFeC02436f5,1
0x412D331961Ee8E90F17d48dA673277C9657667F1,0
0x0fF30F1C4d918b3387884b69cA82D638376265f0,1
0x7f67639Ffc8C93dD558d452b8920b28815638c44,0
0x2e1AD108fF1D8C782fcBbB89AAd783aC49586756,0
0xc965B8fF279DFe65F83f3Cb641861566ABF3543d,1
0x24c6679ba51E11aB57694B8eF6250f4aBb66F03a,0
0xeFE3bBDC2fD918eC3328763d23D3EAf7F0D05F11,0
0x0B61269a3796cEb2095d8E0FB09845ccc4ACCD69,0
0xB85517b87BF64942adf3A0B9E4c71E4Bc5Caa4e5,0
0x64Bc251b0EB9200948C9155573Cd459C5E17C6a4,0
0x8dC61e3F1A61749Ffc1381D020120Ad6f84D7c45,1
0x3e1fd14f1FFC34806D65803d9ECCD38523dB71b7,1
0x8C2A0A9991D0D997b02d7F1d75aFaE589303947a,0
0xe305c50C243EEEBEd848A072a8570cC1793A72bd,0
0x385Eeac5cB85A38A9a07A70c73e0a3271CfB54A7,0
0x1BFD67037B42Cf73acF2047067bd4F2C47D9BfD6,0
0x261d9edcf6695CCebEE4DB4974955e3c95399455,0
0x5187eE21C6cC348d83E64A3CA7F9EDA850ca1bf3,0
0x2b37ba37394a3F2dcc6108a23A980D988DB48253,0
0x197CfA65a1EbD6965Ea7Cd1223b984A90D22F3a9,0
0xac51C4c48Dc3116487eD4BC16542e27B5694Da1b,0
0x0C51f415cF478f8D08c246a6C6Ee180C5dC3A012,0
0x80eDb2b09CAAB6D27F684a28d50885fBCD3f3270,1
0x42CA2D9346148D06Cb9E9b5046963e4687fBF47a,0
0xc4E77f589Bccc0c9ee0D81CB08110f4c5ED25073,0
0xced8abb6456948feb687Ec5aA7d2EF6c7243AD75,0
0xb85e4f6d2681CBbd4C46439A6949413be602950e,1
0x6f90242Cd70663555Ba061b913E63564810112E5,1
0xf001E3174e621c3654d29377E0cB8941106ec091,0
0x12ec6e41e35773f8D41CC90C5Dc8D791666f5944,0
0x2C82964534a25DFc86a2018C1c61F39359972098,0
0x42b088B89692D8AC99490454c440BbC507Eb0Ff3,0
0x0123dd44eAaB58Eb368A2a6183D1623d29204a93,0
0xE1e549Ef22139f3f739Cd2c2b1edb83f37C39502,0
0xd269af9008C674B3814b4830771453D6a30616eb,0
0xF528B2b969B0613b8B8be69EED260AAa997aC765,0
0x907575F5FDD86450BFFDFadeC6f4E474a93e73FA,0
0x41b3966B4FF7b427969ddf5da3627d6AEAE9a48E,0
0x72D82c7C1faB11Dd2bCb41ebdB3972a6742783E2,0
0x2856180C1f2933Ba9b434d311564288F62Bb58cb,1
0x43a97177B639AF19Efabfee6E9DF1f5Da3cFaAf1,0
0x45c32fA6DF82ead1e2EF74d17b76547EDdFaFF89,0
0xBA2Ad4342EaEbA15328d1Ab5Aa51EFa12097ce14,0
0x9Bfd230a470173D301CB949d1E74F70b2C683E0F,0
0xad01DFfe604CDc172D8237566eE3a3ab6524d4C6,0
0x85955046DF4668e1DD369D2DE9f3AEB98DD2A369,0
0x73D349e9b9e39424a0eBF781878449bd57B946c0,1
0x476fF0d0529Acd9Ac90728dF0c2fFd08E5089fc8,1
0xA0B82C8294E6cb5Ec01D0A4217Aa1FBE922d6886,0
0x077330F74327e4404E8DdC9f830e6285f8419616,0
0x18b8c6eC03A9875Bd119fbc488589B9f28D0A16A,0
0x9b77dA280471eD14122cc4Ac7B9b01EB54D7dDFB,1
0xf4C83080E80AE530d6f8180572cBbf1Ac9D5d435,0
0x6Be1dEBa9b5CCC38EA43ad36d6d4AF2392402533,0
0x1044669Ed21Cd9F75527DF4babC4a35A0b7685D5,1
0x4c2A13D5E2D7A903911367512Ef9E4778Ef9083F,0
0x16ECCfDbb4eE1A85A33f3A9B21175Cd7Ae753dB4,0
0xFcAE8a8C63E4068c7d1256C3D9750038e1882Fc6,0
0xED3F390CC7D8D8739b25Fd70308E5C3b22951C62,0
0x1fb89Ded7b9E6d6215C70a7F7C8644158f5fc1D6,0
0x94b45F046aa7A45815bDFdFe9ae50D782819ade0,0
0x331f778017402Be6c1FE014Ad825267cf97C5cD5,0
0xec927Beb49baa12a45BBEbd600A13EEB43fe6C5b,0
0xa967625EB982573D1ee72E5CE47B017520E16291,0
0xddC52a7595afC4Ad768425EC8D5077B79663AF6A,0
0xA2623C3938CF45c76aaA9678bFdeAC0991cA778B,0
0x466D5cd361C37e713cc42f70e544b34b85Df3134,0
0x9F93ACA246F457916E49Ec923B8ed099e313f763,0
0xF501dd45a1198C2E1b5aEF5314A68B9006D842E0,0
0xb3c9dc133Bb8c22ba1771A15cAE244185587e31f,1
0x669902e2e3cfDD251d8F1D42df1418E3F9f888d1,1
0x1b12bDef2d562E19dd3B8cB66F61f1e1b714d491,0
0xA3be492848D6cc4992346E786fbB25F4E3c71b4D,0
0x6DEa2667D300DEbAd02914ec4cf48d65182F029F,0
0x1465E68a7c74Be59C79E6788cc9b4Da9959C3b92,1
0x00a2C22573aC0b03FBaA4F21e09571C027E5A810,1
0xCAbA280C96ca6F3c64c620C304E77c48Ce473Fda,1
0x332Dfc091a0e4369c65f490D0454237BD5be8a73,1
0xC31803905B693489D7eb05e5660D3F7d1CBaD040,0
0x6e22DD35206c97B2483cb6866499e8B87e9142D4,0
0x9373A141F7e510E92279D8E1619F9f57a8B88AFD,0
0xe31b2eC0cfbEeDdAb8949220EAFe2a24767D5293,0
0x490941AfA7Fbd995aa99221FAF6994aBBb626Ebd,0
0xCEfd1c15e6Ef84c95d2bbF930C7c9Ddf743146cF,0
0x748490F8D30975F4B06e239293f312315Afc917F,0
0xae8Dc2A69e1029d68B2C663cd21B94fbB2F79d24,0
0x8DF26a1BD9bD98e2eC506fc9d8009954716A05DC,0
0xa574Dc46710194E11e542364AF23E658304cA26B,0
0x8914B29F7Bea602A183E89D6843EcB251D56D07e,0
0x607f73DC55276c358977BD7aE069039841115e63,1
0xbc9EB2482B08b3d9ae64841d69076574b843F8C9,0
0xAa7DbD1598251f856C12f63557A4C4397c253Cea,0
0x9A1A1cf27D4800a0D70a3aA9F5ef1b7bD72A9541,0
0x840195888Db4D6A99ED9F73FcD3B225Bb3cB1A79,0
0xe4e9e302F96411A77C7a639eb731b90eee990E6a,0
0x3Cef98bb43d732E2F285eE605a8158cDE967D219,0
0x7FA6d0bf11667b588A3251FF472025567614C4f0,0
0x605425Fd914598E6872bEC7380BeE92dDb43E5A0,0
0xe20B9e246db5a0d21BF9209E4858Bc9A3ff7A034,0
0x95f45Ede7b1cF2F944879988f47bC67F51558651,0
0xcF98103A2aaA4f830ab9ef8A9294D852Db5b147f,0
0x9026510676dEF354B0Ea9D98e089ad166FbB224B,1
0xf7eE4E38c344e1E3E6d2Bb2d92abd4bBeE016aaE,1
0x9f5DEF8B58F2d574aF3562b8038Cd66746C9fC40,0
0x1cb3D1aB5FDD40b51ec04c6e956634c685c7E7B8,1
0x62Add2b8Ff6E7a35720A001B40C22588D584FD13,0
0x5a3f93252EE4241e6194A1D7C23aef256E3FF316,0
0xf1826Cc43bcdcBb30b210a3F12F0b1ac99992090,1
0x58576F8f500AFeF7a7C42cdF074B74B9256638Ed,0
0xcE829A89d4A55a63418bcC43F00145adef0eDB8E,0
0x02C7fD8909858FB5734fd305610B30AaF3E10355,1
0x85411293b434E5C9b5E35C7248Dc6711c7BA1Ddd,0
0xbDA9fd788D1078549b92AE4BdE7164BD632CA1Ad,1
0xCcae792551205B18adBE3B3EBA01a2878BFa6998,0
0x3a7E6F651C8b20Bf487172BCb3746a2dd56aA1D9,1
0xe83cE6bfb580583bd6A62B4Be7b34fC25F02910D,0
0xb8DD82E944354B7bf9e9E0744ba5fF786581d372,0
0x987752f852e37B24EF5E06f044bA904Ab65C8117,1
0x441d1F894E555d7edc128F6D62e9797423a9f1f1,0
0xfe4546feFe124F30788c4Cc1BB9AA6907A7987F9,0
0x1e7C54F618a6260Fb2eB9Cf4BE995B062A87e2B4,0
0x8b94710759F744607FAA8B84433680777f0256F0,1
0x3c108F33FF5443ADc7dFE8a1b43829d27cCFE183,1
0xfA16d04db2B35f3dACb3713ECbf6C83d57a52341,1
0x0b6fe691A690ed464921582791A398C31A337476,0
0x67C3F6af25Fe37B45c12bE7257e75987f86365F6,0
0x4B8aEd09408be98f4657ca2Fdbb19a99AA8496ca,0
0x8C72f5dF6f4C2568DbaB0fc3Db64c388D542c770,0
0xae357fF86777Bb3b45ffCe43241c8390df6b06ca,1
0x73Dd9Dfe73aB3f0F36BbBA02e589627Ab79e5eDC,1
0x5b746af50a36Fb048Cc7F94c47399bEbDf1fa585,1
0xe3c50E5Ea9546fAe151067114E8Ea5B1e1dB2621,0
0x777F87cBe8D03d116f5fAEDa17F398DdFB0127D0,1
0x74f2FdE099061460ead6C04a6b374Cb739d2141e,0
0x8Db0A6d1b06950b4e81c4F67D1289Fc7B9359c7f,0
0x0d742bDeb8c74f588875C453ad61543f912C758a,0
0x1d2a0E5EC8E5bBDCA5CB219e649B565d8e5c3360,0
0x49394AfF1A64fD7d4697D2E251cAAeDAFc6ACEcc,1
0x4381C9Fba18f6e7Ddb46Fbd4aFDcD04d9ce4Ae89,0
0xd62b2155cc77BEE2445F7995810b2CAf2Da559fE,1
0x70a20d48C5Ca3794dc96Af740825117c422C5798,1
0x1F0c81faccDD0aeE8b30dAd98d30D64Ca780b06D,1
0x8051568bC88D01160d4Bb367a2C8eA0138D0c2d9,1
0xE4a2c69CB5C607aeafc4846A5DB900ab023F7D7b,1
0x90F3edc7D5298918F7BB51694134b07356F7d0C7,0
0x6749441Fdc8650b5b5a854ed255C82EF361f1596,0
0x8aC0C43717484A958A8fF48E7D7137Db1f43bC73,0
0xd0170FE488B25d8031cd2e50AE413BB50d329d68,1
0x0DcBfa223d69edadB70c90F12B014fcFF8D281b2,0
0xb8518867A55065B362A4c5022b7672638c82f5ac,0
0x3Ba0B99b3D10519858f1D73262C3164DB6b91c7b,0
0x608FC8841cC21c2573b50f10E33CA3128B5D721B,0
0xF9dBAA7a432478F310B1cb78cb1dCF0f8252875C,1
0x22AADbdB89534C3C455E59066AfE0ce9FEC0436A,0
0xbA0147786D3986854aaC5C412F54736ED1cB483F,0
0xd72357dAcA2cF11A5F155b9FF7880E595A3F5792,0
0x12225cc311e74E774C8E7980af5D6D9d95f6aa7B,0
0xe26cda27c13f4f87cFFc2F437C5900b27eBb5bbB,0
0xC3fd62d85aad6Dbe56c02Ea448135c5e5c6C8cf0,1
0x85dE135fF062Df790A5f20B79120f17D3da63b2d,0
0xE178d908924b1CCD3d5a37b85a964b0B1fc0C0c0,0
0x1F435c17d7Ff631218827F9BA43a696650a9D512,0
0x8940145a2c0722C0142065A233116f6Db3AEAAA8,1
0xA9C9f90509F9070D210573Cd4c63DF0C1C50BC05,0
0x30f836841049AC0bAC5Ae8aA0229a7B1C0c00fF0,1
0x9A4Eb698e5DE3D3Df0a68F681789072DE1E50222,0
0x6F620EC89B8479e97A6985792d0c64F237566746,0
0x4a4a0871ba5F2560707d298d47fFa6956b0EFcF4,0
0xb2292580Da060611621EaE62D4d43d56b67adc2a,0
0x969ceE3AF01ab58620DaBA25fd93Fc08AB285a46,1
0xeb45921FEDaDF41dF0BfCF5c33453aCedDA32441,0
0x4610A09231e175D67e7202Bc927d4B6cb8801C9C,0
0x5fe2B58c013d7601147DcdD68C143A77499f5531,0
0x4883e17EF26441259379EdC74Bb3e87eaA4EFee7,1
0x5a0625604dd302c40D9023060e929822578D1aFF,0
0xCC55C3EA6412A5e94f994D8A93901adcDe283349,0
0x7573c3372D4a329dfD1860316Fc36C7BCEecF022,0
0x3b8411975240bF032d2ae1399f110091692e35E6,1
0x8EaDc96BD1679BD64dBb1bF62Fb68e3D64A5850c,0
0xC3fF9FE268b613c426Fb3d64c95E4e9E9E89B0B6,0
0x27F8D03b3a2196956ED754baDc28D73be8830A6e,0
0x5BD44CaD516A52da97430643F0f555Ba07A0B3c3,1
0x4741f6f0f41299C1Cd3Fe11e7e87CE180332c1B4,0
0xC5B57e9a1E7914FDA753A88f24E5703e617Ee50c,1
0x9fDC23fe295104Ac55fef09363c56451D0E37CFA,0
0xE80FD0E008414281490d8375E6F4C3d4b31AE510,0
0xC4C341148CF121F1fa962Fca211B0057E0eB7D41,1
0x8505b9d2254A7Ae468c0E9dd10Ccea3A837aef5c,0
0x4924974805580D891557b1E25be9cAc4B88f8c5a,0
0x20828B944A9B3c19916DeC685Da8489DE6db28D5,0
0x013b12C704827F1D213421d4F39324fF84693256,1
0xd3688D6926Aa00668579455966DAE7433eEe82Db,0
0x3Eb7e868b1F34FF4c4F8dd68BdfB4C8A5D01602A,0
0x4731479cd56E3A55f8207Db9734e3FDB5e136D43,0
0xE04d7765aDE546C411D4B9020Fe134E7E0c90927,1
0x61f4077DB6Ced7F155fa3b548c2800d388d05D3f,0
0x1596e6e3C9fbf74dD2367077c1296a87164956E8,0
0xc4652cf9CffCd93B3E5b237CbF683515c2d92b92,0
0x32Cd639639eF8e885b456A88f9763F02DbA7eE14,1
0xF21D8682C7dC54a342D9E2420832fd58DcBFE40d,0
0xcECf60B95109Cb4C897b22877612228f0C76E52c,0
0xb5084E416E1Cab01a00a8a023Ca3CE3B15b53DA5,0
0x94Dd6252ba4ED742b329cc416Fc26f07445b2A36,0
0x73daFf403D63BB89d2dE71995Cb19E26cddEa5C6,0
0x6E48B656c2ee92E724B161A69ca206Dd113FA7fe,1
0x04977E869e56f75b7816eFd41C75CC4f7D4325Af,0
0xdf9B4b57865B403e08c85568442f95c26b7896b0,1
0x4369bAD2aBb80a234f38757A4b3406cA8818c3b4,0
0xF4129A4D9f722bfE815175FB03295b34741Fd757,0
0x42F6bdCfd82547e89F1069Bf375aa60e6c6c063d,0
0xd1d4480D4181340f98A086C410A6226fB672F044,0
0x9c4d6D35f1A1C465e5298aacC053C1279dC7630F,0
0xb8a9c3CBc8AEbBc0130f1b38A694d8D73b50185a,0
0x10A8529AfF17B87066cc668bb77Adc92d2435938,0
0xaA8f08F251180B8de72bbcE4b00B0f68A36b62C0,0
0x167574dB299CDF213a80a301fb5aE383A8A9f2E8,0
0xa0D64C22629d6E02AB25FA0C3e7bbC4d5711C4eE,0
0x9cd6746665D9557e1B9a775819625711d0693439,0
0x78E328a6Ad1F1D394B576d2c55d4AA5be26E0C12,0
0xE3f415E7d9ae12A691d02D0C21ef5c56592CEaD7,0
0xbAC4fBd731bBEaef5e2131a6009D06c064Ff5f89,0
0xD838290e877E0188a4A44700463419ED96c16107,0
0x632fbF85F77978437073a8CE5CEEC29e3209514c,0
0x995F5d7a4729C1Fce1AbaE40862BC73AC8a6CFf3,1
0xF07A8Cc2d26a87D6BBcf6e578d7f5202f3ed9642,0
0xB4b880ECA618AFDf72B0F6f62526917637C159D9,0
0x88dBAee5Af2f1434e82bb600C9119Cd82c69bBFE,0
0xEF6B7E511c18B5fC0099e680f17AE5C3b7601d26,0
0xE597A380d0F8C3dA6f8Ddb16D190bE6f89Cf3bEb,0
0x5a1de22F25aD8a178EA22969AEd436f6A31Be766,0
0x687565af1d121193377f9e90d29B4304A0ccDdcD,1
0x2f519393adF8Af5201Ac24e393F66e9B9217A5d1,1
0x27e0627272BfEB993A4013f90F52d357fCC75Fcd,1
0x21aE6609fb168Cc0371DC8292943658E0fC967E5,1
0x6b7a87899490EcE95443e979cA9485CBE7E71522,0
0x19793B454D3AfC7b454F206Ffe95aDE26cA6912c,0
0xE031b96C7b269936562eC096d1c7Adf24edA6E22,1
0xF8CCc93A6b414b33C9a35093c779152a5750e1CC,0
0x3629dAfE1dD50166F5552bEEa63158b3406Fe8bd,0
0x33369949eb0DDb21a5D4F83f18e813604157fB76,0
0xD21f67614715eF0C4Ef5b526B41886e23CA73261,0
0x2628568509E87c4429fBb5c664Ed11391BE1BD29,0
0xff88434E29d1E2333aD6baa08D358b436196da6b,0
0x436E29d38F81AfafA08903c5dC268B6be5722e1b,0
0x6710ae7Bd52e09847a151Ebf2912D3e4DAf56467,1
0xD0660cD418a64a1d44E9214ad8e459324D8157f1,0
0x5a2981343027fD9c79804f8F12BF7030dd2e2bF8,0
0xb89fd55ef1EA71560469d55637Ef9c2770d4830D,0
0x8A2505E1c5ccE5584b9C9950537d729A6AE841E7,0
0xE7a24EF0C5e95Ffb0f6684b813A78F2a3AD7D171,0
0xA8603c31D7D2c29A339D3Ae46413c18FE4A96f81,0
0x23f07a1C03e7C6D0C88e0E05E79B6E3511073fD5,0
0x30E37610aD2fa5A587B7790A30938183434142f3,0
0xe41927C5c988563275d34772ADE00028f171B861,1
0x3393354d03e1913adB98A77bFaF4A2596728Af65,0
0xd6F05D867C1EF3663719ad89673975b38E808CEF,0
0xb33EaAd8d922B1083446DC23f610c2567fB5180f,0
0x2b88aD57897A8b496595925F43048301C37615Da,0
0x60bB3D364B765C497C8cE50AE0Ae3f0882c5bD05,0
0x1B8EEAE11AE6d378558f45638B4395b7c5bc3549,1
0xe1f48d9c0217200425355ca8F9Db38AcB25bFfc5,0
0xbf8454D580c3f3A104F2495E2a6bB5CCE5935013,0
0x40a79C66306C4D5C06B24c3AEb7EBC59af1fFAC6,0
0x93C55AFcBB82594F7446537e4071fc6439E14f2a,0
0xe4DB44baE1391F0AE45cFA35Abef62941B343e77,0
0x371b97c779E8C5197426215225dE0eEac7dD13AF,0
0xFca8F02502BAf3fEE63Dfee8B684703E44b843F1,0
0x7Ef750829137926675CD8d568d4988e0Fa29ddb6,0
0xF5F2997F39a85F69a0d0AbFC27ADFF6466B782dc,0
0x104592a158490a9228070E0A8e5343B499e125D0,0
0xF9509b07cF67D1539B3d21e654Cb36F9D4F28E19,1
0xB932D203f83B8417Be0F61D9dAFad09cc24a4715,0
0x3b64d9c811d0AcB97Ac2E610B31E0cBbca7cC51A,0
0x53676eC2c90f261EBDafDFe6e87870158c845560,0
0x033f42316E23E16e445f1D37294A4dD857D694FA,0
0x0A81bfCc9809034B08740F9F3e95d048bc74Ed92,0
0x5D41F6587b744a79fC6370966Dfe9BBaBA002022,0
0x9c2c5daE9e07B020A4Bb45f693a725aed14A0669,0
0xEB9501216e3C5C9aD5e5BFCB5BE08696fD85E6eD,0
0x3E22A53D331550271065eB0b251b1F765b14166B,0
0x64FFf0e27c223097c824f9d9278eFD5B55c3430e,0
0xb4EeF1853F04AEef75F5C476dD27170AF2f8C124,0
0x7A53ebC249383F22010189CE9a1415db7e53Bb2d,0
0x87C9c1aB096A5fbBfEe242826Fcad35731fB1D09,1
0x1fd6cF265fd3428F655378a803658942095b4C4e,0
0x13748d548D95D78a3c83fe3F32604B4796CFfa23,0
0x1a35342eA7b7b98470ABc0f14C4EB3b07b012698,0
0x4d8d24968458af521ef02aefD95f161dF3f9Ea01,0
0xb884d159241677F4624856dc650204ee9f592Ef0,0
0xACD351782fB25Da0181C03592927E55177C42790,1
0xb12bA956F474BD8dDcb843f3067822418785764A,0
0xE9afCd8601e765835998E70684B5c99a44bf6787,1
0xcd7361ac3307D1C5a46b63086a90742Ff44c63B3,0
0xB6448b01A2FBfCa59211B5B34A3FFB71FA80A728,0
0x3962F4A0A0051DccE0be73A7e09cEf5756736712,0
0x16fCA7ed10EBC378Ead7A02d3B3e968271a3dd55,0
0xF826A91e8De52bC1Baf40d88203E572DC2551aa3,0
0x174AB4a517F123E2A250515ddcfE73cC5807F6A0,1
0x61b3D3B564299602B5126db4E630875dE3B36113,0
0x6C3F3aDc512Cd0cf1ed422b235A42879D5E3b226,0
0x97a8F0112aE7773A1be686DC21e9493F8C2E05D1,0
0xb763F1177E9B2Fb66FBe0d50372E3e2575c043e5,0
0xAEc815Ae1E9AB58f49692aeC2840FfC82C56F7E5,0
0xC3C7d422809852031b44ab29EEC9F1EfF2A58756,0
0xE58e8391BA17731C5671F9c6E00e420608Dca10e,0
0x1E2671fA6B4aE5B61226B7391fa87CBB55CF3Cf5,0
0x851Fb11232D73A27fE456662D167fd149fEb91fC,0
0xE7804D91dfCDE7F776c90043E03eAa6Df87E6395,0
0xE37dEb78bB46d2451C23017bc7C48Dc98ef63216,0
0x2Af9cADA7d35E80D69fBA3c81B8319E0361d9631,0
0xfA59306c71ed797F37F043Ab10a8Fa6244536B4A,1
0x6d106aA1f5c5ac4261C9FDD1fe6Bf90F6760A5c3,1
0x87C3896ef2D51b151E3A70290e306F9F0c0630B6,1
0x787f5740f23415e4c3e96D1E55E97B033F8A70b5,0
0xA77A35331E6FC34a7a2fE0176B258BC772A135a2,1
0x010066F2F96543F54981A422F8Ac3604F95d9AD2,1
0xdC7aC90fEc020cd7e250e78df121258Fb69A203F,0
0x736009da4438a009523E49C98e332F7086E8f887,0
0x524D42592B2235f30c4CbE70e273912d616a1356,0
0x699Eb6C52be6efDf8206176B6E3c243c88a59874,0
0xc6C855AD634dCDAd23e64DA71Ba85b8C51E5aD7c,0
0x607445Ffd2416F95A46D68480aa2c0F1A3ffE4bf,0
0xB355f4F4CC84a9429a59d5c2B98d77016f7EC482,0
0xDBf31dF14B66535aF65AaC99C32e9eA844e14501,0
0x72548521eDDb0bbdCC3C55AB63Ca08c541d8171D,1
0x9CC8179BF19CbdD847F0e1F23399467e0De29807,0
0x3ACD12456144fE234E5Aa8F753E424FC49921FC7,0
0x009E61595C40DB5901Aa7CE67819DD0020938A1f,0
0x8A311C8CD682e42755f46aB37bF807966D0C3007,0
0x7F242faa8AD603dB3C18c30bd1C88130abCd8088,1
0x5D195d77Aa87f304cdf39bd3CE14B7BE27b6609D,0
0xd52D9bA6FCBadB1FE1E3aca52CbB72c4D9bbb4eC,0
0xfAc26A651b24330F25Da7f7791A8D806fFAED768,0
0x1C954E8fe737F99f68Fa1CCda3e51ebDB291948C,0
0x0011734931a9b801cE57277D5148069EF0b4A900,0
0xD644c7f90A9d1fb7353515646B2Ca029FdE6FE65,0
0x19A935CbAaa4099072479d521962588D7857D717,0
0x171e7C3Aa467CBE972A1596e14124BeC5Df0AB7A,0
0x50454511E14bdC6359a4C0C380E5027324c7452A,0
0xf4039c4ACb510cb270390A18221Cca7550331EfA,0
0x45d9dFd954afED83c5bad2E2239E1602dc9B2053,0
0x3385a664c1A24181d89A8498806f7a374073632E,1
0x63fB1c30c547ec273d258E195b8877CC2A94a184,1
0x962573f0a06F687a8CC43F4154E17ACEA5eaaeDa,1
0x9f336D35C84Fa0fDefc9010C296B5b25D8E7286f,0
0x1D0f246ABE4454678EeB1D2e4E763471940b73e3,0
0x9C88fffF3644f8A2146aea2EFD6fB209960D5ecD,1
0x8DcB537cb2f7563372E4ce253F4c5F0804D3cdc8,1
0x4c1741a5f742951de4dDadD2b4ca25D8D5594a9A,0
0x8dF3aad3a84da6b69A4DA8aeC3eA40d9091B2Ac4,0
0x3da78d5C0EA557C28B4dC92A6629ABb03dC6dC7D,0
0xC35De09873D366EEe607a975903b49AB8dE7B90C,0
0xC85Ad80c4aC9D8Deb50b04Ad309d261332Bd1472,1
0xc54a5024b6c5e565772729b783021f60a8f9139c,0
0x6d5f5317308C6fE7D6CE16930353a8Dfd92Ba4D7,0
0xB4456f338A921E243E1374D65136b6c36d1a40e7,0
0xbabc4E9aC611Ae48D3c5c0928c298ad009D7a3f3,1
0x6D969cEA201e427d2875724Fd4E8044833fBc7f4,0
0x720614D0e2506362089cd3e59581a1f314F4c1C7,0
0x6e233F43DDA432F7A525272edC9fb83Dd36aa91B,0
0xb96A8456cAE2e2B5eEb464f398264CdBC5487677,1
0x80AB6dc6e6Ca99f2319213cd97fa02c14E4bd434,0
0x9Cb74C8032b007466865f060ad2c46145d45553D,0
0x31272a759bb0DA3ab75544Ba892Fe1C335740Be1,0
0x8712e1dB58eF14f5Ec630342395ec42758187907,0
0xa4Da719C4a070D695B98341331756D87f54B7E56,0
0x0B300c129EE1Ff3268154Cfc95165Ed9140F036e,1
0xD6DF932A45C0f255f85145f286eA0b292B21C90B,0
0x2db0Db271a10661e7090b6758350E18F6798a49D,0
0xcF0AA6361145f41099a5A9790220944BBcC5E770,0
0xFa07C44DB4b9dCF353d032e713350Ed159002C16,0
0xD86b5923F3AD7b585eD81B448170ae026c65ae9a,0
0xC292275f50e1B71e731bE5F2A631432e42111ed9,1
0xb8ab048D6744a276b2772dC81e406a4b769A5c3D,0
0xa9B7F1f421294e8Aae4f0fE237af84dF0a747185,1
0xc3764139E5b8eB34F9Bf29cBE95096e296530ACd,0
0x87D988bbEBDc7B6593122CfEe3d31ed823A28aC3,0
0xE5c30310b2CDb9d2698Ce27fd17c384544656C00,1
0xE104e243ca03148610Df35Ad6b3C7f3E34D5Ecd5,0
0xcB6F356Fb0B7bb57daa6aC96B40C667455Bf35A2,0
0xC64bb184602B32841EBCbc432141045F80e497b7,0
0x5d47bAbA0d66083C52009271faF3F50DCc01023C,0
0xCD2bA3d8161eBcB3FdBeFC3E6a65b1906Bbc42c0,0
0xe9762952A44BFBB30B905901f56D7ccba4aB7536,0
0xc919e6f6353B988Dc1d0fDeBA94BE72625B462a0,0
0x8CFD9992d1183d561678AE5c870dE40F3731c41F,0
0x829ae5c38B28f852B823228829681E910010aDc3,0
0xa4248cB19567330320aEeD7fEa4ceCa3531843Ec,0
0x7CC43c32A9CcfB0d3eD29030fdF86fC028977099,0
0xBB25487C0f4ed9e670fF0B6fFb3Fbdc4142B44B3,0
0xc2132D05D31c914a87C6611C10748AEb04B58e8F,0
0x4a48Af25893d919CE24442933ad5b1053506DBE8,0
0x2A01A47D07B40541CEA83375c272C3Cc31c69C5d,0
0xdF7837DE1F2Fa4631D716CF2502f8b230F1dcc32,0
0xCd150B1F528F326f5194c012f32Eb30135C7C2c9,0
0x600e5F4920f90132725b43412D47A76bC2219F92,0
0x458375f621d93f90Ec5ae0b674471e9f2F21645e,0
0x846e21D68d4f504c811d1015f16Dd9bB0F02B6aE,1
0x07d5bf841beb877c9bE550B79cb0d49e4e091Dec,0
0x89dFE2f59F344897bA6923475626caF18bf9028a,0
0xe2Acf21ff697853453548DB0EFC524E116335acf,0
0x9a71012B13CA4d3D0Cdc72A177DF3ef03b0E76A3,0
0x5c4b7CCBF908E64F32e12c6650ec0C96d717f03F,1
0x6f8a06447Ff6FcF75d803135a7de15CE88C1d4ec,0
0xCcAE06Ec0787c07D7dF5a60856C73A113Fc7CF9A,0
0x94A6421bA5a8D055Da67751aFDb9AaC9591BB826,0
0x924cEE5DE02EC896075648955163FE7dF07d4C24,0
0xa95cDA81dd94D4f9221524663ecc7ceBc7a23853,0
0x262BeE6504cc30DB0A19f6Bea177EAD8C0d139a4,0
0x464BD809db5E5ce9f1B9693631157E3a524cB457,0
0xdd5C8888e035125c1543E4163716dcAa4CBcFB9d,1
0x4a9C6068f84ACcF4F9115D11c54a74ec8DE1652E,0
0x9fe19698aE613Ae626CC3670A92A105e1089D68E,0
0x606461304c2Be6A34Ab960BceEf2126f488c7036,0
0xbD1463F02f61676d53fd183C2B19282BFF93D099,0
0xBf0eA60F6dbB35f9BfE9EA5b532B7795772Af541,0
0x14bbe7D3826B5f257B7dde0852036BC94C323ccA,0
0x08DEEb0AB4d970B50aEF456cBFee1C830FaE6FAb,0
0x1b53eDdC80d307345bD1D89e6A0350ac3777f7f3,0
0xcbcF80C70F86dB75a02DAf0f88467f8c378E7D79,0
0xb5c2792Ee47dA90cf39ef034a3b3D3dcD884AE15,1
0xC168E40227E4ebD8C1caE80F7a55a4F0e6D66C97,0
0x2Bde1792707d4b0e85b4C6dAdD403EB8eD579c7A,1
0xdef1fac7Bf08f173D286BbBDcBeeADe695129840,0
0x2d4678E71590c56Eb37869832a3642c405e1C252,0
0x034b2090b579228482520c589dbD397c53Fc51cC,0
0xeb9bC1138B58EE6c5EbB2dB63684d78858080047,0
0x06D3C3b4E609F3535347BD8a7f33ea9E54ceaC00,0
0x356b241E5211dD131934BE4877334E08dC107984,0
0x010935e2Fc4cb587c52a07FE623Fc0Be160D4a2e,0
0x78C320F94993a66aa30d14d19046D005cD199962,0
0xF4b8888427b00d7caf21654408B7CBA2eCf4EbD9,0
0xa5D80B031611555349751E9fFD8bfbB80bf3Db18,0
0xc48F61a288A08F1B80c2edd74652e1276B6A168c,0
0x0b3F868E0BE5597D5DB7fEB59E1CADBb0fdDa50a,0
0x24eF3595f46ca564594D5eb21BD1FC22C1c94934,0
0x960800237344ad3eA4b5C1F8C6F5FC196C947d80,1
0x896Bc51151B3Bf94b1Cdfb8a2536a54B87e172d6,0
0xF5055b5c1180FDaB82A18953C2dB9bbD3f5e4427,0
0x71880e3bE349dBcA28F4D485B66eD47fc6aF6eb6,1
0x441b7Be893864AE46984159EA73693EAC65A2586,0
0x5647Fe4281F8F6F01E84BCE775AD4b828A7b8927,0
0x1197Ae7F43695Be80127365b494E8BF850f4752A,0
0x8c0Ec810e02a76b89721C127E0D5062830C6b488,0
0x8311881F9e30603273f80D8A7992B250E7dd38Ae,1
0xd1c8B718dB806C93edDbAc650AE978112410915f,0
0x5755Fd34E5b6D60E535278136c37A9c067051AA7,1
0xdB3C43088Cc6Cbcc1cD51eA27F73E4811813f146,1
0xf7e24Ea0511Bde59a2343eBeAA0390E7c44c078C,0
0xac823e5D5BDe11E9c3429fea35144F05be604846,0
0x6b0284AfEba980c0818Ec5D28384c4FeE3b03973,1
0xE0339c80fFDE91F3e20494Df88d4206D86024cdF,0
0xdc622fd28B941b8B50E3d0F75b7Ae53d2C61D5e2,1
0x1346FdB62241e238Be9F84A2FC364c0657757015,0
0xB691c77730fDFA52d6BA4f15d8F404A7d2f67393,0
0xCe34140F45B2eea8d34e8259e6ba74fc05Ac6c0a,0
0x6DF922BCbEA7a7B8e22518DD8317139DEeeE73BF,0
0x167855fC9B315Ab7bd0069456ee698E124EAc429,1
0x26c7679cE7519e41386A31BAA94695BC97877Dc1,1
0x5BCda6E59262A96a599Ea938c9B679714c105Bba,0
0xfccc9702FBa1Ac419F19b3fe26e34085E3e0eea1,0
0x8e684871c5997ed63bf84DC0DFaB1aa031Ec7493,0
0x00aAC621B719FfC3480059dbB6a1ce0F3dFE5514,0
0x46123245B82dA0806F66A2cB68Fc10bFA3A0ca6f,0
0xEf023867C1002D6AC7F3e63d84896230a3BB830D,0
0x8f3Cf7ad23Cd3CaDbD9735AFf958023239c6A063,0
0xbcf131997de512BCDfe468843b0fc19221847b9b,0
0xfB5e2935317Df919587e105E788C0fB3C97E2B91,1
0xc30F68091FB72469b0e0481E2551Aa5E759D6271,0
0x9aFe6f40401509FbEc3ac261416052e9d416a3F2,0
0x9bc1E0aC94Ef09E1B6EEd26CB1BBE8de32AA55B1,1
0x46B35c64804ae4722041DC3d36619c3E2d9eBB0d,1
0x4e3Decbb3645551B8A19f0eA1678079FCB33fB4c,0
0x7EA5E774D2Db3b17da5218D8e66e95e11c37806c,0
0x1f1dF13C89feb23f8076A80C7767169697614D2E,0
0x18c5Ed3c231d54BFC1F7bA178379d2DE41f4D945,0
0xcE2899a18CdD166AEF9661F9a012C44c3845270A,0
0x2cf15C001A2A5dA76bf213D17763e5C856aE3632,0
0xcC1B9517460D8aE86fe576f614d091fCa65a28Fc,0
0xdD638b2159A8F374f7ADA9dEE59371e86Ec164E9,0
0xfFF81fF199F8646722F58d4a91a21EdcF31C3d21,0
0x3f1A749ef99f91978e897AF6256910213D593bfD,1
0x0136FB493A977a6c2441A20e4E5Eb3B7bb062612,1
0x655c6be6709ADA882456667a365De77Fa2eB4764,1
0xa608686B8e06B04C2FddF3314349a101CA3441B3,1
0xECA2AA5dBB9b8C23db5637E1A17bbf3B95628CaC,0
0x40Fb0BF25b52f183482E8Fba7D2341688EeFc613,0
0xc084E5FEA082FB7105939b3A8b18BF7D8203cA45,0
0xE5417Af564e4bFDA1c483642db72007871397896,0
0x71A77015f0F6061Cb89aF0B0477734c8D47b1ffB,0
0xf50D05A1402d0adAfA880D36050736f9f6ee7dee,0
0x374aF2dB27A0c655BEBA4323b4C4273DC30Eba73,1
0x6f57Ec3C983a04C9Bf9958C9E908c39a3cD0870d,0
0x801A1Aac66f610E8D73e0737253559c0EF1c27C1,0
0x5Af71a7e73658E6e2dF125B3fbA1ce4E2bf70EF0,0
0x642Eb6CcE398B977284375e6C3eF1A54BA57D28E,0
0x9ab9151c4e5Dd43216FC517e92B2af6bBBE52329,0
0xDe86d653EbED7073564903f1dB642d70936C366c,0
0x235737dBb56e8517391473f7c964DB31fA6ef280,0
0x19360b76c07e821eB8a7Fc5E38AF38C6c12cD0E3,0
0xF5E591f537EBDbb99C7B4de9879f5Ae1Be385E75,1
0x013C19E060ecc9AC2Ff9D582D0c33016a86C6a8C,0
0x6db7f16d8Dd1E120acF2965B8c86d8BDEc8c4aDd,0
0x4F4aE19018DCFacac87A79E2291b03bD08824B91,1
0x026f82516a962e1beC7bC526A3aF84Fa20c4f36B,0
0xdC57cDd6d1d4f350C18F75BbaEf902690c971b25,0
0x533C5a09E586D25245f33D2A4000E25C5e86D6AA,0
0xa03C1C738e2EEFbAE1D022350708F1132a3031B2,1
0xAAF165e75B4C9370d22b971AF08c630e76Bfa70c,0
0xA1a36c19653358f570D4ED8304CFE6d87e717161,1
0x039795Cc4221d5d7F3D15a1f9F8e696916E9fF10,0
0xd8cA34fd379d9ca3C6Ee3b3905678320F5b45195,0
0xCEb3a20062BF56d2FD9DaE6ad5e7D9dd508C7318,0
0x2bC07124D8dAc638E290f401046Ad584546BC47b,0
0x6bfB6244a018a926C1d96a4e65A687Ba01afA4a6,1
0x1eB645Bffce30BFFDDCfeE2C1557681a87dc00BE,0
0x0bD49815EA8e2682220BCB41524c0dd10Ba71d41,0
0xd51ff4085C8045eE9Be38FBe6757Ef359b441046,0
0xefb4F0474BA87814e9B030584BB946A05249843B,0
0x1e06408DaE0638B4B4564F65dA4319f382e9469D,1
0x670568763731F1cd604c7611907878F1B4956B4d,0
0x3981Ca8F23cCD17236b5868b6C45f6D2837fea40,0
0xB22ecDFe16BeF29cE48A63cDE0aDd3E8b536d122,0
0x580A84C73811E1839F75d86d75d88cCa0c241fF4,0
0xfB0c5802737640d1949a377B4Ae7188a01DfA555,0
0x5dd5d28d0205bE20F4B4E144c368b64ef63a1F81,1
0x9d781d8dB06111E3B05c8290A087cCd5f3b9EcD2,0
0xF05f8A5C7c28B7019Bc97e2C54720C771b4f2aEA,1
0xcE62fE753e7D6b7480956a282E6854403e9D1A66,0
0x512994835B1A68D87Bd6EA8F8f381894f1D59aAf,1
0x2E698E867880DfC2B3c918053D385aF9dA2fE866,0
0x229b1b6C23ff8953D663C4cBB519717e323a0a84,0
0xbCCA7B6CCFfC62Bf538EC4c6e8bF211E39e3EA92,0
0xCBe2144a297bC940918b5957d50EA97529B2e428,1
0x5d0915f929FC090fd9c843a53e7e30335dD199bc,0
0x737dC829751768e2fE743f9ec8A9FEA46fE96ed7,0
0x9aCb7988A3409ad1B5430972c9c5077A3c76A26E,0
0x10e93B7bFA1b32673EFd07A91439851FaA5E7Cf4,0
0x597A9bc3b24C2A578CCb3aa2c2C62C39427c6a49,0
0xE7095C7e56b02a52FA0729A4260490b7a594b77E,0
0x0F38dB64E04Bcd5373dCdF941Fd909d8436f4fdb,0
0x6603C91E795E4d73d34345e4893b85048dFf832c,0
0xE59c42b6a8c8079A5b8B9E6E407BB55fD66c7372,1
0x29F1e986FCa02B7E54138c04C4F503DdDD250558,1
0x6dC8Fe0A019511A7827eD31e4346cC18d16165A7,0
0x6E6DEf15645029519157Ab0eb8C46DBd7aa0c775,1
0x3a879931d80d6B1221F5f1887BAC929dA2c699F2,1
0xf2D8124b8F9267DaD61351c7aD252362880C6638,0
0x88C949b4eB85a90071f2C0beF861BDDEe1a7479D,0
0xebf68F5D50eA36A6B63C5d5Bee45476087c130cc,0
0x9A58fA00C394b2A4C818679Ab4430209CEFAB1b3,0
0x340CC8F092E508895A825356abA1e74F3a8347DF,1
0x4Cc525b0Ca1a76A78aD37A13BF2EC181A95Cb039,1
0x2aaE7C64C201d0cFcf7e2aDDDEfdF2688f60AfDE,0
0xb8f743cf4E92DA4d7CC181EF7DE3A5b83277d4be,1
0x723B17718289A91AF252D616DE2C77944962d122,0
0xeEef481b50787A99f9cf4ba5cE0b82fa25e8b2c4,0
0x84e1670F61347CDaeD56dcc736FB990fBB47ddC1,0
0x7D645CBbCAdE2A130bF1bf0528b8541d32D3f8Cf,1
0xF7fd5de553A55205Deef764d0F6D37414464C3a9,0
0x50950C7C2Df8EB88F567519a428a13E175bE7274,0
0xB79a6C0571e72daA9D8383200CF2330d42AEadBe,0
0x89a09BD708AcDdD5452Bc83dF69D5BD98341fbc2,0
0x81f0986D8Fc0858c31F97441677B8e2d7C2fD535,1
0x6DdB31002abC64e1479Fc439692F7eA061e78165,0
0x9A06Db14D639796B25A6ceC6A1bf614fd98815EC,0
0xA7dC6e8e775EF111D57e1a42BD5CF73883323d36,1
0xAB88342a5F54C14493C33F9172e6854627008d29,0
0x1f6402120b048D60f2aB0221224b4c2BA5Bdb335,0
0x887650A6236A8e4dfE7Cd3f61d00343a90679401,0
0x4f70C70469FA714CA230fc4a89a285787135023a,0
0x692597b009d13C4049a947CAB2239b7d6517875F,0
0xdb725f82818De83e99F1dAc22A9b5B51d3d04DD4,0
0x193498E20002577C28A42A8A839BdA7C78283533,0
0x7ceB23fD6bC0adD59E62ac25578270cFf1b9f619,0
0x199DcD3F3D022d2Df66a4471f028084283831796,0
0x33284C0B3aDF5586CBadc6707670F1b3F8B5CBaC,0
0xe9EB211208b52434bcFf5E830D5BD4EcfFC0B73F,1
0x8174b243559BB4A2742B6c9b4c4f2070FFfCC467,0
0x54f675FF38974C60E38c1122A8C74e34D2541BEA,0
0x656CC078fe81BB4D0012b2D2e6Cb0c0ed305eA69,1
0x40523D49107d49582695053Fd9433d73ff6d75C2,0
0x30E123B0BE157792fAdD478107beBd66985BD172,1
0xEC79b78bcEdF3C4b6d12C27bA6d092aD178b5B30,0
0x9CD42aed7d44EE801C827A8E5DCF41DF534E9e82,0
0x2F800Db0fdb5223b3C3f354886d907A671414A7F,0
0x228b5C21ac00155cf62c57bcc704c0dA8187950b,0
0x3850c968c96a7e092F8CC06628640488Cd7D2CE1,1
0x064424bE39D59EfBE2601027a6338D03DDE3d476,1
0xAB8AF58a8257eaCbB69985d60F898772f8F1b3D8,0
0xDB7511c22AeDbcb566a1d28095004d0EFF4b0a3E,0
0x4C756637eEA32056EDE331e00039fe6dae734093,1
0x172370d5Cd63279eFa6d502DAB29171933a610AF,0
0x93d2575994ed83Ccc1BceE858912BD0D6c13CA32,0
0x80b7CDf1Ade81bB1efD9f3aA7db02a9b4D8De274,0
0xf87Ed291c5CFc26bcc77D03EC2Cf4b75952DBdA1,1
0xebfbd3aca4414471f9aE7923557324F0f889E942,1
0x7C36208173fa65d2FFfD609B54910F5cB2487a97,0
0xAad3D1d4cd0EA3a99341Bd8D24575c7fadAf3a37,0
0x5fcC2517D337b29ed5d8F85CD3e47D41b3862757,0
0x42E5E06EF5b90Fe15F853F59299Fc96259209c5C,0
0x69178A5b15a3A075B660E671B44bB385758251c4,0
0x390D087575EAEbBcb8d4Baad3bc69BCE94Ee6F37,0
0x814D2FC14B56167aA03052e66eF72DaAa13443d8,1
0xC8f44553770CDc491f10C0b47F0172bfB4175ee5,0
0xA82E240eA4717a367D5c368B7D5E4c41f77855c0,0
0x3E3a5500C936E907ebCCFA34bF884A6E4a7CE24d,0
0x4EaC4c4e9050464067D673102F8E24b2FccEB350,0
0xB7bDEB0Fa068328897e2ad171C9D668530200dFE,0
0xE411D55Fb9D8d9d2A0b4161F08AdF768b23A584B,0
0x18f2D044a16e84076A6aC66dF354B23cE2D3Ed67,0
0x71B821aa52a49F32EEd535fCA6Eb5aa130085978,0
0xa9b57fD025901faaC10d5d5AE658a9779892684a,0
0x58FfF03a723e21880534C347e5F849fA2C61bEc3,0
0xcca3E26Be51b8905f1A01872524f17eb55Bd02fb,0
0x5d2375C6af4b7dE4e395ADa20aab937895B4fa70,0
0x165997aaFa86aD7FAa9906B6c8ED15d536E65Bf6,0
0x4C16f69302CcB511c5Fac682c7626B9eF0Dc126a,0
0x837A67B2A3AE2D543F2cF8E2fC27Ec6E4D9AA7D2,0
0xcF51ab7398315DbA6588Aa7fb3Df7c99D3D1F4dD,0
0xe8377A076adAbb3F9838afB77Bee96Eac101ffB1,0
0xc93B81a6DEfBaA95Cb73ab80Ef4256Be54BB7407,1
0x35C2b0C00A14bb2de4561C4014A10C67dc41a0b2,1
0xc11db8E2231b292634C0a2130cDED0653784E1Ee,0
0x723a42dff0bdCE09B7DCf86F4D47D8Be491E6345,0
0x04D93418F78b43bE30B78139fb8C876db30EA07d,0
0x2d9BB362cBF5f84B3d321B34d1e0dB5f23c60754,0
0x887408A5AD394d58D3a326c1Cd949DB56aA1AAE3,0
0x496E02917bBAbA1a5C2122cD4D2D91A111a4505a,0
0xe642F437B2e6D9D69d95a69e9e47CBF76A38E854,1
0xAbC454b770cdd7f21F16815D62e2DDaCBbf3cbe2,0
0xe3D73635CF43551d245A551C8Cf909A8475299bb,0
0x530361e8fb0B44E924E6Bd268Aa949c050ccC6ae,0
0x67Aa0E7f68E359D34E2C0d2B162B72d1b66fCA7c,0
0xa5B6C1C2c7E5Eebaded001d2ccAcEdBBa4543afe,1
0x61f95bd637e3034133335C1baA0148E518D438ad,0
0xbF75b3FB52EBb467201FCE4CA67CCf94dee2eC92,1
0x52443AC39C969F270150C2767F29b99eE6ee5F16,1
0x263026E7e53DBFDce5ae55Ade22493f828922965,0
0xBbba073C31bF03b8ACf7c28EF0738DeCF3695683,0
0x8f0a75b9C53137517Ed1953e04C868584895fE5c,0
0xaF88cDd91861600c5AD14399e9d32C05C12a1539,0
0xe368e830bC7F4767d98cb8B492cA220AE09e2283,0
0xc2755915a85C6f6c1C0F3a86ac8C058F11Caa9C9,0
0x95e28342130d41040d4e90A2b2ac417107047D10,0
0x926343fDfB1e4ea14dB6087889480F4ffD6Ae240,1
0x8FD72dAaaaD26EC7A35f0489f691FE586cdd3265,0
0xA5c7cF51a175dd0760F1C7B0D48d3927e54c71Da,0
0x5AA8f26B6bBBaCd57e2137A3A3F0f459b772d75D,0
0x3aAd782d27F801bD3BF8583d6F7bc1842d2d3fa5,1
0x3f91BC18d0F40C8411Ba6d485D4Fd7063A3D0cDB,0
0x3A4f7347eE0Bc673aa2B5926d8C89875eE5731ab,0
0x78C442a21cB2D06AC49b9B7A87649FDD4A035648,0
0x0A1Dcc07160935F78B0849e6Af83eB9c98FA2e37,0
0x478CA805BF2A08F8377988371b0EEd6d3423429B,1
0x6691D7202f0B6e89073297b5a849482Cdad1824b,0
0x7e9928aFe96FefB820b85B4CE6597B8F660Fe4F4,0
0x5d34C8954b91514486C31fBa9Da3F11f0f0dA597,0
0x6102b6FFf0C864dd30f19bEeDF460023De26D4A3,1
0x44083699F5fcC4ef06c150BE5dD026F51Fa5fD30,1
0x5434Fbcb072b6FD514d6B2Dd50224E9cE38E5738,0
0x5FF1CD7C9766BEce41fA571D2Ca35f5B01314163,0
0x0169eC1f8f639B32Eec6D923e24C2A2ff45B9DD6,0
0xA247B0476C11DAb0be132e91fe63b2b7085d7C0E,1
0xE54F5ffA152F6c87A65073F0fCcA844CAcf82AAe,0
0x7385034B28dbA5a3aCc916Aab15a0B2a665A6067,1
0xC125D5429a1e1fc1946f40fEFfcA1c7859bF1d80,0
0xA9cA51b6999dBD2554ce66A7333405D86F045789,1
0x122A972Ee66D139c5074e0c410dEFe2C05F300DA,0
0x6AcdA5E7EB1117733DC7Cb6158fc67f226b32022,0
0x2fb36d7dD2B8EfbaeB434C18437EE5232A1c57a8,1
0xD342E7dE5EabB47386F95d10C0362c2101ccFB4F,1
0x149749B691993B218904cC8C15684bBEb9568B3a,1
0xa91EcCd8215fd11BB9ff71765E503355ec86A121,1
0x7E20ca9Fb896a9d30699aBE27a24a2eC3EdA2BCF,1
0x32Cd1BCB75473845b5d1dB6ecE60AEC6E41d8518,0
0x2aF5Fdcbb712019cF84567Eef673722b6B13645c,0
0x7feE95a4EAA73D1c0b1f9B20fA0B2b5A9C2cba0a,0
0xb424650c45da1fF9C5C81b5c9f42D50F92a795B9,0
0xBE32B7ACD03bcc62F25EBaBD169a35e69ef17601,0
0x78ED321b622b9D26c0b1e558f603d8ccbBEAcb60,1
0xe4a78eFee484cbD10fEF1eA6B22Aa700bb7C5930,0
0xE40033F02b532175f0eb0d9422357D17cd26896d,0
0xc59DE17B50993ddf854B51Ac4532E26994f8655a,1
0xab3D689C22a2Bb821f50A4Ff0F21A7980dCB8591,0
0x4dae2CE49a4509a350b8F831B7226d2c24FA1ca3,1
0xa77944a08f2e127aC8392eC19C094DfEDDdC604C,0
0x9fFFb2F49adFC231B44dDCFf3FfCF0E81b06430A,0
0x03F24774dBe81a4b59F3DCE128250749F69407B2,0
0x6D0bA101447c92dF17d511a94fA8D8d8951b3843,1
0xfF52775dE813D060aA5854657055fB19b3a3DDa5,0
0x44d09156c7b4ACf0C64459Fbcced7613F5519918,0
0x69CDBE609e492718ECa28f948C6e016A6f4E2e24,0
0x5749f5Fb05fBF8dAE2A33549BC2E34a0074723Fc,0
0x0EC3854a9bAe95E4C5ccce224A1257E1fEB5372b,0
0x4e78011Ce80ee02d2c3e649Fb657E45898257815,0
0x5564c932fcdE85191Ce3bEF7263A369B2E2f5eE5,0
0xf91E6E28c3feF7b05d27EE8F5B802d8a425B58F0,0
0xAc988Dd7178218ef4433E76B859D4d990Ed2A309,1
0x0700A83446EFe9c0b23b046e87C10089657a00C3,0
0xaa5204B434b4D18800960b6B504425e1Ce4822DD,0
0x3Ae0fc4A5ee7d1C479BAcD57231550bd04e6eF8E,1
0x6d7A6A35Dc0Be6397D885C84bed8e677370fBD93,0
0x49a0400587A7F65072c87c4910449fDcC5c47242,0
0x5430a0B6C11f870571ffA891d59dec8C4608Ea9A,0
0x2d21AC15216f1e8C8B5d3D3e06Cb6cbFf528b550,0
0xa33B2D26903D70dfb6f4a141BE450bf0349e1D69,1
0x5d146d8B1dACb1EBBA5cb005ae1059DA8a1FbF57,0
0xc3cFFDAf8F3fdF07da6D5e3A89B8723D5E385ff8,0
0xdaB35042e63E93Cc8556c9bAE482E5415B5Ac4B1,0
0x85fe1e5108367AFCeFe8eFa3f017f80D6A414afa,0
0x7b6211A54D97B6d98DED9DE41daa722a505E9E53,0
0x1FA2F83BA2DF61c3d370071d61B17Be01e224f3a,0
0x65A05DB8322701724c197AF82C9CaE41195B0aA8,0
0x6D0336304Ec6Aea1A7Efc52F9242A05b8fA42c97,1
0x06176Ae811D20c404B729dCD48E839b70ba3acFA,0
0xFc5a7e9c07247e10572cD8823AaA61E1eDeD237f,0
0x3311Ea247878D0Fb980c8910eA811Daa1e9dA1D8,0
0x4597c8A59Ab28B36840B82B3A674994A279593D0,1
0x47a35180688654ace98717a33dbCC8Ca9b736eDa,0
0x64060aB139Feaae7f06Ca4E63189D86aDEb51691,0
0x5af5B59579fdF2caf63682Ca54f4670a94829767,1
0xD578187A60efb690493d5F32DD0e9127Fc6245b9,0
0x7313D0D52789Dc233f6C984a257ad649c442105b,0
0xFC2BCFDc6Ff75ec7e2d97230Cfe29BfadFa2A950,0
0xc94cbddD4D740a03E42C3D652D0e87E5b1AAE51C,0
0x34F9d1D6f765a638B2c1264090327ee4E8cb181A,1
0x8f9E8e833A69Aa467E42c46cCA640da84DD4585f,0
0xA11490fE148C43dCd059F1704c77159a05Fa089c,1
0x8F7b9E4d11C542737DdD07ff1FBBa2663Ffa5e33,0
0x86de9493fdf751Fb210796B6c3c414b41C8659D1,0
0x0f77cA4B95D4d06BbA3477717eE53757b208601e,0
0xA1c57f48F0Deb89f569dFbE6E2B7f46D33606fD4,0
0x0359eC1828bf80D2BC99E71D62108c25e3419Ed2,1
0x65900e92670F4FDb8f44d12237686Cd4900b6A25,0
0xD6c06EDF02fBFF31a5d906F07ab4076623e2A6f6,0
0xbFb4D9459EC704A3919a29954244ad753e7Bcb89,0
0x143265Eb4315ccB4b3E4Af104BfCeaCdD367d668,0
0xA07e9Df78648E5704275263403A3dC11f159b655,1
0x9E2d266D6c90F6C0D80a88159b15958f7135B8Af,0
0xDCa1397891F3D245094a20506bFBaF86610A392B,1
0x33693d872e9c9aaaf339351DA75d44D3104aC7f4,1
0x26c98eF58120F0985B4275A0466D36F845C45dA7,0
0x07c334458f98426eFc7fBA1F15d7156A0ec0a637,0
0xB64F1e01e8117a99D07394248ae3B51bc57A230D,0
0xD85d1e945766Fea5Eda9103F918Bd915FbCa63E6,0
0xBb820a01Bb18f0583969C6733899400aEdFa1E44,1
0x8816a2998D5b771C02eDE2dfcC879a945e882E47,1
0x5FFD62D3C3eE2E81C00A7b9079FB248e7dF024A8,0
0x622703d6517BdeDF1FA5d076D30dcbB00ee18d5C,0
0x504f4a53e843ac05BBD146Ff2837AD83706e374e,0
0x20F4F80d2CB021C59ae3EF42F6Da176e1b8e801C,0
0xE9E2A1273b416eC6e2bc595320D5b0E2B19eB882,0
0x228bEEE59786722FF3921d7A9622959805f19B9c,0
0xaF408531CeEb192088dFE34e788Ba4bd60968519,1
0xB6768Dd6167433822A54663BE92697eEE05a1C20,1
0x874e178A2f3f3F9d34db862453Cd756E7eAb0381,0
0x4eAe087558ee5A72215b80d22e9b5fA3914B0350,0
0x182dB1252C39073eeC9d743F13b5eeb80FDE314e,0
0x053955F259f37e805f4Eb31802DEae29f4bC3f63,1
0xEE800B277A96B0f490a1A732e1D6395FAD960A26,0
0x0C9C3B35b3cBde5459a777b8a1150F27B17CA77C,0
0x707a07c5f35a2098D84559Bba646A5dA1daB1F85,1
0xA99C98cA72D844CA4b3E08e33A15c0b72bB58cFF,1
0x568044eEf27FC03482B51C34C939481bEBc0875B,0
0x3e121107F6F22DA4911079845a470757aF4e1A1b,0
0xe4452852033af5568da2C704259cD0dF35bfF934,1
0xf8Ada1df3794178C43e13A9C628950af5172F98B,1
0x28B29AdD8cF65F03149e39BFB8d499da987cD488,0
0x61299774020dA444Af134c82fa83E3810b309991,0
0x8b2Be9eaEeb8fE231bfd040C00B969734b76639e,0
0x7bDa64742bacbfd6D9312921F6b072ED08Fcb7c0,0
0x077c2AaD56C44A3d678895249B6A438F7bD972d7,1
0x53CF566cf80e1a26Bfc16D055C866A72fdcBaEe7,0
0x67B78D31A40dACC5aCf7648C2Ad88bDBF6EeEc1C,1
0x9F43e49626650a230Fe50d38875ee12AdB64F23E,1
0xa75D50BE7462Ce4FE473bb218D051Ba9bFC15F0c,0
0x1A0bd176691DfcA94988e0aD69C0099D007e2C2b,1
0xd9E838dd60c8ea1e7dD4E670913323bB87DB112c,0
0x04b33078Ea1aEf29bf3fB29c6aB7B200C58ea126,0
0xa9C1740fA56e4c0f6Ce5a792fd27095C8b6CCd87,0
0x3CE442bd5190516665436587b9E613655C0C78AD,0
0x6B1E22bC4d28DAc283197CF44347639c8360ECE6,0
0x5c045E634CaCB348357E03259bc033D0f3A3724f,0
0x5536a8E754A445a85129510eE69cB932177635fF,0
0x071AC29d569a47EbfFB9e57517F855Cb577DCc4C,1
0x1eAD5A93011f423Ac60Def75555F77681bB4EE5D,0
0x269A400019C9C08F165Bb8Ef2C3481ab6642Cdfd,0
0xC6c1f684151eb235472139477F869b2e8385C416,1
0xA90754c37403903641a009EE1a6dC146BAc91D93,0
0xa2AB6A08519BaFDEDC07494284A65Cec0fDC6288,0
0x7c99441B64E6cF448872fbE7a37Fa0A963cB40B5,0
0xD00e1fd877F3e988B8F0c1546853D14dCD6728fA,1
0xaE14b0AFBa354050c58aea291615a6d85bbc5fa3,0
0x000EcC4AE4406e74234fAdBC92970886B1E81A29,1
0x5de4005155933c0e1612Ce808f12B4cd8DAabc82,0
0xBFe0eA5a9306201d70164bb6735240E5651969b2,1
0x2e2DDe47952b9c7deFDE7424d00dD2341AD927Ca,0
0x870aeCb477387f55d79cA572Fb3Caec59F189821,0
0xbb4CdB9CBd36B01bD1cBaEBF2De08d9173bc095c,0
0x361A5a4993493cE00f61C32d4EcCA5512b82CE90,0
0xa42fc534e7bc353Cd230EE399BC4c7141837FEEC,1
0x7e94De269df2eb9F4D0443d46500191F19C9A8dA,0
0xC5fff43Dca9D2d2719F268bC5f0106A733121626,1
0x9ceE70895726B0ea14E6019C961dAf32222a7C2f,0
0xBa40aDdF4D1cA069890F393Cc832Be25e075D9aF,0
0x7A9568aE827CD28Bf8365fD51BAA2dbcd7D3F465,1
0x672255E73E9FcB8d8971b6e2622057bAa84B5Afe,0
0xE83c63642A52E42D2EF5eCfc3BC9D264a1cb4E5E,0
0x89d05A3307a122687D3f8D497729782408493453,1
0xe0df35DD951Aea2eDB96eaE88E7E0652A1729ACc,0
0x0260b99FFD553ed023DB9658f5B9bc246cF1bea5,0
0xA798bA9A2188ad61Be6b930C5B6a69a3C7d4aed3,1
0x70D8F92Abf2A47432224836D69a500aA3De0f007,0
0x42d61D766B85431666B39B89C43011f24451bFf6,0
0x041dEE4Be8Dd8A5C2927444A533e30320ffF50D3,1
0x43E335c151699307eaa28AC7c1387f76Fe0c1445,1
0x82355AED16D297e8B672d50182A7F0446EDf6a13,1
0x65345F98E53E805b931AA4Faa2102e2E0D2CDA9A,0
0x8c638C60428b98b71232531f173E7A43B973f79b,0
0x8503A64070D2Ca8D078953a159C7bD7f663C1F0C,0
0xaA79BC6cA7d921dbD178b289cc363c6c15Fb2eEF,1
0xcD86152047e800d67BDf00A4c635A8B6C0e5C4c2,0
0xC004e2318722EA2b15499D6375905d75Ee5390B8,0
0x34d4ab47Bee066F361fA52d792e69AC7bD05ee23,0
0x72820c24FD36d6EE82F72211ae7173a17Fb20b7B,0
0xa75f9fffe9B3B86ACbC12afd14ae6c992136C9c7,1
0xbb91EDDCb769A3dc12F997A1423A811314395671,1
0xABF65CbA6819BDA6268A056458bDEb85fc7Dfb7d,1
0x5F050C14af95395fbb9785dbcd678AB7076a0537,1
0x9429e42fE5725590dd4957bECa8991853bC97EEb,0
0x7B6Ddddc65201Cb731035D135F8b88aB3c8C358e,1
0xDF44cb429a57e51152AA4EF99B0119756C721FBF,0
0x3DDA906fFc6299B527F395cB4c12e35361D7318d,1
0x787DCDDFEeFF157653fa43C733990Bf9440f1cf0,0
0x381d168DE3991c7413d46e3459b48A5221E3dfE4,0
0xD573A1529f67eEE93934Aa76E50A024F44E3701A,1
0xfAcAe4422c0c2c94BB589cb9D3F7b178Dc052601,1
0x0749902ae8eD9c6A508271BAd18F185dBA7185d4,0
0xC61BabE7e8d66f160F7e2882E59C0FF58157F68e,0
0xFbe43EaB75e1621ED8Be4EA7Db0416D1851dbE25,1
0xf78E36727A994C5BDF267367CBf8C19A5D721253,1
0x3f9599b86Cfd9FCc08c52bdD563275e8148296C0,0
0x6ef9dA0D18f7eAeE738C5f4ac727C3f4999581a6,0
0x77CBe0689908c544a6856f344352e8B976Cd184a,0
0x980111ae1B84E50222C8843e3A7a038F36Fecd2b,0
0x2a93172c8DCCbfBC60a39d56183B7279a2F647b4,0
0x3B9b24991fC6F3CBe518843cBcd43fB937A65FB8,1
0x5617604BA0a30E0ff1d2163aB94E50d8b6D0B0Df,0
0x2356D0B581eAafD83694b7c636Ce2Ef942613dEf,0
0x88c936a3FcFF48C7c432537261CfeA9dA534d04b,0
0x02e5d6c2702729c551d23D794ba477F80c1aE608,1
0x35aC92580eb672d9c76FeE4228165F6eF224c334,0
0x0fe518b164aa1d9FE8dE92A11688Ea8c4E392219,0
0x36e54b4720DE15363545b1460970da6DB9308Bd1,1
0x15aa48F4b962E4C49452Cfd48956C86027ecC6e5,0
0xC68e83a305b0FaD69E264A1769a0A070F190D2d6,0
0x282d8efCe846A88B159800bd4130ad77443Fa1A1,1
0xae20563403DDd9107eC5C7f2AbBc9864E2039Dc8,1
0xAdA58DF0F643D959C2A47c9D4d4c1a4deFe3F11C,0
0x18a8565367A9c5eE633070184a4E2737b08aCDfe,0
0x2EA3E8f750cbc55C293E6008E8B5a654eBBd0600,0
0x76bF0C28e604CC3fE9967c83b3C3F31c213cfE64,0
0x95Ab7Fa3Ea50f153170Ef355e8Aa5725154aEdBc,0
0xBAA2Ae99dD40E29a6541AD28548b1ffE9390482C,0
0xaE6d1483907A6b8b76b8c53202A6AcDa7548b611,0
0x4Aa4d6De11fED12b075E943d1442E05AFeb08989,1
0xFBd3857fD356fBEB422C84147ff37646349650f6,0
0x03478d9735e07E9ed9ee6e2B0F363b6C07621A45,1
0xabCCA87e198638bA642Af7c32148f4Ef7CD2897d,0
0x82c93dFF887Eb9d57fbd55D837db2a74422b9482,0
0x801cBC6f1E309C507207b968b932cfd60cE4dD7B,0
0x25788a1a171ec66Da6502f9975a15B609fF54CF6,0
0x45a088Dd674bdc4E7454465D47451755B39Fb52c,1
0x02a2cB09d1CcE19B870Ea44dFa9774Aaf757a9d8,0
0xFD247766C18Bc9ADc2D48349577C6946A960133c,0
0xb21361CfA7Ac7419Ce6F745a0519618343521165,0
0xeCb4cAc0C9e5cBd42a9Ed36467ce8f96072AD58b,0
0x7F0c2Bcd40b7Dc98ac2ba75c25c98DF56b56a016,0
0xEFb9770C85A6531eF9767B8B815Ccc98e6C6fD8F,0
0x255C4779Ff47Fa3bF607fc1CB9A8fA4340bB6a7C,0
0x8b6311DB02D6d1754Dee951F7F9Ff2f207A57eED,0
0xA960a83F05D8F1B02A437328f1b13F82dBD179b7,0
0x543bbE485270d9E75f21ea99718da702b339379a,0
0x5E0294Af1732498C77F8dB015a2d52a76298542B,0
0x2b89756aB7a831e8ce09c808474a43E7E45A9Bc1,0
0x057E0bd9B797f9Eeeb8307B35DbC8c12E534c41E,0
0x9B6Da34b4013F8558CeD14ee8ae620B5174882FC,0
0xdf5386684D454CFeA5Df0b25732116f8312D31a5,1
0x5d54B7F5C54538aE6E2e4064E068539ec05955C2,0
0x63CD45309FED12af86B41c91b942f9749404af19,1
0xDDEA2A076b77071Bd30f86644e6bC109DD3c13c7,1
0x8fC95a1FC1ec27f6C0EBfD383121c3dab6bCabbD,1
0x0d0B8488222F7f83B23E365320a4021b12eAD608,0
0x5774571c35dDF35CBcB966c74955f50698B836c4,0
0x6AE7Dfc73E0dDE2aa99ac063DcF7e8A63265108c,0
0x5E19Cbe29D7B67CE45FDB0935169c1e1dF8Cf458,0
0x3E3779675ed89a42db9faf3524B7E8A8b51281d0,0
0x02649C1Ff4296038De4b9bA8F491b42b940A8252,0
0x8929D3FEa77398F64448c85015633c2d6472fB29,0
0x22e3f02f86Bc8eA0D73718A2AE8851854e62adc5,0
0x684ac59b7C5Ab16b91fD33Ba446889c357f98C5c,0
0xC895E0587CfcFB6d97Eac26F58c14e396945Aeda,0
0x5273b6D3BAc507f6B13B79F7fD6dc422E4f50f39,0
0x9c07621FaE6228ee45b42C93a562c76C005f48a3,0
0x84342e932797FC62814189f01F0Fb05F52519708,0
0x08e175A1eac9744a0F1cCaeb8F669af6a2BDa3Ce,0
0xD4aEda62dF792c6C8B0eB8c12dE89197EC3CE8bD,0
0xbd9bCa8Ad9902e90800eA48202F1E7Ebb60D636C,1
0xE3aeA3dF5d1219dF88Ea455a3C550Eb7056d3fE9,1
0xCe2157A66AF0E1Fb5c348390D4c732F233e729C7,0
0x4FAfad147c8Cd0e52f83830484d164e960BdC6C3,0
0xfcF440D4BfC1A75459AD08984e7989c3505231E5,0
0x68d77Ad30dEfAD49f9FdADd20dD6f6D29547126d,0
0x735F2100345fd3E644557798768e3764bd0b2D1D,1
0xA7925127BAa2A98D84c5Ff65d6D30A20D026AE86,0
0xC16b4045562547109cd421653EDA3D8E63e9bC41,0
0xE48edBA14D5789d2C6A40b3993e9Ae34c54bAcf7,0
0xc26D47d5c33aC71AC5CF9F776D63Ba292a4F7842,0
0x9aF3b7DC29D3C4B1A5731408B6A9656fA7aC3b72,0
0x2aF1D53393a17B548a07d8ff4CfA873044399fCA,0
0xD6D2c7aC145f7e9Cc507b518f8443026c3fED1Ec,0
0xF7faC040af6AB3911947EcFaE4634EDB072f8238,1
0x983C0083127b9b65000E918b10d65A0F5d7500F5,0
0x9B6C7CFE1A1890B8Ab5bA207112C504ccC3989fE,1
0x2C89bbc92BD86F8075d1DEcc58C7F4E0107f286b,0
0xcF9a0988f9ae24a0248C862A2d31418D9256be0f,0
0x9468ddD60F850c3BCF55EDD2A108E700836c8633,1
0xF0333B769323DEc3196324d4e09Dc88Bff4fC473,1
0x207333606C71824927d58aFD5981eEB39547A92A,0
0x122903661d4930d436d300fD2Fe6F808e3085217,0
0x20174FD061B4350f80f74cE2CE47603e77b73D67,1
0xA12a8AfAf70D5c5efA3F07C837A41078E322d89c,0
0x53E0bca35eC356BD5ddDFebbD1Fc0fD03FaBad39,0
0x8E3daC652540A8E5128AFd2DDF2D0c2099E4d4ab,0
0xACb145abFEE17398AC2336be9CFD92a8dab79188,1
0xb7d4fD5d5d2f92f12841CB6a7FA5daa201d5F67f,0
0x1B43b97094Aa3c6Cc678eDb9e28Ac67dAaa7Cc64,0
0x9A555fc38c23d64567EC199f7CAc6Df2768179B2,1
0x62A3C5d6346A842d24053D871Ebe908A78cb46ab,0
0x969b2013F1db0F719Ba89b42A93f3a2acf3D0815,0
0x90B9597bBFDcbc86253d27d6B9a13079c5155f9f,0
0xa3Fa99A148fA48D14Ed51d610c367C61876997F1,0
0x59C86611e9ef2F453dFDD45EA23de62103bfD7D4,0
0x6EE15D61a3A03193c5a452f0D2AF4b9784116616,1
0x1631244689EC1fEcbDD22fb5916E920dFC9b8D30,0
0x4dfD7af8B60bA2edf82e07092c527d8371fBaBb4,0
0x613a489785C95afEB3b404CC41565cCff107B6E0,0
0x12C810cb6acc5847197455901F6cf3256B0c27ef,0
0x0e3059081f7e3Bb03D0A377949E6D91483f3E4AA,0
0x60B22830f12475fA4ac10d6e8ca8c769C8088F1A,0
0xc0e50b303BBCcEF55d44A8F64839749fDAF97301,1
0xe5894032CD37fc64BAd4656314Bf74E66775e17e,0
0x3bc13AEF8CF1445b251effde8375Be91ec7f4369,1
0x4e1581f01046eFDd7a1a2CDB0F82cdd7F71F2E59,0
0x0c63E4c1a13A92d46Ce0797bD5BbA57B67fb177B,0
0xCD6EaF64087a1F3AE6ae5Ab4cdf83568a4152F9e,1
0xE810aEf53db31AEe225583d222e6173600E36A2F,1
0xB44384533c254B3fc23E6AA1b930D595aE34a7f3,0
0xc85140d1CDBd8639308AEdacE04cEb0D996A61c3,1
0x0d500B1d8E8eF31E21C99d1Db9A6444d3ADf1270,1
0x428aC1de3FC08c0F3A47745C964f7d677716981F,0
0xE41D5a3ED305DaEE3342Ffb68aA6E072d30CD18f,0
0xD2D18970249407fFb26d181d10c9f2BC566a90f9,0
0x775DF1194E6E50D6A0e0197B555e643BC5410252,0
0xF906695AeAF2aEc43f0343165a909B4A30252F6C,0
0xf9c1F70f9bF57FAD5f63c6E1E25C2e895f04c0A6,0
0xB52CFBca305e13c4C6774846F8d42BB1F0eC51d0,0
0x1C931836980b38E28D50E4027F6880B30CC71861,0
0x5dD175A4242afE19e5c1051d8cd13Fc8979f2329,0
