0x472DB1061B5C78014Dcdf744648494DcA8197DA7,0
0xAa9654BECca45B5BDFA5ac646c939C62b527D394,0
0x0775d7C64fcB6DA6Fd855620dC3cB881461676Ba,0
0xff30636B5B2d4497c65d08e8798D86987Fdc2F2E,0
0x361d59565DdCEa2e9C2AFe98bbF4298984E1cBbe,0
0x172370d5Cd63279eFa6d502DAB29171933a610AF,0
0xc0E1eB1F09699990Fd9AeB6Fda02bBb9ec97b751,0
0xd62b2155cc77BEE2445F7995810b2CAf2Da559fE,0
0xA29083e5E96a592b70E61baeCa7ca92895e848de,0
0xC004e2318722EA2b15499D6375905d75Ee5390B8,0
0x476fF0d0529Acd9Ac90728dF0c2fFd08E5089fc8,0
0x656CC078fe81BB4D0012b2D2e6Cb0c0ed305eA69,0
0x6c7Cae73C6061A897DD5F2c16AFc4b6dEf9f3734,0
0xdDfE9FF7A6eC80d8eD566CD1AA0eA7E23BeA0764,0
0x6Ad07819171b8841404f3Bd3A4B2aa2282c2eC88,0
0x33693d872e9c9aaaf339351DA75d44D3104aC7f4,0
0x7B6Ddddc65201Cb731035D135F8b88aB3c8C358e,0
0x2903D8a30327Ef9341A36c6d7206336Df3153470,0
0x502EE8BCd3ebB4Ce19Da4587ba487Ab32Bf04780,0
0x4AAdd8D5B53B665F07aF7dbAD56A7A6779B63E68,0
0xF2fD98bDA7065fBA2733e91045240820baCC7E20,0
0x96492C30724a07cEe73e46e8421A8C296FD00f40,0
0x707a07c5f35a2098D84559Bba646A5dA1daB1F85,0
0x987752f852e37B24EF5E06f044bA904Ab65C8117,0
0x7254fd2C851F7a344776fe523C5fD36399436014,0
0x797F615E3C5D8DDaFA754Da725d3F13d4F096E4e,0
0xbb076A2eEfe1028B802aFC71efAD16033df16c26,0
0xF3ddd404d2596c62E81Cf7A5d0cC0582874F6760,0
0xE34BD2B5FC2357c01122E9510FA4F35621F358d1,0
0x1BFD67037B42Cf73acF2047067bd4F2C47D9BfD6,0
0xB3D7c2cF779F7d03A04f77a6ff98c4dcB5F2B48c,0
0x9d808858e7aD0ddB00b3C97b1459eA81853440f9,0
0x5827901B63168C92c3047B166eCc35adacB28594,0
0x8a6fC0A8a6B5DB22B6d5a9DBedDFf00EeE6F0e8a,0
0x40ed0565eCFB14eBCdFE972624ff2364933a8cE3,0
0xE4a2c69CB5C607aeafc4846A5DB900ab023F7D7b,0
0x846e21D68d4f504c811d1015f16Dd9bB0F02B6aE,0
0xb84D9e27714010b0641Fb712AB7dcEBb4cE4d975,0
0x71118EA77cf5d5D2B06e916C75804419574B6303,0
0x50EDe3FB8b847050D6A108a57D97234aeaE5ec3C,0
0xC2C850fba1541d1fe95eB54E1d414Be73C26103c,0
0xfB5e2935317Df919587e105E788C0fB3C97E2B91,0
0xFd07ee1F2f5d021aCE8F10f82CDe5F485F9a3Ad3,0
0x149749B691993B218904cC8C15684bBEb9568B3a,0
0x7ceB23fD6bC0adD59E62ac25578270cFf1b9f619,0
0x475258Fa7c29435223b0D856820acFC6C4E4B6EB,0
0xd2Bc8E8bE0Ded018FEB6c59c67D81bbF8B92AefE,0
0xb895569F11482737d189345D0393a833F4ac2934,0
0x2c17a079E65732159C207cD11f037fA5fd0C0587,0
0x5bD9c2EB03a2A96796D03a98AA65fB470D64FC8F,0
0x4033C0Ae0E31E269AA1eaff67073ACDc92853142,0
0x0e6D04F74843214C7e00BAc8e7697C1a45574EE0,0
0x7385034B28dbA5a3aCc916Aab15a0B2a665A6067,0
0x064424bE39D59EfBE2601027a6338D03DDE3d476,0
0xFc9Ff4650B84c60966735773F332E1ab19B50a4b,0
0x20174FD061B4350f80f74cE2CE47603e77b73D67,0
0x814D2FC14B56167aA03052e66eF72DaAa13443d8,0
0xc5a60e0c8458b03f13FbCE99DB5E7d45C715cFB7,0
0x875663D5021D83C381e2738EEF83AfE3adC389C9,0
0xDCa1397891F3D245094a20506bFBaF86610A392B,0
0x12B6585cdC14D42527bf5a3Ec26C7d5fBBBFDdBa,0
0x803F27182E413273D679165EAb7b73747e027607,0
0xCD6EaF64087a1F3AE6ae5Ab4cdf83568a4152F9e,0
0xc9C1DaD6554b193e1e7b7930e0B83acfcedA5aD7,0
0x6e25723BcE91090Ee94DCb6A74D7a1B82A70daf5,0
0xd6007220Be73CDbCA36e5fD7fbB0e80241dBea2E,0
0xe6FC6C7CB6d2c31b359A49A33eF08aB87F4dE7CE,0
0xe68361E0f58D0C1e38A5392Dd7e0c6BB5CD66833,0
0x34F9d1D6f765a638B2c1264090327ee4E8cb181A,0
0xA8e9DbCCDed613B61F378414453d23Db8dD830DA,0
0x6b0284AfEba980c0818Ec5D28384c4FeE3b03973,0
0x7aeb01b290511F92CD9DC6dBC47A8E23F8484C6b,0
0x6eFb1d1D51A91c8f201C57B87Fe7f5cFf0237a9c,0
0xaA79BC6cA7d921dbD178b289cc363c6c15Fb2eEF,0
0xaB6F564394AD9E32FD4a92d35842a874BA4D7914,0
0x6896e048C95dc3d52034A5D059E3C41908fCD5C0,0
0x478CA805BF2A08F8377988371b0EEd6d3423429B,0
0xF524d21316c69f50B46623a9773300B86FBe2e10,0
0xCe8eDac19f41A58F5255e3AA6d72cdbD2791Cc02,0
0xDa5949544aAf6124D06F398BFdE4C86Cc33B0Ee7,0
0xbabc4E9aC611Ae48D3c5c0928c298ad009D7a3f3,0
0x31BBf2AFEe1F8D1e3C2e0D9C20Ed20E10ec8001c,0
0xfAcAe4422c0c2c94BB589cb9D3F7b178Dc052601,0
0xDc15985340799F4b7e31812E20d68537b9DF25f4,0
0xEFeE2de82343BE622Dcb4E545f75a3b9f50c272D,0
0xb6689d4e9506195586FA1012547289a309FF714C,0
0x0F5CCF020db1834eFBe41192BBb45b767FDcE7A4,0
0x7339A43Df10882e293b67bAa2E62c5333752998c,0
0x4E70856f091E41f135Eb3143070920e93Ad5f1A1,0
0x56F483CF2f1F6cf224656647CA0a0D11BFB0404E,0
0x8dC61e3F1A61749Ffc1381D020120Ad6f84D7c45,0
0xbfe4793fcE9059055428Bfb86306244E6aa42428,0
0x21a145EE2a93D9751e3A000Cf02860632f856934,0
0x2b08D397f86a8AE168493AeDC40CE9c8c200E2da,0
0x37e155D9BF75C6bB9e2d089a3865AB284B434352,0
0x1E368065177eCB78717b282dD6bE7cD80A8A04B8,0
0xf32d7543b91525d2A47424E4d7A460F9Dd358293,0
0x46B35c64804ae4722041DC3d36619c3E2d9eBB0d,0
0x29d1b639F366754179e1452EF590bFdCe3f9DC44,0
0xA9cA51b6999dBD2554ce66A7333405D86F045789,0
0x3112c1779813ceb0c8c8E5fB19bC75A1C2a16781,0
0xABe93454f00826555746e65422eE882fE5E4EE3C,0
0xcD17911a0Dc913D621c6dE6a9e425F8065f275cD,0
0x5BD44CaD516A52da97430643F0f555Ba07A0B3c3,0
0x7d795bcb8Bf5c339b5383023D11F59c13070c311,0
0x80f7E2ac9290DC22c57871C3c34f988ccA5E8977,0
0x2189C9Eb3E1ef9d14b29eeF0c27AeBba5FA9Ad7A,0
0x6b140057F140e082B2501399915D9629751b011e,0
0x9f227D0091babB76deF1abc7838e500FA25CA2A1,0
0x6d106aA1f5c5ac4261C9FDD1fe6Bf90F6760A5c3,0
0x5A0177A12cDE798e1cEd5e857A23791A54A2237E,0
0xA328Eb5E2fD147B528aac2f67896190a17724205,0
0x9bc1E0aC94Ef09E1B6EEd26CB1BBE8de32AA55B1,0
0x0fBff4691AE67eBC8B0ad95b3922AFc9493BC622,0
0x1F0c81faccDD0aeE8b30dAd98d30D64Ca780b06D,0
0x3A867bDE90d63c99Efe2dF06f2AdcA40550C75af,0
0xF82a129328313D003ADAd40bccd9E72B3d4a402b,0
0x374aF2dB27A0c655BEBA4323b4C4273DC30Eba73,0
0xEF6B7E511c18B5fC0099e680f17AE5C3b7601d26,0
0xf1826Cc43bcdcBb30b210a3F12F0b1ac99992090,0
0x3B9b24991fC6F3CBe518843cBcd43fB937A65FB8,0
0x8eDE0EfCD28d33A529AD4B9a5b0193bF9105D956,0
0xF501dd45a1198C2E1b5aEF5314A68B9006D842E0,0
0xa607a2f8aA5fc9C7c71576eEfe141A23C13963cb,0
0xf87Ed291c5CFc26bcc77D03EC2Cf4b75952DBdA1,0
0x17e5457b6A5c3eFd9b8b4577630b3462abfa2831,0
0x655c6be6709ADA882456667a365De77Fa2eB4764,0
0x48Fb37a3B9454e055C13E0959a3Af461024D8E90,0
0x5431390F6a98ae2Baa92c3da0690272E1554a50e,0
0xc5Bb36d4Eeed36100ad84f8305a75fC3d065dB9c,0
0x87c830b6d732C3209dB97f61B379F359570d6A49,0
0x4C16f69302CcB511c5Fac682c7626B9eF0Dc126a,0
0xCBf4AB00b6Aa19B4d5D29C7c3508B393a1C01Fe3,0
0x45c32fA6DF82ead1e2EF74d17b76547EDdFaFF89,0
0x4257c2aEEf8e755D45AbB0b6D1BdE56c20D5b313,0
0x43284543540a29De091F0A1526aC033DA423E0E6,0
0x7b2F23f8939b241199f3aE809D1bcA69288A8b67,0
0x0e2499CB0f238a734463D79Da79606AAC8a103fd,0
0x4E657ECD27a5E6E50537a6B90da679d1AA2313cB,0
0x9fFcf6a70C01D1E5dd6dB55f1b63D84B3a863Cfb,0
0x05615241c136B5142bB491bed60fd0152AB781bb,0
0xc0e50b303BBCcEF55d44A8F64839749fDAF97301,0
0x72BE7dE407F7190581823a8470Bf3f0b5a502E86,0
0x110b6Ffe819d3e826d13A26F8CF7Dff1D53c21b7,0
0xd95c600c2d6B5cbe6974E27c35ee83C069bA5E0C,0
0xedaf7c80b8a61Db945aD6b29c6b5efeD180A0E7F,0
0x116B6bea5589f851019F0Eeab19488D1Ae5a1fD6,0
0xABF65CbA6819BDA6268A056458bDEb85fc7Dfb7d,0
0xa75f9fffe9B3B86ACbC12afd14ae6c992136C9c7,0
0xC85Ad80c4aC9D8Deb50b04Ad309d261332Bd1472,0
0x2E812f645786016914D90Be00A2262B8FD7dD87F,0
0x2F800Db0fdb5223b3C3f354886d907A671414A7F,0
0x0feb4032F645210D1783Bf5A532B9653111661Df,0
0xC057446A89Cbcd827b642f933e5459f206B44872,0
0x2837695A9c9d163e9c265ECa720b575c9486C25E,0
0xeC5AE5A69045eCf74c5C864d2876826BE38e7846,0
0x98521344091028Cc8009a717B6B53992c697ae03,0
0x6bb45cEAC714c52342Ef73ec663479da35934bf7,0
0x85955046DF4668e1DD369D2DE9f3AEB98DD2A369,0
0x7aB857ae7D1495A4b8C07B1f02ef9e747460E9e2,0
0x24d678E740E8b9b6F6544FC088A97655f2fD2743,0
0x89c71681Bb91Ce79F935C2781a9021141c63272A,0
0xF23B0f42dEE73d1DE547Aa65554Ca959f68b0045,0
0xeA56aCFEb10250048B98C3e32f995C5AE4957ae7,0
0x6Cd667f14d379Dee05De329a6eb1280ff02ECc08,0
0x529A824025083fd08A7D52d0bB3e17c60396939f,0
0x9C78EE466D6Cb57A4d01Fd887D2b5dFb2D46288f,0
0x8f3c8E9a04d0029f48720d604996093d96e5361e,0
0x7D645CBbCAdE2A130bF1bf0528b8541d32D3f8Cf,0
0x4347C7084Ab565ef1C3929106756B85295796cE2,0
0xc76F83036E00c196E2ddB9587B7f3F785b40AD30,0
0x144572d46307955Fd8F6A45b1f8551624E75F04B,0
0x197CfA65a1EbD6965Ea7Cd1223b984A90D22F3a9,0
0xA4A137b4eae7f71ABA003e7d77954cBE832121F4,0
0x9d59654271F3ED426E56594A00CcDd2431788107,0
0x36e54b4720DE15363545b1460970da6DB9308Bd1,0
0x3F22090f3Ea88EA1A2bD603557F700A8b6D7B1F0,0
0x8096ac61db23291252574D49f036f0f9ed8ab390,0
0x8C67ef2a3FcBeEA9317B1ab6d48B03A526226f29,0
0xc8D8a4F97e7d2d00185d9D61017899A40A3f247b,0
0xd06A626F413a8eAcC2BaE0B176a51BFeC02436f5,0
0x1B8EEAE11AE6d378558f45638B4395b7c5bc3549,0
0xfAB848DD56a014c09B9F8a80cfCf5dB6153DaDE3,0
0x2Bde1792707d4b0e85b4C6dAdD403EB8eD579c7A,0
0xAdde8d31415394C9fBDdfc1e145D0D36fAE84Cf0,0
0x9C88fffF3644f8A2146aea2EFD6fB209960D5ecD,0
0x6E8a8726639d12935b3219892155520bdC57366B,0
0xa9B7F1f421294e8Aae4f0fE237af84dF0a747185,0
0xfad2f593cDF0d4197dd273DC67CAb34916136dBD,0
0x6f8721F935F600C795Bd8826e6c45101d585D069,0
0x311E0296CD0039C63974996c905352eB61FC2562,0
0x5d4fe922AC03c00483eF669948d59B31aEF0AD42,0
0x1e06408DaE0638B4B4564F65dA4319f382e9469D,0
0x74457223D2a2860E7f857Dd1a709e0584d2Ea2E7,0
0xE516be297c846a4a4bF9ec163D6864BB552825Ef,0
0xEcC68E13C0b4f1282CCF549c3fE1AfC3DF725066,0
0xD448d7245cEBE7595F3167316FCBC728092F7E5c,0
0xE04d7765aDE546C411D4B9020Fe134E7E0c90927,0
0x979698F08836641858918955C7490fec5ce71E14,0
0x0c4101900644843aC77Af6f63A9C407e4D59CD05,0
0xc916896B1A8094D717d6E03fC5A71413Dd2A3b4f,0
0x9A6733163b2D839C4BA9A6893E70DBaEE3CC6583,0
0x43310f33Cb4e77d8f0A709Cb6F0be32D22c6Dbcd,0
0x4dae2CE49a4509a350b8F831B7226d2c24FA1ca3,0
0x831753DD7087CaC61aB5644b308642cc1c33Dc13,0
0x41A5903dCCF9C3C6329dc50109C902B513F46B82,0
0xB6768Dd6167433822A54663BE92697eEE05a1C20,0
0x129207AF07721E97BCe83395c02a2C8717e04324,0
0x02C7fD8909858FB5734fd305610B30AaF3E10355,0
0x27170dD4a934985E5EeBA5b8d03Dda222fA75F60,0
0xb3C31CBF66cFD663C4B0DC689979d3C2eF938219,0
0x8b42Bc396cE039f29d9Fa41A415b2b87Da64b049,0
0x21aE6609fb168Cc0371DC8292943658E0fC967E5,0
0x20D3922b4a1A8560E1aC99FBA4faDe0c849e2142,0
0xB140665ddE25c644c6B418e417C930dE8A8a6Ac9,0
0xb85e4f6d2681CBbd4C46439A6949413be602950e,0
0xa1212BD20A0926b4939f17D396521c439F48B81e,0
0x9a71012B13CA4d3D0Cdc72A177DF3ef03b0E76A3,0
0x0d7F6f9e404aF9EA9C90dC2278bedeaee82106a5,0
0x35C2b0C00A14bb2de4561C4014A10C67dc41a0b2,0
0x00cB8f9Ff8e1034047D33dD33F0535DBa2513e66,0
0xa0e07B33AEb73804C59B14AbC54dc6B89D42228C,0
0x6E6DEf15645029519157Ab0eb8C46DBd7aa0c775,0
0x3a879931d80d6B1221F5f1887BAC929dA2c699F2,0
0x3d25A35C6C944EA49d8EF9aaA4b3949D8D64ca38,0
0xFe25d00ae5D9346250f2FfB49F7607B7491d3678,0
0xCB0bCBe3C0bD963f549480C2D052024db68aDEfB,0
0x71B821aa52a49F32EEd535fCA6Eb5aa130085978,0
0x3AdD09F8A07216E1F389C145F2b725649c39bf90,0
0x01080746938F2a63767730382e8b78551f111fFA,0
0x735F2100345fd3E644557798768e3764bd0b2D1D,0
0xD7241D0fb9EC0832B06f29d9169Ee2b5c4fA4FEe,0
0xFbdd194376de19a88118e84E279b977f165d01b8,0
0x50B728D8D964fd00C2d0AAD81718b71311feF68a,0
0xD0660cD418a64a1d44E9214ad8e459324D8157f1,0
0xdf9B4b57865B403e08c85568442f95c26b7896b0,0
0xA247B0476C11DAb0be132e91fe63b2b7085d7C0E,0
0xb0E98db756BE23CfBf65F2cAd063596429498E7E,0
0x6af96896cDf72361CDd7c2f839480d3D4503BE7f,0
0xe4CF872aDa5077A0fE4eF4210E800a38B7C0C28b,0
0x669e912F53cEF368fdB07774D7624B4DEbA45728,0
0xD573A1529f67eEE93934Aa76E50A024F44E3701A,0
0xc965B8fF279DFe65F83f3Cb641861566ABF3543d,0
0xFC0c11aebE15E99832E00859f354713Da233D235,0
0x607f73DC55276c358977BD7aE069039841115e63,0
0x31019E5Ebc6a834c9F6333B948758e6c7985Fd98,0
0xCE4e6DA9c509Cb33C23d748713c681C959f68658,0
0xd60d2B5Bd2Afb1A25D7e3901189a5C00fC305602,0
0x3461677AbfF0D7fD9747Cec5451f82aCb2EF6319,0
0x1e1bC1EA99Fbd727914C4aE31eF091A103796BcC,0
0x3Fcc0C5d2d25a6aB24C4df7a2D36bb60E865a7ad,0
0x18f9bC5e42c15926eC706EfB221BfC0839cD87D7,0
0xACD351782fB25Da0181C03592927E55177C42790,0
0x162f82379203Efaa4E1fAd25a742A40d96951a9F,0
0xf481507E1d833B76A68B73bE9F1F68EEcdCF265B,0
0xe4452852033af5568da2C704259cD0dF35bfF934,0
0x4A81f8796e0c6Ad4877A51C86693B0dE8093F2ef,0
0xA7dC6e8e775EF111D57e1a42BD5CF73883323d36,0
0x27e0627272BfEB993A4013f90F52d357fCC75Fcd,0
0x7e9928aFe96FefB820b85B4CE6597B8F660Fe4F4,0
0x3850c968c96a7e092F8CC06628640488Cd7D2CE1,0
0x895fa841553D1561b3278b580a93F2bCd9687D2a,0
0xAE99915429188F006736d9Bd065616877373c086,0
0x52443AC39C969F270150C2767F29b99eE6ee5F16,0
0x0136FB493A977a6c2441A20e4E5Eb3B7bb062612,0
0x82355AED16D297e8B672d50182A7F0446EDf6a13,0
0x0F38dB64E04Bcd5373dCdF941Fd909d8436f4fdb,0
0x3b65A0830ed558e330c4E38529Eb586d96494689,0
0x90017E0952044806B2D4904165119aB40CD4B61f,0
0x0EBB689C2Ca6B17bd98b29923802060bE3dc7c58,0
0x2f519393adF8Af5201Ac24e393F66e9B9217A5d1,0
0xbF75b3FB52EBb467201FCE4CA67CCf94dee2eC92,0
0x8fC95a1FC1ec27f6C0EBfD383121c3dab6bCabbD,0
0x02e5d6c2702729c551d23D794ba477F80c1aE608,0
0xADF79dB1147e831158F08b13356D69Ccf6649d2b,0
0x332Dfc091a0e4369c65f490D0454237BD5be8a73,0
0x8917b0360A46bBD09cca71e3DB78268437db2f34,0
0x6f1e3dBff6EbFA53898027cfF2075d5222598186,0
0xdB3C43088Cc6Cbcc1cD51eA27F73E4811813f146,0
0x42AEb84241A4A0B90F9Da6f76E11fe1d9083FD14,0
0x4A63e2E882A436D01B0Fbc252dc081785c52c28c,0
0xC292275f50e1B71e731bE5F2A631432e42111ed9,0
0xFBA769d1206C3038A210d6987D47b05A97d419C6,0
0xd9E838dd60c8ea1e7dD4E670913323bB87DB112c,0
0xED1F90e4803954dcc1D5e584ab4689acC722e7C5,0
0x340CC8F092E508895A825356abA1e74F3a8347DF,0
0x84DAcA37777534630b61740DCb699413Da41dD75,0
0x67B78D31A40dACC5aCf7648C2Ad88bDBF6EeEc1C,0
0xEEeF80571f701B41D9da955A85A2b2Aa26B0714b,0
0x7E108699CeD91A73d1A8887A49888F86bDeED8d1,0
0xdE6815308909bc3d8d6Aa9C937Dd6Ba906f8DC5D,0
0x9DCED98e2030A1596609200952B5578Fac2aB517,0
0x3e1BCC93967E585d1B68A12028991D4B91C90028,0
0xE277eF1f3ebDF62071Edd662DBbdb7C97CF386c8,0
0xB105FaC8abA7c015Cce3B9Dd68D08f4Dd8490745,0
0x03943C3ef00d92e130185CeBC0bcc435Def2cC94,0
0xA731349fa468614c1698fc46ebf06Da6F380239e,0
0xFbe43EaB75e1621ED8Be4EA7Db0416D1851dbE25,0
0x396EF6350C02D19c08774b05A4F7652F01734fb8,0
0x4C756637eEA32056EDE331e00039fe6dae734093,0
0x8CA5ed20346c5d8a21A849d59c64f0884a532882,0
0x1d4D7804e0A63D7C496675A7dAE79855162e9961,0
0x17D342b29F054030a455b4191f977C3b0aA62Fd9,0
0xba2EB61a5D424d2E04E125A0A55d0D0D0b3bFE5D,0
0xf9a66b594905363967d43ECfA00d8331086074A3,0
0x9114C9A9efd04f67dFf6b94B7d1E42Dbd4638F99,0
0x2c4d614eA315617599a1070E4e8b82890D9040E0,0
0x2f535aE1A9f6405E9e6E2Ff10FdEd846358a5C39,0
0xD11eF924C5190c6432508e4ba49319B2EB03C8C6,0
0x64a54b880eD90d5F4aFA39452365Bf0F5975bBd3,0
0xae357fF86777Bb3b45ffCe43241c8390df6b06ca,0
0x76fC20573e3D9EE3a71eD4083940290eD1f418bB,0
0xdE0687d67641bBC65585BD06e0Cc984aB33BD7AD,0
0xc8b6Af292136591A7Cb795cf30752BD7EF100Ff2,0
0x104592a158490a9228070E0A8e5343B499e125D0,0
0x201E9B3221e346abF0165751993F7b4189D1ef3b,0
0x5617604BA0a30E0ff1d2163aB94E50d8b6D0B0Df,0
0x027FCBA0Bf12853269C625C762dba8D59e52cd9c,0
0x041dEE4Be8Dd8A5C2927444A533e30320ffF50D3,0
0x4e78011Ce80ee02d2c3e649Fb657E45898257815,0
0x5c6D6f5B8c0650e13A069080507Ae0A6bE7b36F4,0
0x1F842Af93BE6C45F6a92883448aC9603c1F59a39,0
0x5dEC6FcEE448196AEA3C82baF22d0317a9080370,0
0x2E26E038B7aF7CA21f12A048cEA6cE80F33C80De,0
0xF3311E788202F2818FD4071e2C6f9C3072bC210C,0
0xd14813730b72D4dA08ADc730949AefF7F0D5B324,0
0x30f836841049AC0bAC5Ae8aA0229a7B1C0c00fF0,0
0x9120599e41a6ceEc2EDBED4b412eE0a2274c38bD,0
0x4225582d127054382161a6499fdb98c8bBcD8aFF,0
0xc17b109E146934D36c33E55FADE9cBDa791b0366,0
0x26c7679cE7519e41386A31BAA94695BC97877Dc1,0
0x50fb6FcE76f5DabCe3Ada0e2847D99FfF2B2dDB4,0
0x6971AcA589BbD367516d70c3d210E4906b090c96,0
0x3244476FADb6655285CD06E5586994537ef7c3D6,0
0x9cb8aE7193ed21e7ee078128dfd145c84Fe83b37,0
0x8940543528943ABa6d8A43f04B9485167886D8aF,0
0xeD5eDF7E3EDED7b8F679C41010716BbeFA2056d4,0
0xDDEA2A076b77071Bd30f86644e6bC109DD3c13c7,0
0x4E77c61DA094E08E427CbaDD6b213ac2A44C4c54,0
0xb89aD6718e6D9E84f5375b153e5e226a3aA75C3d,0
0x844cdc97CFDF0Cd55a195b7D7D80172f2435EF5b,0
0x4692b72B73Ea0Fb78894B895441309bEcEe44c13,0
0x87C3896ef2D51b151E3A70290e306F9F0c0630B6,0
0x2Fe9970E7d982Bf33e226799e0EEA7aB3Cafe240,0
0x61E9c2F3501889f6167921087Bd6EA306002904a,0
0x0d9D668c4AE1D64b859930dDCd8cD9539a80ac93,0
0xd490B87a339Fd0280cD4edD2F79560a1c69eD6Ad,0
0x512BC507129E74a8BF653ea60774Fa4bf3c1e480,0
0xCBe2144a297bC940918b5957d50EA97529B2e428,0
0xE031b96C7b269936562eC096d1c7Adf24edA6E22,0
0x29F1e986FCa02B7E54138c04C4F503DdDD250558,0
0x137Ee749f0F8c2eD34cA00dE33BB59E3dafA494A,0
0x053955F259f37e805f4Eb31802DEae29f4bC3f63,0
0xe41927C5c988563275d34772ADE00028f171B861,0
0xBbC3Fc97ae51E67D8BC5de8FF02b0904faC53844,0
0xaC0dccF6a7D981baEd5b8b0fe70b4791082E439B,0
0x9067df48d851A9cDb73015967C424528B941AC9f,0
0x3DDA906fFc6299B527F395cB4c12e35361D7318d,0
0x3e66e42074DC857Cb66911B39755dA6B8b2C80e5,0
0x83749A528105a1AC9C36E67DC11b1fb5315Ce2a8,0
0x925C31743FAc3bBa3a4Fdbcf314A9c7eB57F150C,0
0x734fAf359c65BdA0675aDFb791B7175a89d18c9c,0
0x1cfe63B04892735bcD2325a5806CB33B2c0C8A32,0
0xa3F2E061F80ddEA8cB2f3AE961356fEFC96525cf,0
0x7F376373FAC6347f6392d672BFb6D3959477929B,0
0x1BD6FfDd7B3697C80B22262dA91C9fbed53924F7,0
0x8051568bC88D01160d4Bb367a2C8eA0138D0c2d9,0
0x00a7623e1172F9c755eF92efCdE90424F3465a80,0
0x459317986245Db8d2a21dCb0750FAe79f2394240,0
0xee5Dcd70825cDE536Dcd0817552D9E459217D357,0
0xc30215aAeefb174686Edb378896cd2aCd7E200DD,0
0x1465E68a7c74Be59C79E6788cc9b4Da9959C3b92,0
0x8DcB537cb2f7563372E4ce253F4c5F0804D3cdc8,0
0xF723A8a4D4dddFA4AC41F6Ad124BA5496B6003EE,0
0x4597c8A59Ab28B36840B82B3A674994A279593D0,0
0xc59DE17B50993ddf854B51Ac4532E26994f8655a,0
0xf29Db13a2EeB469d045aEF04a9C37CA237bbfA72,0
0x0bd54539fBDD584CCBa3a255142f1e607C8b4f7a,0
0xE2dDce59dEe4e56ea8F5399c79eE358cDe778E4b,0
0xcb88e394f32cbeE4E5339913Cc09121208C7DD0B,0
0x8D783d00C105199fE532828c32b93dC0b0A86808,0
0xC79358DE3868A7C751F52cFeECd650595AEE8B18,0
0xdd5C8888e035125c1543E4163716dcAa4CBcFB9d,0
0x604d917178EE0Fbf54A7bE78cc03370848244e92,0
0x7FdC6069Ce9aA2862C4EfE44537B37D4bBf15d11,0
0x3EE3F36A01aa5D12CdFD89BA5Cfcf127D588e14b,0
0xe03294f4ba8a709A5375a0f0cDD06fcdaa1d66c4,0
0xa608686B8e06B04C2FddF3314349a101CA3441B3,0
0x9EFF0AA8d3eE901fa71840AcA6a22e4Eca8Db67A,0
0x2e2DDe47952b9c7deFDE7424d00dD2341AD927Ca,0
0x57f869b8F27f2a79a0597e5a7141Ad2925819CD0,0
0xA74b3B02dc387D2FfB9573922d18Ac78f6b28422,0
0x13748d548D95D78a3c83fe3F32604B4796CFfa23,0
0x8c9aAcA6e712e2193acCCbAC1a024e09Fb226E51,0
0xACb145abFEE17398AC2336be9CFD92a8dab79188,0
0x32dCE20dB785EFC3C58085986941D366EF6a497b,0
0xfd1a737C6cBdBEe9e8a388Ff4b2E617602A8139a,0
0x5B3dcB07244dCCBd22A42080AE8b35E7a7593ED3,0
0x282d8efCe846A88B159800bd4130ad77443Fa1A1,0
0x0000000000004946c0e9F43F4Dee607b0eF1fA1c,0
0x9C76bc5a7e90248e387C6065638Bb3033806f3f0,0
0x995F5d7a4729C1Fce1AbaE40862BC73AC8a6CFf3,0
0x6f68fA254Db99315d5E34c0129F11de12e0bb482,0
0xf4138CEF784D1dd3CF85cA93e28E8EEb9E83d923,0
0x95B8962D7FAF8459FF4D9d5032c827E803bE49F1,0
0x3a68028Ebd27DD4fd8889d90b825aC8Ea06BEf8f,0
0x274089A95B8d82Ba7F11FDD661d8Ca4df899Ae0D,0
0xe2848E6d0590895754E2465254DE7Afde6130122,0
0xdC3aCB92712D1D44fFE15d3A8D66d9d18C81e038,0
0x49d6eD49B1716598a5C17B57Fb703AFE2B3104a2,0
0x8BFEF97813bFb1DEF7c9Ab0D3559CE042747d9E7,0
0x071ab2bf3Cb7c51897d74CEC58a47aE85d655956,0
0xFded7D3278D71b61b3840Aa85D660E83d9F62D32,0
0xE3aeA3dF5d1219dF88Ea455a3C550Eb7056d3fE9,0
0x63fB1c30c547ec273d258E195b8877CC2A94a184,0
0x61532F17452D6C8759aE2cA5Ab6d134dED776C22,0
0xE9f2e81894D34aefE7b6bBc89898fF92C39Db320,0
0xe20B9e246db5a0d21BF9209E4858Bc9A3ff7A034,0
0xf78E36727A994C5BDF267367CBf8C19A5D721253,0
0xb67176655e7919a27aA34C279157124619aDFd4B,0
0x73Dd9Dfe73aB3f0F36BbBA02e589627Ab79e5eDC,0
0xf62E61bAd5EB0aDbDE048CAF5036a82FDCA6B331,0
0x9caC2D9Ad8642DDC94e1a976075B58B7e4033205,0
0x9B6C7CFE1A1890B8Ab5bA207112C504ccC3989fE,0
0x2281881963a3CBC4c32A1F2870c3DE58C4A103BC,0
0xE69da3B9030Cb0bB2e8ade9864BE75b9A8900eC2,0
0xbDA9fd788D1078549b92AE4BdE7164BD632CA1Ad,0
0xE358c82Ae464C5C691Fa26394148FA2B03339DA9,0
0xb3c9dc133Bb8c22ba1771A15cAE244185587e31f,0
0x4EB033a22ee1D173EFcd808d5ea6152792814ecd,0
0xA77A35331E6FC34a7a2fE0176B258BC772A135a2,0
0x6102b6FFf0C864dd30f19bEeDF460023De26D4A3,0
0x9537a798Ed613024Af2FE14C81aeccC89eFa71af,0
0xDA6f726E2088F129D3Ecb2257206AdF7D8537Ba5,0
0x814E81f635473b9EfB2C483D5D5E68b92feE2407,0
0x1Ff1cd3b9a6e58675EDE956F3d6eB6f81EDf2913,0
0x4F92d29c2D1C101f66271303755925Feb73728E5,0
0x29d040b14710432ce07bAbc0C997c80DD64f2c9f,0
0x1132f58810Ee9fF13E97aECCd8DDa688Cc5eb8F4,0
0x70b86450B2685F2A64Ed908Ab087C7ed5dFdba8e,0
0xdc622fd28B941b8B50E3d0F75b7Ae53d2C61D5e2,0
0x0d500B1d8E8eF31E21C99d1Db9A6444d3ADf1270,0
0x8940145a2c0722C0142065A233116f6Db3AEAAA8,0
0x071AC29d569a47EbfFB9e57517F855Cb577DCc4C,0
0xaF408531CeEb192088dFE34e788Ba4bd60968519,0
0xE8cA065853526316Ca386fd5AC849012940eA32e,0
0x861B931e4D91b5B50A301df1E72Ef77192dE29d6,0
0x72548521eDDb0bbdCC3C55AB63Ca08c541d8171D,0
0xee7666aACAEFaa6efeeF62ea40176d3eB21953B9,0
0xE622e9232C7627C0dfA181e6A9E10612627e6E7E,0
0x82bD579e3680d10D169c802aE4E2D7B4d95b0284,0
0x07e62d7cf5FED7e171945772a5e5aBaE8b1A312F,0
0x9b230644ED4F12B52f52B709741E477D70545d2D,0
0xfCCBA1395Bc9a814347D9Aa469FdebB7A4327200,0
0xf8Ada1df3794178C43e13A9C628950af5172F98B,0
0xcb29c8a02F3f9d3865A6B2819dD82C5FAD323fAE,0
0x568AFFD0B6c82a4824Cb93890A212448971feE51,0
0x232eaB56c4fB3f84c6Fb0a50c087c74b7B43c6Ad,0
0x1D7fAB8A6741026D8FDBef52f90452b09bF582db,0
0x165736d5bBfC168f9F8B93802f56B40806879518,0
0xc93B81a6DEfBaA95Cb73ab80Ef4256Be54BB7407,0
0x831E5CE6B52Fe13655cE1D7FF3e813821200b9A7,0
0x32Cd639639eF8e885b456A88f9763F02DbA7eE14,0
0x8816a2998D5b771C02eDE2dfcC879a945e882E47,0
0x62E713DC9DE44Ba4E264cFA9732268e8554e72fD,0
0x15498F19e97Da374Dcd758cAFe53a3cDfdfebba6,0
0xf504B682Bd08b65cFf95f82255687DC0CE2fb5C3,0
0x356Dc5C63E5a6424314e032f3BcD075555069cf0,0
0x0d37fA622516CFa95C9f1Fe327925837AA69187C,0
0xeEAC0eB93856b4ca60fB980bE45Ea29Dc0345260,0
0x2856180C1f2933Ba9b434d311564288F62Bb58cb,0
0x70a20d48C5Ca3794dc96Af740825117c422C5798,0
0x00A6FF3d29d72D238082173e33d7a15c72359CE3,0
0x9482C9D634953fa764E71aA4eFc0F766E148FB87,0
0xFeffa933302CcC704836700F02ce4287A61AE4aA,0
0x5755Fd34E5b6D60E535278136c37A9c067051AA7,0
0x481882fc2F9ED02D3d23C822042657F52924F3a5,0
0x9CA6a77C8B38159fd2dA9Bd25bc3E259C33F5E39,0
0x61BDD9C7d4dF4Bf47A4508c0c8245505F2Af5b7b,0
0x7aCE654eEA5b1459E3c7287Be21b4562cf8855B9,0
0x7c17B42a10C5EFc54107A10F6914AC0027c6917A,0
0xfd37d5306A30fD5211A55401a3a1af0F680c9282,0
0x974d296973444986177b5bfCf565f8c60C481475,0
0xae1c209A8375b02e0ae69d67999999BD0ADA169c,0
0xB2d957faE155B53721BbD6f091eE3E1750aCd17F,0
0x756eceaE1BA2E683b794bE52d1f15706d10DDf78,0
0xC364fB242a3F690003251e6CedA540fC449430AD,0
0xa32148ee25c60678d701FdF47F2FAbE8B385270B,0
0x4d8e671cC4BE52e08Ab256eD72EB2C5c974c9d56,0
0xd0170FE488B25d8031cd2e50AE413BB50d329d68,0
0x93810fe228Fa8C69B08C2D8df3Ec05357C00C625,0
0xc3FdbadC7c795EF1D6Ba111e06fF8F16A20Ea539,0
0x0f403f69053D0ED8F3e2d08046e4f41D58717249,0
0x651C1539c61a9386EceC2E8bCC0A98b84FED214E,0
0xf7eE4E38c344e1E3E6d2Bb2d92abd4bBeE016aaE,0
0xe205F89828d68f2BAd2C43618AAE75C3b74146c0,0
0x9396D4AD4Cb39749A27cfFa7181Cb29d8bb8FB40,0
0x926343fDfB1e4ea14dB6087889480F4ffD6Ae240,0
0x1044669Ed21Cd9F75527DF4babC4a35A0b7685D5,0
0xdB545b324BD881B29D72C393546010C400af4dC5,0
0x3a3Df212b7AA91Aa0402B9035b098891d276572B,0
0xb5fC2B6b70f940207ef4260Ae3cBB7714926f7e5,0
0x3680DbAc26b66cf185467FD6c3a5F01b6BdfF328,0
0x32c0A8eb7913b1706Eedf20a4551D82f2C7Ced03,0
0x6181dEdD5D6aa117716cc385A0184C709b1263F3,0
0x893039Ed96EE53c87221d27346561273a90e25f9,0
0x960800237344ad3eA4b5C1F8C6F5FC196C947d80,0
0x370c2154aAad8F3F7F47909Aa14758ea8E4C7003,0
0x54cFe73f2c7d0c4b62Ab869B473F5512Dc0944D2,0
0x0249536FDa5c5D379Dc70D50236Dd9F3a414bB3B,0
0xA1a36c19653358f570D4ED8304CFE6d87e717161,0
0xd96bB5096f5Dea315EDE4D0BA9e6Fc609623EE3A,0
0xB80419F2a9d3f4596D79E03711Fc37F8eE27a02F,0
0xaAa5B9e6c589642f98a1cDA99B9D024B8407285A,0
0xAc988Dd7178218ef4433E76B859D4d990Ed2A309,0
0xD7cD796a33b4D0E75eb71467f1Dfe9F71B74E0fB,0
0xb33EaAd8d922B1083446DC23f610c2567fB5180f,0
0xb3C5e27A79E9B21E1100eF5DB33a1B97a6A35825,0
0x73683F39360b70a3490C6E0ea1A5c5248b3bF2bC,0
0xdDE1607262Ec88a25E218B7BC907a02Da79B2cD2,0
0xfFF4977EFD39148186f667722fe51B4FEEB9a222,0
0xfA59306c71ed797F37F043Ab10a8Fa6244536B4A,0
0x7278264D96813f2B22cff0F543e2A3973467D0EA,0
0x5a3064CbDCCF428ae907796cF6aD5a664CD7F3d8,0
0x84DA9aE031f9E5ea3e14A6D869D5171F12f23633,0
0x174AB4a517F123E2A250515ddcfE73cC5807F6A0,0
0xbf3cEfe42C7142e04aE184Ade181370C55ffD14E,0
0xB48BBc0B1Dc347397313065DEdD239439026f352,0
0x70bE836E07138Cb468F67547d978c954c5aACe61,0
0xF3f7754d1859809435c10c10bDAD1d7036A01799,0
0xC0BDFCAD70e456a666A2881EF6E550b8906538b4,0
0x33441254a393B794842d0084e32469d0D77d2122,0
0x2791Bca1f2de4661ED88A30C99A7a9449Aa84174,0
0x4A5bd73C00fafdcB9787DA75a4b6Cbf59735c6aC,0
0x15A7347C7b0cE900f05C457b3C6add18cc9E486C,0
0x25Efa48558849710C39f8526e5caa9fcc9942Bd3,0
0x8fA4dC2C4Ab7Aaae25CcA6430e61947EDD400ca4,0
0x9Bc9dB61f21a25cEA74De35753c2907C6594b984,0
0xA1c57f48F0Deb89f569dFbE6E2B7f46D33606fD4,0
0x4709A8f11BF913ecBf2Be53be6d78755dAdFed88,0
0x14b0deFa66f1E0E072c5944c8CB3CC06896558f2,0
0x03247a4368A280bEc8133300cD930A3a61d604f6,0
0xe64f652d490C7324b46815203f6b9b3c5179965D,0
0xe6289aFE6CD1EA91c4D91f7Fb455b6d11Db84c1d,0
0xa91EcCd8215fd11BB9ff71765E503355ec86A121,0
0x0359eC1828bf80D2BC99E71D62108c25e3419Ed2,0
0x86139F0245d993eD3fC1f7824E261656AD231C29,0
0xb9823443E1dd23a2D68782DCD711Ec5f23DA79B1,0
0xb96A8456cAE2e2B5eEb464f398264CdBC5487677,0
0xe642F437B2e6D9D69d95a69e9e47CBF76A38E854,0
0x34BDC06A7faD24E14D719BB7ab0E391cbc345d36,0
0x1EE8821Ea2ACE20517ee666c5216f9B849FF37b1,0
0xe9Da9F31BeEfFD244a210C68c625eB889c6ceE4d,0
0x5f1657896B38c4761dbc5484473c7A7C845910b6,0
0xE329456b762a3888bbaFf6880036931D1399a417,0
0x7Ef750829137926675CD8d568d4988e0Fa29ddb6,0
0xebfbd3aca4414471f9aE7923557324F0f889E942,0
0x24328c46a0E00536Eb001c28E8ED28F9e20fC91A,0
0xdEC11a43d621C5259C35Ab24Fd30AfE0525cF030,0
0x368899081A923260c8ecE2eB0c2d146D4a7C918E,0
0x80eDb2b09CAAB6D27F684a28d50885fBCD3f3270,0
0xaf5205cC7d95c1B8fD4ABD42fEA27f4fBe9e2e77,0
0xCfD4D28Bb4dc9A90084b61c905E95834692fE2ec,0
0x5F1C6F62E92ed4B82073a129A8342B8706F81B5F,0
0x0e59eEDB3e852A3865457E8c3C735E5a47363F67,0
0xDEfa10Dc800Dd3fb33cE6295EE936587A7188cC5,0
0x3e1fd14f1FFC34806D65803d9ECCD38523dB71b7,0
0x3b8411975240bF032d2ae1399f110091692e35E6,0
0xb5f7DFca98788256569BdCEC6a413b4F2D819737,0
0x371b97c779E8C5197426215225dE0eEac7dD13AF,0
0x2fb36d7dD2B8EfbaeB434C18437EE5232A1c57a8,0
0x4883e17EF26441259379EdC74Bb3e87eaA4EFee7,0
0x7FE4c93F1A5Ee99AFfB9979dC9e9bE5dD6cEe8D1,0
0x8f18dC399594b451EdA8c5da02d0563c0b2d0f16,0
0x2CbD327697aDC0d18A4AC1741075b60A230D8e01,0
0x788ebdadB245Ad809d38f0d4Bd3CDAc2f2703B8b,0
0x62a872d9977Db171d9e213A5dc2b782e72ca0033,0
0x81f0986D8Fc0858c31F97441677B8e2d7C2fD535,0
0xBbba073C31bF03b8ACf7c28EF0738DeCF3695683,0
0xc85140d1CDBd8639308AEdacE04cEb0D996A61c3,0
0x7A9568aE827CD28Bf8365fD51BAA2dbcd7D3F465,0
0xB5Ff4aBBd3719471851799dd7E6e61A26DB9d3AC,0
0x8eb4dbf3e9af5c9660Bef7866aEC325DcBa1D261,0
0x171e7C3Aa467CBE972A1596e14124BeC5Df0AB7A,0
0xA07e9Df78648E5704275263403A3dC11f159b655,0
0x647a337036b448Bed2fF75f27789A73f6Ff56f3f,0
0x90867b06354c25F5c28c95ffBD506E53993C941E,0
0xd5d84e75f48E75f01fb2EB6dFD8eA148eE3d0FEb,0
0x14ea7eC625A84491Ab0D4AC4475c90368613151B,0
0xC3fd62d85aad6Dbe56c02Ea448135c5e5c6C8cf0,0
0xA798bA9A2188ad61Be6b930C5B6a69a3C7d4aed3,0
0xc2E93cC8E8EC96076D20f9d9d16f8d415D90CFb8,0
0x3eB177A6693eC81d1E170136f8AD02fffBE172a7,0
0xe1159B20ae213e33F9e4D10a2F88eb7Fc8eD4bfa,0
0x5508752f55f4ac7B7AC22542cFAFECB343Ee78f7,0
0xdb6582366996b32BD5C389Cc58BE23452fCB4B1d,0
0x6d13311c659CaEaE274F83A2e875F8779F950bF0,0
0x2006906067A6c90fcE056505616540908e9ba1A4,0
0xb7BCeAED243fFDCA3a213EeC66d51AcaC8Ae3F3c,0
0x1AD2B46bC07522b7ED73AAd90913449f1e4bEe69,0
0x5fe2B58c013d7601147DcdD68C143A77499f5531,0
0x7E20ca9Fb896a9d30699aBE27a24a2eC3EdA2BCF,0
0x4Aa4d6De11fED12b075E943d1442E05AFeb08989,0
0x17BEA92fa8b6ba27591FFbcd94C0e6B9673A9Be8,0
0x61dAECaB65EE2A1D5b6032df030f3fAA3d116Aa7,0
0x4956D7F64627d21380424e94A802099b14dAbA75,0
0xf629712180bEF6F4c569B704e03d0AcbE276Eb6d,0
0xF7faC040af6AB3911947EcFaE4634EDB072f8238,0
0x2a19eCD88798E940f277317bb142B92D3A94CD23,0
0x01fA5b3A5d77BcF705DD505bBcBb34bce310E7FE,0
0xbe9512e2754cb938dd69Bbb96c8a09Cb28a02D6D,0
0xC4C341148CF121F1fa962Fca211B0057E0eB7D41,0
0xe9EB211208b52434bcFf5E830D5BD4EcfFC0B73F,0
0xD86b5923F3AD7b585eD81B448170ae026c65ae9a,0
0x000EcC4AE4406e74234fAdBC92970886B1E81A29,0
0x6c6bd7dE145005A2375fC85EdfE0b3eA013F3e95,0
0xe3BfD69f3385EcB2E0EAfF8EfE6c8fAE4d83a3cA,0
0xfA16d04db2B35f3dACb3713ECbf6C83d57a52341,0
0xBb820a01Bb18f0583969C6733899400aEdFa1E44,0
0x656AbeBBeB42413DcD711f4F529261398c2a5948,0
0xb6D721D80446B9884FF8A6082145d6411B657559,0
0xC3843D386e3AA718f132Cd0424B90a018b497816,0
0x2cf15C001A2A5dA76bf213D17763e5C856aE3632,0
0x627F699300A9D693FBB84F9Be0118D17A1387D4e,0
0xE810aEf53db31AEe225583d222e6173600E36A2F,0
0xdF7837DE1F2Fa4631D716CF2502f8b230F1dcc32,0
0x34F4D0c5E515fafC8c6B9a4078635aF283923236,0
0x9C9c3d859A4C0dD0505aE57714F3231FE8a07149,0
0x823a3A5c95843d8ac5637083022252a786D43bFb,0
0xeB0b51aa20DFa8682C100fBE3c083D36642AB090,0
0x80385aDb23D35eF31E5EC35d3E19b19573856a65,0
0x85699e6dDf946E30DddbD3CF60443283D4D5e24A,0
0xb5c2792Ee47dA90cf39ef034a3b3D3dcD884AE15,0
0x9E8e1262b90bE9B55658D1bb4A2a9fb8BE9E6b04,0
0x5B0c10270Ae2Ee3DC1003BB1E5Cb63E93306131C,0
0xa0e504482E24d8c9EB3A656174B6d35e135FF207,0
0xa7608cC47Fb65811B030A1782E7D639BAe69F36C,0
0x3a7E6F651C8b20Bf487172BCb3746a2dd56aA1D9,0
0x03478d9735e07E9ed9ee6e2B0F363b6C07621A45,0
0x409d1CE864f10837621F24052AaCeEF560dA7269,0
0x6Bfb803a4c458ED4Cf7Eb96CF8CE6bcAa9CE1624,0
0x3604C15E34E705da0Ff2196e16F46E979C1F69f5,0
0xD501E2d348a53003951A87cA3e135357bE753538,0
0x8422Ed20E891f6C56b4e5c106959EC32CA761fB5,0
0x4c7A9036C63db44946F4088Dadb15676bec91Fdd,0
0xE2D20d7EeC09958F81C045cD1D3B47A1cf6450a2,0
0x6cA4CD8873db45596C915268FC737994933D8a27,0
0x8f40efd7cA11938310eb86E98a34b948044b705a,0
0x3aAd782d27F801bD3BF8583d6F7bc1842d2d3fa5,0
0xD00e1fd877F3e988B8F0c1546853D14dCD6728fA,0
0x013b12C704827F1D213421d4F39324fF84693256,0
0x0d962A1A2A27B402e4D84772dea65Ac8592Eb6bF,0
0x3f37C4f5757806E82738800362A64743cC4B120f,0
0x0279eee698ABC84ADA3126BE6441ED82f2460865,0
0x6EFb5F9d28FACACdCb39E8B7AD87668b3496BB42,0
0xd97803C320c30090845c21eBB6218a2985385a12,0
0x19A935CbAaa4099072479d521962588D7857D717,0
0xFe8AE2A8fC4517fcA01aA2e2A660E400360b94Ed,0
0x69557011D08173A2F56a4d16fC8A68c4119FE429,0
0x4F4aE19018DCFacac87A79E2291b03bD08824B91,0
0xebc5ad087804ee6386059ED103882E56ced2AeDe,0
0x6FEC029b2CB2b0E565f4840eCf41337E5705E8c4,0
0x487cb12b5F9a5f9ee87146700e9A7025b565f34a,0
0x6a152Cb7CF2E1bb246278beE122Ae4d464bc173A,0
0x9Cb74C8032b007466865f060ad2c46145d45553D,0
0x6EE15D61a3A03193c5a452f0D2AF4b9784116616,0
0x70A1A98C5380582e94A615F63019eda102295A69,0
0x3FB167508C74964aB5410B05a8fC6f297e311dBE,0
0x80244C2441779361F35803b8C711C6c8fC6054a3,0
0x0F53Dae34fB237dFaa28CE5946A11FF2409a444D,0
0xE7c507f42D0C0A5047147f34439F7138Fc6050C6,0
0x6c70e2DEEB8b6CBaC171e46fa926bB5757cB1681,0
0xa33B2D26903D70dfb6f4a141BE450bf0349e1D69,0
0x10DCf1E237741eD0042EE7eC0C57053C819d6D0e,0
0x01bCEC6175FA9366D14b8275e95D0fA45702f696,0
0xea255369b535E5A65aB4524420a9B4ec2c11Dfc9,0
0x3bc13AEF8CF1445b251effde8375Be91ec7f4369,0
0xF05f8A5C7c28B7019Bc97e2C54720C771b4f2aEA,0
0x570B7315CaCE7Cbe731FDeE4E62C9281bE8B5868,0
0xE79feAAA457ad7899357E8E2065a3267aC9eE601,0
0x65d8a500e77513c02CF7F840649EF1b52aA38FaE,0
0x2b8280f8D0515859084A5a58B3427d7080614f16,0
0xf647AFa0da0E99f887D07Da8d1A2DB433cd5E1e7,0
0xD3EEDa0A1A99213a56701dAf4B0377c70bec9589,0
0xd0f3121A190d85dE0AB6131f2bCEcdbfcfB38891,0
0x8b94710759F744607FAA8B84433680777f0256F0,0
0x4c4BF319237D98a30A929A96112EfFa8DA3510EB,0
0x6bb9700058894774230431F7e1319Ed03f4Fe800,0
0x167855fC9B315Ab7bd0069456ee698E124EAc429,0
0x5F5454a575e35318647A8EEC4667E57Cc064a60C,0
0x0542BFa9Eb020432F5f413fCa8A4a3B37571bFd5,0
0x1c53052F275Aff00b2A8C2001Cd6fC50095Ad098,0
0xB4C2064d9C612e946C5a416Db5173788A6422523,0
0x5dd5d28d0205bE20F4B4E144c368b64ef63a1F81,0
0xff3ee79CB4A7Fe0F78a3634cCfDbFc3CdCD65a64,0
0xE59c42b6a8c8079A5b8B9E6E407BB55fD66c7372,0
0x088dF2da7b8fA68538222DF007fDd519c9caa1dF,0
0xaC817e613A1cD679C78D720f5C4e485E750C2331,0
0x9d47b3FAA5fF227D2BD404F572eF0ab0C8409161,0
0x24eb627569DE2a543bd2e87539314abaE694ED9d,0
0x9ADcF70b88b48C5aD39e1D72425F79440B5b5AC2,0
0x122b2D5298a964d43d6eE883036cA5777873cf06,0
0x276E47EEf8032518BF61bfA5F87b18A41C1f5825,0
0x5F050C14af95395fbb9785dbcd678AB7076a0537,0
0x3385a664c1A24181d89A8498806f7a374073632E,0
0x159478459cE7F554Db1a3D499Bd31479Dc9cE9df,0
0xc41320FA8AfC2f7C318bd6EA611C7A9060f7Cd67,0
0x8DF24859ea9e85bec4cb2E065b4550D9B84473C9,0
0xf4AF83D306F2decbB7A8af3723b7C2e4D27332be,0
0x22a79288909731115420206015491549c71f8c43,0
0xC122c74f4070EB9659eC8953b0EE069E97C7C2dC,0
0xB1f1025fa5Ecc34610f211b4a37A60Bd7c55E0cf,0
0x43cD58207E58Fd3415179C414Efa27A80f8894a7,0
0xCD966B72CFF52Dc349089b6b6f5865B5743b4E08,0
0x0325Bf6889Aa55F7D5F62619FDec3AA6D78308a8,0
0x1A0bd176691DfcA94988e0aD69C0099D007e2C2b,0
0x01C1673D4a7a77d71A890f7BB452200CF9A28027,0
0x30E10b73D4A213518903aE97Bc14742410352118,0
0x91B7B4e9CA2754bffd684C3aF2407c781C9067d0,0
0xD7A298827BD8Ecb3E3ADb88aBf093AC982B7c368,0
0x49b3C84410ec4c76984a291Bfb02e185bFC30D41,0
0x6E48B656c2ee92E724B161A69ca206Dd113FA7fe,0
0x979B81fE607F957d84cB544Fe4dbC450874c5284,0
0xA99C98cA72D844CA4b3E08e33A15c0b72bB58cFF,0
0xC4d673d12056439FeA9a1235A35735241e412d9F,0
0xF14295026109CCD34bB12FA5e3734718C3855135,0
0x6e0fEDd1196fe11Bf7fC1d3BFb293118C0d9105b,0
0xEf47e6365eEd530570E03Fa2f4c0fFB7Cdd60c8D,0
0x669902e2e3cfDD251d8F1D42df1418E3F9f888d1,0
0xF924E5a8a8e0D1501aA0ca454652Ae532B846573,0
0x3A3e7650f8B9f667dA98F236010fBf44Ee4B2975,0
0xa03C1C738e2EEFbAE1D022350708F1132a3031B2,0
0x78ED321b622b9D26c0b1e558f603d8ccbBEAcb60,0
0x8edeFEbAC5276EF7Ae1E4620b7E18FCcf0450cf6,0
0x0583dD3d49d618a2aE969496522A631392A0970B,0
0x6bfB6244a018a926C1d96a4e65A687Ba01afA4a6,0
0x00a2C22573aC0b03FBaA4F21e09571C027E5A810,0
0x2CF374cDe24177F78748AD5fD31af07C9258a100,0
0x396d2865A89142F3912A83CeFC5CA1B634e8166B,0
0x8BFb23F6CFfd36C818E41E46A5f35716e1b8FA82,0
0x0d368AA355aa80A1a0277dB4Afece2E921d62c12,0
0xC0860a6f29C77BeE94f8726eAbAa337627a18514,0
0x65b79446Dd241a06caF96a70C07c8D32aA097CBa,0
0x839F1a22A59eAAf26c85958712aB32F80FEA23d9,0
0x73D349e9b9e39424a0eBF781878449bd57B946c0,0
0xeAC64482D11314219d1895b63FE9E560624aee6f,0
0x06D0E50633790B23C3eE8570d59d7b2426539a64,0
0x90c34f1e1F6E7E151A4eD0672B5D985A65477316,0
0x9F43e49626650a230Fe50d38875ee12AdB64F23E,0
0x96f276345f2C1d1Dea8FD1dBEE58479729569075,0
0x6710ae7Bd52e09847a151Ebf2912D3e4DAf56467,0
0x7B354a313E705195f1e03014cD524Ab0CCEAB080,0
0x0aFF058e91DC7c74C5E5f8Aeb6f209b53E3b4681,0
0xC5B57e9a1E7914FDA753A88f24E5703e617Ee50c,0
0xA5f235cC3248Fb34eE23075B359701DCc5D6F4f4,0
0xBFe0eA5a9306201d70164bb6735240E5651969b2,0
0x721bb42293FDF2610C7936c883F69325D3E43114,0
0x42CA2D9346148D06Cb9E9b5046963e4687fBF47a,0
0xC00B07bAbF61afbf8fe1C696db1150b17cE0A4D0,0
0x87C9c1aB096A5fbBfEe242826Fcad35731fB1D09,0
0x8c8E698F0fe1C88309788ce3fC0582f46d977b87,0
0xbd9bCa8Ad9902e90800eA48202F1E7Ebb60D636C,0
0x077c2AaD56C44A3d678895249B6A438F7bD972d7,0
0xFeD16c746CB5BFeD009730f9E3e6A673006105c7,0
0x264ca46ae09043e1c29b8ee88f9A81822866A36D,0
0x43E335c151699307eaa28AC7c1387f76Fe0c1445,0
0x010066F2F96543F54981A422F8Ac3604F95d9AD2,0
0x700481409de3f632F61a2AC9BFd76138357714da,0
0x2138620E399C2eBf73E2E5CFA330dACB15Ce2d9A,0
0xC88F05482bd35Ea7CCE99a8688b02280e765D282,0
0xEe0B6f9d849007534c72Be3b15b734C356186262,0
0xc34f24917c3Bfd94b87832B8EE8BcD5F5528bbe8,0
0x3020E0DB586ba099dd63810dd315d501865BBCeb,0
0x22bce38C62fE4D58139dbaF04d1BEa158CB16982,0
0xD4D2AF6d5aD25e0e228AffeFE583545667d95070,0
0x46D63bEEd70265ae3d4ECa7ECB720cF98954cc86,0
0x852F6bE1f8808A5e6Fb68d72593E5B6e5aD2D663,0
0x4fA43A983466DDA2FcA21dd19c4456A2B1C1b857,0
0xdF93a8Be0000e4f78421AE9484D77D944d0C3393,0
0xa8234c12051Db6161439EBcBbB060A48411805cC,0
0x551F43bf9B4e80ef0704c3F014d7b2af0165Aa70,0
0xFC062e420c9979269afee7b3F5E38Cb09761CA6A,0
0x3Cef98bb43d732E2F285eE605a8158cDE967D219,0
0xDc78c06Fa5bb24a01DB85868B44F2Ed92eDD8d75,0
0x4Cc525b0Ca1a76A78aD37A13BF2EC181A95Cb039,0
0xab3a9eA136dbBFBC1911fe73DdaC4dA7425a9c9f,0
0xa751193E645e2c94a142243Ce05e5b5e825B918a,0
0x050c0B20eEE7F1268A3C915B89B46BA6c52E36dC,0
0xA9536B9c75A9E0faE3B56a96AC8EdF76AbC91978,0
0x0f3A19835C34135E8846b989cF0717AA10fB1Fd1,0
0x82Cc4F8a33Fb5898662Fa22A3F5bbCdd89750D3C,0
0x5af5B59579fdF2caf63682Ca54f4670a94829767,0
0x23D29D30e35C5e8D321e1dc9A8a61BFD846D4C5C,0
0x89d05A3307a122687D3f8D497729782408493453,0
0x3Ae0fc4A5ee7d1C479BAcD57231550bd04e6eF8E,0
0x5647Fe4281F8F6F01E84BCE775AD4b828A7b8927,0
0xfD30189bD6de5503bB1db60cf1136123EdEA837A,0
0xB2c0dda2063F395F04244402D6ab3d7402C2DD6f,0
0xD1F456486bfd2645E0f455C158Df649006881D90,0
0x8Ee3cADB135487a987774f69B4782860809E4d45,0
0x2e5f9B3C5fE71F31B9757d7789D55dA768EB4648,0
0xE5c30310b2CDb9d2698Ce27fd17c384544656C00,0
0x1baAf985B1B21a56CF5B78E9bFca9AF1e9b08905,0
0xF5E591f537EBDbb99C7B4de9879f5Ae1Be385E75,0
0xFd98f2ba7b239479987Bba10CFb945158Fd6A82B,0
0x8b4dFF0e17411820311005cB1F5fe6a0E3b43B3E,0
0xEB330b45a28D95E7b0a13bD56d10A4Bb818d8940,0
0x7E799240244f0b0a7d434bA2434de55c66b01DcE,0
0xAf1dCBEEB176d4A07C5601b7df12ce89341FC802,0
0x49677e90F3b521f7CD564E4138e63641e251daF8,0
0xA41faE1b6224C2666C7aF632d85546Aef7754E2A,0
0x49394AfF1A64fD7d4697D2E251cAAeDAFc6ACEcc,0
0x969ceE3AF01ab58620DaBA25fd93Fc08AB285a46,0
0x6e58A45f04E40284CD810D7507Cd02244034A000,0
0x634EA08a2ca78ef73D2c5B79991fa438F4287c73,0
0x71880e3bE349dBcA28F4D485B66eD47fc6aF6eb6,0
0xCAbA280C96ca6F3c64c620C304E77c48Ce473Fda,0
0x73360e88Ee1D124E7dBcA250dB529Ca6220F76D2,0
0x87E5348BEF878aF0aA397Eac8d1B49Cc3B550De5,0
0x8311881F9e30603273f80D8A7992B250E7dd38Ae,0
0xC5fff43Dca9D2d2719F268bC5f0106A733121626,0
0xa5B6C1C2c7E5Eebaded001d2ccAcEdBBa4543afe,0
0xF0333B769323DEc3196324d4e09Dc88Bff4fC473,0
0xEC1a0B35275494D4A0519ed4864Ac4FEA28B2Cba,0
0x5f0197Ba06860DaC7e31258BdF749F92b6a636d4,0
0x5b746af50a36Fb048Cc7F94c47399bEbDf1fa585,0
0x4e9d760637DA87fe3003Adc8e1dAD2fE0aE3c671,0
0xE14d1d0fEAED80Ac5ECE73fb7947F6057bb83b4e,0
0xCA9e68E8F9C5601A12128BEC34Af2375FE5735C2,0
0x5c4b7CCBF908E64F32e12c6650ec0C96d717f03F,0
0x8d457BCa8c633AA28Baf9F3541580341A741B66f,0
0x46946564de5A3155d7c053460D24c318303FaF38,0
0x7D41E0D59149F018D0D5B93F44B65f8ae0b90d6d,0
0x9468ddD60F850c3BCF55EDD2A108E700836c8633,0
0x3212aFa98b212d6A435009c4BF560018c43A58A2,0
0x6D0bA101447c92dF17d511a94fA8D8d8951b3843,0
0x55943AD562C2f5535EF8eB8984848BF52c831c92,0
0x50878a6aA5cb1478637e50E3a9A38913051ce345,0
0xEFe243F48148F948212061e6C819e83ba4eF7a7d,0
0xE64fBfA5FdAFad4C3642B71c33b0Da0597516c30,0
0x9b77dA280471eD14122cc4Ac7B9b01EB54D7dDFB,0
0x462D8d82C2B2D2DDabf7f8a93928De09d47A5807,0
0x749c9946E6741E6c0d5c9B050aeCC2075D8b46D6,0
0x9F7c54d384153d38397bbc0eCf696Bc6d60BeAe5,0
0xAab4da35245BEd1F1a653122e03FA5C9Af020dD7,0
0x9c21D96bB1b8cB5F655D6837823690d54aF9A566,0
0x6f90242Cd70663555Ba061b913E63564810112E5,0
0x7734c8b0a8e25C8e804538EBa14b9ed3E52F16C7,0
0x9d8fc48620d4E6D26eDb09f38d0F0E8C6e41dfB6,0
0xad934Ab35fe63109F41aE36A9047C0905B0f6BFD,0
0xf315E8885Fd50793dE0D32DA806Fc6EFd7000915,0
0x777F87cBe8D03d116f5fAEDa17F398DdFB0127D0,0
0xB2910Ab614353b6cB70299e7ce2E85830BC77C10,0
0x832E8B330D8f0bcAF184e9EEB32B445e1B5D74d2,0
0x8df23694bf341d4C94C35783F1D91FD38c434b93,0
0x1F9921203BE371a1c8FEa9d2BF3a1f86dB4179Fc,0
0x4CDde30DABe200F1BB4e7593a44A0eA044FCb07e,0
0x3c108F33FF5443ADc7dFE8a1b43829d27cCFE183,0
0xE9afCd8601e765835998E70684B5c99a44bf6787,0
0x44083699F5fcC4ef06c150BE5dD026F51Fa5fD30,0
0x63CD45309FED12af86B41c91b942f9749404af19,0
0x86756DF8D53f85d042Bda0a733bd1E55132F40f3,0
0x76bF0C28e604CC3fE9967c83b3C3F31c213cfE64,0
0xb5846453B67d0B4b4Ce655930Cf6E4129F4416D7,0
0x580A84C73811E1839F75d86d75d88cCa0c241fF4,0
0x512994835B1A68D87Bd6EA8F8f381894f1D59aAf,0
0x4344460C2dfeF7262beCd2db40d04cB7721F1420,0
0x28dD2A1a85A05A2e047759946f0A772d32e3B92b,0
0x1B68CE222a64E96ADF6f40c87a201Eaa14f197cC,0
0xcBBcf31c593312B12882F3f5F6344fb9c8a0AFe2,0
0x1cb3D1aB5FDD40b51ec04c6e956634c685c7E7B8,0
0x692CEe1f68Fc8705c4f2FCe3CA22bD8Dec10652D,0
0x7F242faa8AD603dB3C18c30bd1C88130abCd8088,0
0x6AE7Dfc73E0dDE2aa99ac063DcF7e8A63265108c,0
0x3f1A749ef99f91978e897AF6256910213D593bfD,0
0x0169eC1f8f639B32Eec6D923e24C2A2ff45B9DD6,0
0xA8ebb24feEdF1c9e458f4aEF313D335677ABa096,0
0xF4B0903774532AEe5ee567C02aaB681a81539e92,0
0xae20563403DDd9107eC5C7f2AbBc9864E2039Dc8,0
0x9299D0995E7CF80dDD5F66F47EA9E114AD6525D4,0
0xd7a1bD68336855B36db5c458b0a9419Eb19DDebE,0
0xb8f743cf4E92DA4d7CC181EF7DE3A5b83277d4be,0
0x991aeafbe1B1C7ac8348DC623AE350768d0C65b3,0
0x3D8E1141a52466607A8aa489084D3871de0bb6CD,0
0xD365dc174539cdc274f09eC3eb7a58B524a49445,0
0x9026510676dEF354B0Ea9D98e089ad166FbB224B,0
0x1d5f9ce8c0a5f7f8a7A72Eb8752AEf348A884Ca9,0
0x3096eD4607619e5845419C6036fDb6FBc98c6BD3,0
0xeE13f4Ca15EDE6E3284632a819802196E792B2F4,0
0x2B3D3a67AB37220D3F92fe1fe570DFc4133D3784,0
0xECAB4f41Ef557cd1dE7524346bBb0F505cBB9b2e,0
0xc8aF7517227287638d1Cbf32398c5889577bd781,0
0xa4c835a390aFFDafa9F6e8C4408A2970ce057683,0
0x091bC658C7e997C5bF1Dce7ddcC1113dA0e3C55E,0
0xde8da32f6d15d7b6A69F8DCf93680c6E191715a3,0
0xCB898b0eFb084Df14dd8E018dA37B4d0f06aB26D,0
0x45a088Dd674bdc4E7454465D47451755B39Fb52c,0
0xD38EeE49B6ee7EE55F09da3D20C571993b5a655a,0
0xa3Fa99A148fA48D14Ed51d610c367C61876997F1,0
0xC4Ff66070Ca8A750D7dF350C48Eed46559fFb1d8,0
0xCC73A0a9dcDa525f054bd53E2b08d408890f0A8D,0
0x93F6E3d231bbEd91D7194F5180E70c9617597966,0
0x682a4ea8A11e966ac307bB0A7D131C9B180357e4,0
0xdaAd0665d6fae40F7Aa9cDd5F874BDBbeE1645A2,0
0x7cC15fEf543f205Bf21018F038F591C6BaDa941c,0
0x18E18939eDBB043E847d55476Dd6c9C5aB0d982c,0
0xf5c39a7CEff5dA5BFB062389f62939A8C8396CB3,0
0x70784d8A360491562342B4F3d3D039AaAcAf8F5D,0
0xdf5386684D454CFeA5Df0b25732116f8312D31a5,0
0x502B8CadC8e52d3c6334CC46524ccfC5625De212,0
0xe0a39b2cf3365147CC98A70dC93d4fB253FF8c09,0
0x6d802Ef189A68b5c19040c3928f1354BA065feEA,0
0x6D0336304Ec6Aea1A7Efc52F9242A05b8fA42c97,0
0x1e9889611da17293daf7A317d65e42353B2f0a04,0
0x46e639b0f250DAA920d13c0E679F7Cb90380722d,0
0xF9509b07cF67D1539B3d21e654Cb36F9D4F28E19,0
0x8965C088868b932Ff89bB0d4354Ab725bd5dAB38,0
0xe1C411348354A33a4082Aa67921B649EB2C55ced,0
0x3Ad707dA309f3845cd602059901E39C4dcd66473,0
0x56a5e5D7aDd4a4C4464281dCd0dD999C80D06D38,0
0x0B300c129EE1Ff3268154Cfc95165Ed9140F036e,0
0x0fF30F1C4d918b3387884b69cA82D638376265f0,0
0x7222D205AfF8D040CcE66DDDDA565e1EF7041E08,0
0xAaEaDf870Dc82430Ad65729DD98b65Cb9510CAca,0
0xa42fc534e7bc353Cd230EE399BC4c7141837FEEC,0
0xB6040ACc4B81Ab95cE846923451791C05793e131,0
0x810507179264f26080b9bf7a4a2cf176E0F98Db2,0
0xC6c1f684151eb235472139477F869b2e8385C416,0
0x7E4c577ca35913af564ee2a24d882a4946Ec492B,0
0x0eFc380f71bcc8F2C6aFDAdbe54E42A7C6162391,0
0x63B2d6a81E74c0344d591d80bDBFB636d82e5d95,0
0xb4228798fF437ecD8fa43429664e9992256fe6Ac,0
0xbb91EDDCb769A3dc12F997A1423A811314395671,0
0x267Ab21F7F61B13cAB73C3b70cD8D5307a046334,0
0x7f426F6Dc648e50464a0392E60E1BB465a67E9cf,0
0x687565af1d121193377f9e90d29B4304A0ccDdcD,0
0xDf281C774D37553d1033cBc5FBD4D67635c7fE60,0
0xF9dBAA7a432478F310B1cb78cb1dCF0f8252875C,0
0x30E123B0BE157792fAdD478107beBd66985BD172,0
0x66768ad00746aC4d68ded9f64886d55d5243f5Ec,0
0x9A555fc38c23d64567EC199f7CAc6Df2768179B2,0
0xD6D1c897341Eb54BA9dd45A3378F37861baEB8e2,0
0xD342E7dE5EabB47386F95d10C0362c2101ccFB4F,0
0x2574eCE38AFE4F7a454f3842CF2c8e12016b873a,0
0xAd8B6fDfACB845755461B533EDd62dA5772349fC,0
0x4D0B3893009807Ec88Ec0737c6658f6148597778,0
0x962573f0a06F687a8CC43F4154E17ACEA5eaaeDa,0
0x2721bF55168E37C9E8298e18B4097cF5E5891238,0
0x261Be0720d3874FE83D1320Fa33AF6859962E260,0
0xA11490fE148C43dCd059F1704c77159a05Fa089c,0
0xCb327BE7Fb95b58c74dd7F57b88630cf7b6449E4,0
0x1E75b69c447128d820f2C14DAD79041eDCe421E0,0
0x259617d6c9B8ca547883ee115AeeC222a8fEBBe9,0
0xAcD7B3D9c10e97d0efA418903C0c7669E702E4C0,0
0x7ceB23fD6bC0adD59E62ac25578270cFf1b9f619,1
0xc2132D05D31c914a87C6611C10748AEb04B58e8F,1
0x2791Bca1f2de4661ED88A30C99A7a9449Aa84174,1
0x3BA4c387f786bFEE076A58914F5Bd38d668B42c3,1
0xdAb529f40E671A1D4bF91361c21bf9f0C9712ab7,1
0x1BFD67037B42Cf73acF2047067bd4F2C47D9BfD6,1
0x692597b009d13C4049a947CAB2239b7d6517875F,1
0x8f3Cf7ad23Cd3CaDbD9735AFf958023239c6A063,1
0x06D02e9D62A13fC76BB229373FB3BBBD1101D2fC,1
0xAdA58DF0F643D959C2A47c9D4d4c1a4deFe3F11C,1
0x0000000000000000000000000000000000001010,1
0xb0897686c545045aFc77CF20eC7A532E3120E0F1,1
0x53E0bca35eC356BD5ddDFebbD1Fc0fD03FaBad39,1
0x45c32fA6DF82ead1e2EF74d17b76547EDdFaFF89,1
0xb33EaAd8d922B1083446DC23f610c2567fB5180f,1
0xBbba073C31bF03b8ACf7c28EF0738DeCF3695683,1
0x2e1AD108fF1D8C782fcBbB89AAd783aC49586756,1
0xB46E0ae620EFd98516f49bb00263317096C114b2,1
0xA1c57f48F0Deb89f569dFbE6E2B7f46D33606fD4,1
0xFAD65Eb62a97fF5Ed91B23aFD039956aaCa6e93b,1
0x6f7C932e7684666C9fd1d44527765433e01fF61d,1
0x6F3B3286fd86d8b47EC737CEB3D0D354cc657B3e,1
0xD6DF932A45C0f255f85145f286eA0b292B21C90B,1
0x5fe2B58c013d7601147DcdD68C143A77499f5531,1
0xC9c1c1c20B3658F8787CC2FD702267791f224Ce1,1
0x1a3acf6D19267E2d3e7f898f42803e90C9219062,1
0x41b3966B4FF7b427969ddf5da3627d6AEAE9a48E,1
0x553d3D295e0f695B9228246232eDF400ed3560B5,1
0x5FFD62D3C3eE2E81C00A7b9079FB248e7dF024A8,1
0x50B728D8D964fd00C2d0AAD81718b71311feF68a,1
0x3Cef98bb43d732E2F285eE605a8158cDE967D219,1
0x7eC26842F195c852Fa843bB9f6D8B583a274a157,1
0x0621d647cecbFb64b79E44302c1933cB4f27054d,1
0xf1938Ce12400f9a761084E7A80d37e732a4dA056,1
0x172370d5Cd63279eFa6d502DAB29171933a610AF,1
0x84e1670F61347CDaeD56dcc736FB990fBB47ddC1,1
0x8505b9d2254A7Ae468c0E9dd10Ccea3A837aef5c,1
0x0C51f415cF478f8D08c246a6C6Ee180C5dC3A012,1
0x1B815d120B3eF02039Ee11dC2d33DE7aA4a8C603,1
0x2088C47Fc0c78356c622F79dBa4CbE1cCfA84A91,1
0xDA537104D6A5edd53c6fBba9A898708E465260b6,1
0xc26D47d5c33aC71AC5CF9F776D63Ba292a4F7842,1
0x62414D03084EeB269E18C970a21f45D2967F0170,1
0x9c2C5fd7b07E95EE044DDeba0E97a665F142394f,1
0x3962F4A0A0051DccE0be73A7e09cEf5756736712,1
0x6Bf2eb299E51Fc5DF30Dec81D9445dDe70e3F185,1
0xC8A94a3d3D2dabC3C1CaffFFDcA6A7543c3e3e65,1
0xf8F9efC0db77d8881500bb06FF5D6ABc3070E695,1
0x7205705771547cF79201111B4bd8aaF29467b9eC,1
0xa3Fa99A148fA48D14Ed51d610c367C61876997F1,1
0x5559Edb74751A0edE9DeA4DC23aeE72cCA6bE3D5,1
0xcB059C5573646047D6d88dDdb87B745C18161d3b,1
0x6aBB753C1893194DE4a83c6e8B4EadFc105Fd5f5,1
0x0b3F868E0BE5597D5DB7fEB59E1CADBb0fdDa50a,1
0xf6372cDb9c1d3674E83842e3800F2A62aC9F3C66,1
0xE0339c80fFDE91F3e20494Df88d4206D86024cdF,1
0x67Ce67ec4fCd4aCa0Fcb738dD080b2a21ff69D75,1
0xDBf31dF14B66535aF65AaC99C32e9eA844e14501,1
0x0B220b82F3eA3B7F6d9A1D8ab58930C064A2b5Bf,1
0x61299774020dA444Af134c82fa83E3810b309991,1
0x3066818837c5e6eD6601bd5a91B0762877A6B731,1
0xE111178A87A3BFf0c8d18DECBa5798827539Ae99,1
0x1C954E8fe737F99f68Fa1CCda3e51ebDB291948C,1
0xdF7837DE1F2Fa4631D716CF2502f8b230F1dcc32,1
0x282d8efCe846A88B159800bd4130ad77443Fa1A1,1
0x614389EaAE0A6821DC49062D56BDA3d9d45Fa2ff,1
0x42f37A1296b2981F7C3cAcEd84c5096b2Eb0C72C,1
0xF81b4Bec6Ca8f9fe7bE01CA734F55B2b6e03A7a0,1
0x43E4B063F96c33F0433863A927F5bad34bb4B03d,1
0x7583FEDDbceFA813dc18259940F76a02710A8905,1
0x4E8dc2149EaC3f3dEf36b1c281EA466338249371,1
0x385Eeac5cB85A38A9a07A70c73e0a3271CfB54A7,1
0xd2507e7b5794179380673870d88B22F94da6abe0,1
0x9a71012B13CA4d3D0Cdc72A177DF3ef03b0E76A3,1
0xC4e82BA0Fe6763cbE5E9CbCA0ba7cbD6F91C6018,1
0xC4e82BA0Fe6763cbE5E9CbCA0ba7cbD6F91C6018,1
0x0AaB8DC887D34f00D50E19aee48371a941390d14,1
0xa63Beffd33AB3a2EfD92a39A7D2361CEE14cEbA8,1
0x07CC1cC3628Cc1615120DF781eF9fc8EC2feAE09,1
0x2B9E7ccDF0F4e5B24757c1E1a80e311E34Cb10c7,1
0x190Eb8a183D22a4bdf278c6791b152228857c033,1
0xA8b1E0764f85f53dfe21760e8AfE5446D82606ac,1
0xeb5c9e515629B725D3588A55E2a43964DcfdE8cA,1
0xB9638272aD6998708de56BBC0A290a1dE534a578,1
0x9880e3dDA13c8e7D4804691A45160102d31F6060,1
0x65A05DB8322701724c197AF82C9CaE41195B0aA8,1
0x23fE1Ee2f536427B7e8aC02FB037A7f867037Fe8,1
0xbe662058e00849C3Eef2AC9664f37fEfdF2cdbFE,1
0x7FBc10850caE055B27039aF31bD258430e714c62,1
0xD07A7FAc2857901E4bEC0D89bBDAe764723AAB86,1
0x4e78011Ce80ee02d2c3e649Fb657E45898257815,1
0xF391F574C63d9b8764B7a1F56D6383762E07B75B,1
0x313d009888329C9d1cf4f75CA3f32566335bd604,1
0xFbdd194376de19a88118e84E279b977f165d01b8,1
0xef938b6da8576a896f6E0321ef80996F4890f9c4,1
0xC17c30e98541188614dF99239cABD40280810cA3,1
0xc6480Da81151B2277761024599E8Db2Ad4C388C8,1
0xe2341718c6C0CbFa8e6686102DD8FbF4047a9e9B,1
0x91cA694d2B293f70Fe722fbA7d8A5259188959c3,1
0x0df0f72EE0e5c9B7ca761ECec42754992B2Da5BF,1
0x1631244689EC1fEcbDD22fb5916E920dFC9b8D30,1
0xE8A51D0dD1b4525189ddA2187F90ddF0932b5482,1
0xC5B57e9a1E7914FDA753A88f24E5703e617Ee50c,1
0x6cCBF3627b2C83AFEF05bf2F035E7f7B210Fe30D,1
0x73580A2416A57f1C4b6391DBA688A9e4f7DBECE0,1
0x831753DD7087CaC61aB5644b308642cc1c33Dc13,1
0xdb95f9188479575F3F718a245EcA1B3BF74567EC,1
0xdb725f82818De83e99F1dAc22A9b5B51d3d04DD4,1
0xE5417Af564e4bFDA1c483642db72007871397896,1
0x779b299eA455D35A44FE9baC48648be22C08DEa2,1
0xBBCA42c60b5290F2c48871A596492F93fF0Ddc82,1
0xad93E067e149f0A5ecd12D8EA83B05581dD6374C,1
0x5eCbA59DAcc1ADc5bDEA35f38A732823fc3dE977,1
0x54cFe73f2c7d0c4b62Ab869B473F5512Dc0944D2,1
0x50D0799ba241E10A6E9bAcE2936129f117Cb32af,1
0x580A84C73811E1839F75d86d75d88cCa0c241fF4,1
0xC3Ec80343D2bae2F8E680FDADDe7C17E71E114ea,1
0x438B28C5AA5F00a817b7Def7cE2Fb3d5d1970974,1
0x5d47bAbA0d66083C52009271faF3F50DCc01023C,1
0x54cFe73f2c7d0c4b62Ab869B473F5512Dc0944D2,1
0xe6E320b7bB22018D6CA1F4D8cea1365eF5d25ced,1
0xFA1171334CB3a0f0A91E8cA6765F10e9638D1cBF,1
0xf2ae0038696774d65E67892c9D301C5f2CbbDa58,1
0x111111517e4929D3dcbdfa7CCe55d30d4B6BC4d6,1
0x9377Eeb7419486FD4D485671d50baa4BF77c2222,1
0xf50D05A1402d0adAfA880D36050736f9f6ee7dee,1
0x7dc0cb65EC6019330a6841e9c274f2EE57A6CA6C,1
0xa3eD22EEE92a3872709823a6970069e12A4540Eb,1
0xeAEf6cAf6d5894EDB2D4EA7ec11eC4AB655f1cBF,1
0xaECeBfcF604AD245Eaf0D5BD68459C3a7A6399c2,1
0x8a0e8b4b0903929f47C3ea30973940D4a9702067,1
0x66e16D50c07A01BB473eC794349d45aa1a0E5Dc2,1
0x7cef6ed1e07079e174601d39066AD0856cB47988,1
0x9A06Db14D639796B25A6ceC6A1bf614fd98815EC,1
0x58c1BBb508e96CfEC1787Acf6Afe1C7008A5B064,1
0x9EECD634c7a934F752aF0EB90DdA9Ecc262F199F,1
0xF30355BA14B2d3b31597EC71a4542f57e902Cb80,1
0x08C15FA26E519A78a666D19CE5C646D55047e0a3,1
0x91E7E32C710661C44ae44D10Aa86135d91C3Ed65,1
0xAB5F7a0e20b0d056Aed4Aa4528C78da45BE7308b,1
0xBbbe128568222623D21299f019a978C8587B33dC,1
0xd7ecf95Cf7eF5256990BeAf4ac895cD9e64cb947,1
0x48e3883233461C2eF4cB3FcF419D6db07fb86CeA,1
0x16ECCfDbb4eE1A85A33f3A9B21175Cd7Ae753dB4,1
0xF4310Adb83694Bc4808e0C5ca8F7027C6127921D,1
0xc3cFFDAf8F3fdF07da6D5e3A89B8723D5E385ff8,1
0x09C5a4BCA808bD1ba2b8E6B3aAF7442046B4ca5B,1
0xdF00c50a3daE240860F57b77508203B8D9593283,1
0x4e1581f01046eFDd7a1a2CDB0F82cdd7F71F2E59,1
0x2fe8733dcb25BFbbA79292294347415417510067,1
0xa0E390e9ceA0D0e8cd40048ced9fA9EA10D71639,1
0xAF24765F631C8830B5528B57002241eE7eef1C14,1
0xf1c1A3C2481A3a8A3f173A9ab5Ade275292A6fA3,1
0x3A4BeD49Ab592A227bAe8F41eFd0d38E6e06d96c,1
0x6f934b45fc6043527d73C7c99313dd838E723DB7,1
0x65DfA90171e1bd9060209405026C4E1f4A8E58df,1
0xfce22AD802Bbc9FE74534575b166D06198bD66ea,1
0xF501dd45a1198C2E1b5aEF5314A68B9006D842E0,1
0xEe9801669C6138E84bD50dEB500827b776777d28,1
0xcf32822ff397Ef82425153a9dcb726E5fF61DCA7,1
0xdef1fac7Bf08f173D286BbBDcBeeADe695129840,1
0xE64106154816A252da7728E35A0060F15d66cb34,1
0x3D1D2aFd191b165D140e3E8329E634665fFB0E5e,1
0x0E0ffc562d72316b783E887bbAAe1FD794ADb530,1
0x1BA17C639BdaeCd8DC4AAc37df062d17ee43a1b8,1
0x068180071617528606371c31892EcBF2B70ac1d2,1
0x25788a1a171ec66Da6502f9975a15B609fF54CF6,1
0x638Df98Ad8069a15569dA5a6b01181804c47e34c,1
0x8C92e38eCA8210f4fcBf17F0951b198Dd7668292,1
0xDAB625853c2B35D0a9C6bD8e5a097a664ef4CcFb,1
0xF480f38C366dAaC4305dC484b2Ad7a496FF00CeA,1
0x97C415D4c8ea982aaabCBb65506D37FA6631C351,1
0x596eBE76e2DB4470966ea395B0d063aC6197A8C5,1
0x71B821aa52a49F32EEd535fCA6Eb5aa130085978,1
0x5E0294Af1732498C77F8dB015a2d52a76298542B,1
0x7f280daC515121DcdA3EaC69eB4C13a52392CACE,1
0x56A0eFEFC9F1FBb54FBd25629Ac2aA764F1b56F7,1
0x4E92f6f10496F3fCB790Cc6969Cc15B87c8F9199,1
0xEC4fe610B4107C95b56dECC885089c06f85a63cb,1
0x8A953CfE442c5E8855cc6c61b1293FA648BAE472,1
0x4e830F67Ec499E69930867f9017AEb5B3f629c73,1
0x9e7Deba360c77949bb75d16DC81b2393C15005Eb,1
0x5de4005155933c0e1612Ce808f12B4cd8DAabc82,1
0xC168E40227E4ebD8C1caE80F7a55a4F0e6D66C97,1
0x89C296Be2F904F3e99a6125815b4B78F5388d2dd,1
0xC155504787e9430180F33F35eDd7C5eC06Cd5761,1
0x428360b02C1269bc1c79fbC399ad31d58C1E8fdA,1
0x733726968Ae55dC58c26dBDc193FEa256a704ba4,1
0x874e178A2f3f3F9d34db862453Cd756E7eAb0381,1
0x3C1BB39bb696B443a1D80BB2b3a3d950Ba9DEE87,1
0xB41EC2c036f8a42DA384DDE6ADA79884F8b84b26,1
0x106035DEDcA635d75d6Ff05F98F25916829eDB77,1
0x5095cC6511B70e287bc525Aa57AfbC60EB73ac47,1
0x521CddC0CBa84F14c69C1E99249F781AA73Ee0BC,1
0x990F860968714c2D16e91Ec0cd9709A94264Cf64,1
0x990F860968714c2D16e91Ec0cd9709A94264Cf64,1
0x6DdB31002abC64e1479Fc439692F7eA061e78165,1
0x794Baab6b878467F93EF17e2f2851ce04E3E34C8,1
0x314338767151e6Ed23DB8A41c6F6943c1958Ee56,1
0x60bB3D364B765C497C8cE50AE0Ae3f0882c5bD05,1
0x22308317A4aA9e8196065E0b3647e582d44c4d7b,1
0x3Ad707dA309f3845cd602059901E39C4dcd66473,1
0x978338A9d2d0aa2fF388d3dc98b9bF25bfF5efB4,1
0x672255E73E9FcB8d8971b6e2622057bAa84B5Afe,1
0x8Ba941b64901E306667a287A370F145d98811096,1
0xd6A5aB46ead26f49b03bBB1F9EB1Ad5c1767974a,1
0x5dF1a47e05b4caBa0ED3Df13662642f05314764D,1
0xc75ea0c71023C14952F3C7B9101ECbbAa14aA27A,1
0x08BE454de533509e8832B257116C5506E55b0b64,1
0xaeE433ADeBe0FBB88dAa47eF0C1A513CaA52EF02,1
0xA94880d3A4b39746E90Cdb57f8De3732c984DE14,1
0xcE829A89d4A55a63418bcC43F00145adef0eDB8E,1
0x4fdCE518fE527439Fe76883e6b51A1c522B61b7C,1
0x103308793661879166464cD0d0370Ac3b8A2A1cB,1
0x554f074d9cCda8F483d1812d4874cBebD682644E,1
0x6fb54Ffe60386aC33b722be13d2549dd87BF63AF,1
0xeAb9Cfb094db203e6035c2e7268A86DEbeD5BD14,1
0x7c28F627eA3aEc8B882b51eb1935f66e5b875714,1
0xCBAb27B2D5b468Eea509Bd430100922341BC3f1A,1
0x6a335AC6A3cdf444967Fe03E7b6B273c86043990,1
0x576c990A8a3E7217122e9973b2230A3be9678E94,1
0xEFeE2de82343BE622Dcb4E545f75a3b9f50c272D,1
0xf89250E83fA2F33058385C98c7c44e723B040359,1
0x4c4BF319237D98a30A929A96112EfFa8DA3510EB,1
0xc4BB7277A74678f053259CB1F96140347efbfd46,1
0xa8fcEe762642f156b5D757b6FabC36E06b6d4A1A,1
0xcdE5E3D90631cacB842fA86f62dD0fc08A3ce43d,1
0xccBe9B810d6574701d324fD6DbE0A1b68f9d5bf7,1
0x1Ac417f1dD23504aAC2076D854581f03196403Fd,1
0xe7f960685aba7327ADA3b161Ea252703C87be0bF,1
0x10635bF5c17F5E4c0Ed9012aEf7C12f96a57a4Dd,1
0xde799636aF0d8D65a17AAa83b66cBBE9B185EB01,1
0x873801Ae2ff12d816Db9a7B082F5796BEC64C82C,1
0xaa5eD3C460C38eB71fba089B853d0a91C0e71DD5,1
0x55b1a124c04A54eeFDEFE5FA2Ef5f852FB5f2f26,1
0x4ba47B10EA8f544F8969BA61dF3E5bE67692a122,1
0x130cE4E4F76c2265f94a961D70618562de0bb8d2,1
0x0f40D69Ff494a9e74b1F20A89EfF299B2A05918F,1
0xb5106A3277718eCaD2F20aB6b86Ce0Fee7A21F09,1
0x0000000000004946c0e9F43F4Dee607b0eF1fA1c,1
0x8f18dC399594b451EdA8c5da02d0563c0b2d0f16,1
0xD1e6354fb05bF72A8909266203dAb80947dcEccF,1
0x127984b5E6d5c59f81DACc9F1C8b3Bdc8494572e,1
0xEde1B77C0Ccc45BFa949636757cd2cA7eF30137F,1
0x9B71b5511998e0798625b8Fa74e86D8192DE78C1,1
0x2E220744f9aC1BF3045B0588D339F5fD3bB8623A,1
0x46D502Fac9aEA7c5bC7B13C8Ec9D02378C33D36F,1
0x340f412860dA7b7823df372a2b59Ff78b7ae6abc,1
0xd6cA869a4EC9eD2C7E618062Cdc45306d8dBBc14,1
0xC68e83a305b0FaD69E264A1769a0A070F190D2d6,1
0x5c2ed810328349100A66B82b78a1791B101C9D61,1
0x28424507fefb6f7f8E9D3860F56504E4e5f5f390,1
0xf28164A485B0B2C90639E47b0f377b4a438a16B1,1
0x1d2a0E5EC8E5bBDCA5CB219e649B565d8e5c3360,1
0xfe712251173A2cd5F5bE2B46Bb528328EA3565E1,1
0x182dB1252C39073eeC9d743F13b5eeb80FDE314e,1
0x950e1561B7A7dEB1A32A6419FD435410daf851B0,1
0xc4Ace9278e7E01755B670C0838c3106367639962,1
0x3aF556B48469D2398AB7BE1563a0cfd80ea4aC84,1
0xB932D203f83B8417Be0F61D9dAFad09cc24a4715,1
0x8201532917e55bA29674Ef4E88FFe0b775f1BaE8,1
0x9719d867A500Ef117cC201206B8ab51e794d3F82,1
0xbD1463F02f61676d53fd183C2B19282BFF93D099,1
0x9aF3b7DC29D3C4B1A5731408B6A9656fA7aC3b72,1
0x27F8D03b3a2196956ED754baDc28D73be8830A6e,1
0x1a13F4Ca1d028320A707D99520AbFefca3998b7F,1
0x60D55F02A771d515e077c9C2403a1ef324885CeC,1
0x1f194578e7510A350fb517a9ce63C40Fa1899427,1
0x66C59Dded4EF01a3412a8B019B6e41D4a8C49A35,1
0xF4B0903774532AEe5ee567C02aaB681a81539e92,1
0xA96D47c621a8316d4F9539E3B38180C7067e84CA,1
0x4FAfad147c8Cd0e52f83830484d164e960BdC6C3,1
0x054c42b6414747F5263b4A86f21B1aFAD00326Bf,1
0xCf66EB3D546F0415b368d98A95EAF56DeD7aA752,1
0x8dF3aad3a84da6b69A4DA8aeC3eA40d9091B2Ac4,1
0x0d500B1d8E8eF31E21C99d1Db9A6444d3ADf1270,1
0x6bb45cEAC714c52342Ef73ec663479da35934bf7,1
0xcFe2cF35D2bDDE84967e67d00aD74237e234CE59,1
0xC88640B734fEA3b35c132Fe757AeB5ca6C8cDC66,1
0xc3FdbadC7c795EF1D6Ba111e06fF8F16A20Ea539,1
0x67eB41A14C0fe5CD701FC9d5A3D6597A72F641a6,1
0x3a3Df212b7AA91Aa0402B9035b098891d276572B,1
0xd0f3121A190d85dE0AB6131f2bCEcdbfcfB38891,1
0x23D29D30e35C5e8D321e1dc9A8a61BFD846D4C5C,1
0x235737dBb56e8517391473f7c964DB31fA6ef280,1
0xAa9D866666C2A3748d6B23Ff69E63E52f08d9AB4,1
0xe83cE6bfb580583bd6A62B4Be7b34fC25F02910D,1
0x311434160D7537be358930def317AfB606C0D737,1
0xc82B9659A6d18A1a93f537731D2cA330181670Ae,1
0xA9a779aeA33b6f40CfC78A29Cf56Fc7e6fb329AB,1
0xAB72EE159Ff70b64beEcBbB0FbBE58b372391C54,1
0xd10852DF03Ea8b8Af0CC0B09cAc3f7dbB15e0433,1
0x6911F552842236bd9E8ea8DDBB3fb414e2C5FA9d,1
0x8f36Cc333F55B09Bb71091409A3d7ADE399e3b1C,1
0x9767203e89dcD34851240B3919d4900d3E5069f1,1
0x5d5530eb3147152FE78d5C4bFEeDe054c8d1442A,1
0x53f8036e43b2EF39cFCD0C5f26C1257a85D5A3B2,1
0x76e63a3E7Ba1e2E61D3DA86a87479f983dE89a7E,1
0x9085B4d52c3e0B8B6F9AF6213E85A433c7D76f19,1
0x28accA4ed2F6186c3D93e20e29e6e6a9Af656341,1