block_number,reseve0,reserve1,timestamps
18182501,80000000000000000000,600000000000000000000,1629437040
18182501,76383315421542131958,628494971135612898165,1629437040
18182501,57185778558985409567,840118582182585031030,1629437040
18182506,57421573328085409576,836679043660222231928,1629437050
18182508,58863672689150402001,816241259942008785282,1629437054
18182526,59475263593634547496,807872680508788076339,1629437090
18182541,60555964001748116904,793497618526388036997,1629437124
18182552,360555964001748116903,4724560222881005430417,1629437146
18182554,361904903609098858040,4707002853636078920181,1629437150
18182562,362800333852354095462,4695420230759810197611,1629437166
18182579,363695764095609332884,4683894556306843374859,1629437200
18182585,370322171703345974394,4600329633900076806394,1629437212
18182601,372433549377881229805,4574327521840948171164,1629437248
18182616,373106299372813789850,4566104226542771483539,1629437278
18182621,375428814814802570803,4537941153162582525342,1629437288
18182664,370297664326335457130,4601011828421583574379,1629437396
18182665,369000726715651070208,4617231798726915094850,1629437400
18182702,307032825060054808799,3841839921937785743695,1629437548
18182705,309355340502043589752,3813082814661873661345,1629437560
18182715,326355340502043589752,3615022499171527486636,1629437600
18182715,311082055239772792189,3793044365591755138171,1629437600
18182787,295684644413183491396,3991156779894101312880,1629437760
18182787,309240464413183491396,3816702937353281972983,1629437760
18182806,26320315506438236,324850196096152580,1629437798
18182943,15898683711104367743,196224491304430644513,1629438092
18182994,26320315506438237,324850196096152581,1629438198
18183057,15825792150321942610,195324850196096152581,1629438328
18183108,15753451456566346252,196224491304430644513,1629438434
18183111,15899861456566346256,194422976778908680094,1629438440
18183126,14312525134694867832,175013081058082466979,1629438470
18183143,15899861456566346256,194422976778908680094,1629438504
18183151,685899861456566346230,8387160680670816688496,1629438520
18183151,679294821699069016372,8468957598063205004968,1629438520
18183171,669923746380931401951,8587780144785208287285,1629438564
18183224,668478213882931401950,8606406434817785842844,1629438670
18183226,653008128492146255557,8407234884138423479569,1629438674
18183256,653081020052928680689,8408173335661200613229,1629438738
18183259,606948875636935476021,9049173335661200613229,1629438744
18183259,648305626116935476021,8473529571802611861070,1629438744
18183260,648966290277286514943,8464929156099294119352,1629438746
18183274,640494739708045253594,8577228058056963205370,1629438774
18183303,640423255583061362651,8576270773625873320232,1629438836
18183304,638863616447285596490,8597270773625873320232,1629438838
18183328,633559110263664029385,8669468457695760233807,1629438886
18183344,622192287224763478829,8828327444440446037490,1629438918
18183372,665917261962586601312,9448743997990461494367,1629438978
18183417,669138216654619337035,9403397443560355319541,1629439068
18183443,672111966654619337035,9361916508041665242513,1629439164
18183465,44190003867160522030,615527095512921099087,1629439252
18183544,324851690799656357998,4524892514412498147942,1629439458
18183553,280720065792597509177,3910178584028635613665,1629439480
18183565,281065292914036819193,3905390177238536085089,1629439504
18183583,281445042747620060211,3900136476455906814436,1629439540
18183656,6779793809027559804955,93951276879123203759665,1629439690
18183665,6785270178951309095458,93875676403434338591503,1629439708
18183672,6789010613295786447074,93824110277632212395007,1629439722
18183672,6808638914020513183616,94095373346237913758009,1629439722
18183685,6809013226977963952193,94090216143755281199751,1629439752
18183694,6812413621836579726389,94043392132336257057509,1629439770
18183701,6815504889889866793839,94000865336040445273017,1629439784
18183704,6818315133574673218793,93962238026703865465256,1629439790
18183760,6823315133574673218793,93893590635061468697800,1629439906
18183811,6827841059131490814249,93831538608054468982055,1629440012
18183813,6885977637676836003616,94630479966981127442399,1629440016
18183896,6890977637676836003616,94562023211744033719109,1629440186
18183922,6912839408619214755786,94862023211744033719109,1629440238
18183936,6867319048415302844654,95492712841344229358431,1629440270
18183943,6869873815401490503703,95457307530680493326906,1629440284
18183948,6872196330843479284656,95425143695271822884620,1629440294
18183968,6919900552809567316654,94769264391909578422387,1629440334
18183968,6914895567786654668607,94838064561371408579324,1629440334
18183983,6909894435388822503132,94906911473049952581794,1629440364
18183988,6973005895388822503132,94050479276151676472800,1629440374
18183990,6991911809635950314721,93796930548109046849932,1629440378
18183996,6987009639215950314720,93862937629618638050080,1629440390
18184010,6960806139655616540910,94217341733136806790157,1629440422
18184017,6902224134530510709121,93424410471218695047089,1629440436
18184061,6931992635416690763314,93024410471218695047089,1629440524
18184061,6917918182081595573242,93214237426622999470887,1629440524
18184226,327452478498441393222,4412199201162778770262,1629440979
18184257,6917918182081595573258,93214237426622999470887,1629441103
18184378,6927830682081595573258,93081263893249984378317,1629441349
18184459,6933307052005344863761,93007962740970409600283,1629441519
18184473,6939331058921469083315,92927464891971773195083,1629441547
18184473,6944331058921469083315,92994421969032177075522,1629441547
18184492,6948445536700394170093,92939521014860674918383,1629441585
18184497,6928492685479894438582,92672639965636156490499,1629441595
18184539,6928961140991645822467,92666393318000007739028,1629441683
18184542,6941905430991645822467,92494119456286681400397,1629441689
18184553,6947929437907770042021,92414165405291292333825,1629441711
18184603,6950484204893957701070,92380298897364493335387,1629441815
18184608,6955484204893957701070,92314089734986297891840,1629441825
18184612,6957403639143535205989,92288698165306817770699,1629441833
18184637,6968242826763535205989,92145571958315247109066,1629441883
18184653,6974266833679659425543,92066219998700434945163,1629441919
18184655,315800420490184945928,4168832607339686153729,1629441923
18184685,419800420490184945928,5541720555019927856982,1629441983
18184791,420816034061580254502,5528385981147093105549,1629442203
18184861,421488784056512814547,5519588400115612694855,1629442347
18184875,441488784056512814547,5270260316688649116071,1629442375
18184875,441102327534326293869,5274891566425050725152,1629442375
18184875,424831327022034595421,5477527332594554307515,1629442375
18184875,424238697460042830959,5485202050578769026441,1629442375
18184904,132877315131283396823,1718039692741996937043,1629442437
18185051,140877315131283396823,1620753487042556323796,1629442795
18185052,133184357627503490673,1714652692917371735461,1629442799
18185119,134184357627503490672,1727526972776219694490,1629443007
18185129,125493309777927521144,1847526972776219694490,1629443027
18185129,133612939777927521144,1735569561235120740640,1629443027
18185191,133872314023937521154,1732217007182588839970,1629443155
18185196,117032430165406208103,1982217007182588839970,1629443165
18185196,133856312849940673275,1733733530479872265125,1629443165
18185197,134034812906619169967,1731431558739314700527,1629443167
18185209,134348655744291269981,1727398983979027059294,1629443191
18185211,143039703593867239509,1839144852532003368151,1629443195
18185230,142038575061248804145,1826272759391235319911,1629443237
18185289,133347527211672834618,1714526890838259011057,1629443359
18185301,135266961461250339537,1690269758751806237170,1629443383
18185321,135513496312149120761,1687203919919819371825,1629443423
18185325,82128876842302491477,2787203919919819371825,1629443431
18185325,84171928111302491477,2719749949609332598952,1629443431
18185325,137735888156319219344,1664010689686111059061,1629443431
18185329,137064543903659439495,1672185564364719834305,1629443439
18185331,136399724188484387239,1680360412799863769366,1629443443
18185360,209455332279780824216,2580360412799863769366,1629443505
18185469,219201741801047605429,2700430162382649566812,1629443727
18185801,220214431087573119332,2688048911045086759942,1629444464
18185834,221779178687573119332,2669140064346638145667,1629444530
18185867,198391875072566008163,2387670949683746544272,1629444636
18185882,199064625067498568208,2379625808870783175191,1629444666
18185918,199339075662297708963,2376359348761191356292,1629444738
18185949,199756800479239274083,2371404861666939454562,1629444804
18185952,200748050479239274083,2359730338226043446364,1629444810
18186130,125956034513839359807,1480573660443547561569,1629445178
18186174,126041420624048205220,1479573660443547561569,1629445266
18186186,154260937498234015181,1209573660443547561569,1629445294
18186187,126608944825814895458,1474545186249752422374,1629445296
18186190,126498025980792173331,1475842020636618144446,1629445302
18186271,116477937391858335271,1358938474708593161190,1629445542
18186298,107204608058576480803,1476842020636618144446,1629445650
18186298,107807145405576480803,1468612530949081083360,1629445650
18186298,116158880965576480803,1363314466167498774227,1629445650
18186407,166158880965576480803,953931391339458580218,1629445886
18186407,117001508325622876600,1355925033451473913495,1629445886
18186833,117286819996233876612,1352636484340802559401,1629446766
18186911,384585826298190693965,4435322059443603295756,1629446926
18187066,378961128284030930392,4501351033276578324123,1629447244
18187103,375784561905474969729,4539516161390161551828,1629447322
18187129,378267984467784317368,4569516161390161551828,1629447374
18187229,377711116758791870664,4576273370011242498531,1629447582
18187241,376845623411977057434,4586815225520444963030,1629447606
18187261,374371541335452576333,4556701681318861814407,1629447646
18187349,374159668604424929727,4559289736495714587331,1629447830
18187351,373485709443097988916,4567541782216827402422,1629447834
18187352,383438370861812400527,4689257809697555867154,1629447836
18187380,641340370331741149735,7843269137340149974822,1629447892
18187388,636339258096985966809,7905096374994014349558,1629447908
18187464,626464225910089876374,7782421119381097693329,1629448196
18187546,636464225910089876373,7906648821419075365467,1629448364
18187681,641345642513770461615,7846648821419075365467,1629448642
18187682,637970866937458861069,7888281380607169465876,1629448644
18187840,381475545048211926481,4716808548964315362150,1629448972
18187874,123309202234073902523,1524674141798898172251,1629449040
18187923,379804524123320837113,4696146973441752275977,1629449142
18188033,123309202234073902524,1524674141798898172252,1629449370
18188529,123568576480083902534,1521483384760547378818,1629450518
18188536,123913803601523212550,1517257173321316746325,1629450532
18188684,124199115272134212562,1513782144704702095741,1629450840
18188832,124745986507204738695,1507165729560133422650,1629451144
18188923,124072117604210114933,1515376181682853325962,1629451330
18188923,123743179404544419625,1519416525647256117501,1629451330
18188945,113684311632464371708,1395905799676385050953,1629451378
18189091,113222763286699460241,1401613279726452075515,1629451680
18189182,112543312959847696019,1410100609203800807282,1629451866
18189182,111870795419800812246,1418603015055729786821,1629451866
18189422,213205679519702906594,2703603015055729786821,1629452456
18189570,213928944071589377787,2694489831495261361038,1629452798
18189889,380928944071589377786,4797897595285873043070,1629453458
18190101,379905128362330771111,4810866474600529189350,1629453894
18190149,213354083432677349954,2701774549951469982970,1629453994
18190211,387079358118293934627,4901716160054438310401,1629454122
18190230,387957186994728465937,4890658268487961649759,1629454160
18190252,213838031999667453390,2695680797712808800709,1629454204
18190504,214323733919528652582,2689590112851803857943,1629454724
18190515,214968046419528652582,2681552856690764747412,1629454746
18191319,212773483850252379664,2709293828213571853183,1629456534
18191456,211797415351075938790,2721817180291029354701,1629456816
18191582,210474029323738295808,2738982497062554566850,1629457076
18191607,262336599379674061786,3413890808041839085382,1629457126
18191875,210474029323738295809,2738982497062554566853,1629457682
18191935,211288056817606693465,2728461580910991365725,1629457802
18191985,263551965004744906943,3403369891890275884251,1629458006
18191991,264011462303380628576,3397464254759838520409,1629458030
18192080,264391212136963869594,3392599034549995296946,1629458232
18192098,264736439258403179610,3388188201954426018702,1629458268
18192152,265302781440733083307,3380977084452269583415,1629458380
18192301,266294031440733083307,3368429388020649225833,1629458686
18192439,274294031440733083306,3469623676748681296978,1629458970
18192567,274754962690733083306,3463820439516918431084,1629459234
18192578,275838735588913803890,3450251725751662610552,1629459260
18192629,276879548088913803890,3437320715390225962466,1629459362
18192660,375316577545738915131,4659367063157183629763,1629459428
18192764,375822024574238208928,4653119405044834581041,1629459640
18193114,367735762281752796136,4553001951763398001177,1629460492
18193177,368195259580388517769,4547336958594419768850,1629460622
18193197,369244241626973928683,4534457122971132398151,1629460662
18193239,315648388127020802276,3876280035107167917534,1629460750
18193253,316937013127020802276,3860566670350785526447,1629460778
18193333,370970707697898760088,4518743758214750007067,1629460942
18193374,316937013127020802277,3860566670350785526458,1629461028
18193522,317354737943962367397,3855500343307571457471,1629461332
18193525,317772462760903932517,3850447316122728055332,1629461338
18193540,318445212755836492562,3842337181280060008540,1629461372
18193565,333445212755836492561,4023326109392450228780,1629461422
18193569,334238212755836492561,4013809098376038160940,1629461430
18193837,337238212755836492561,3978209267284492394522,1629462111
18193837,336094043385607665164,3991793088855822558822,1629462111
18193962,337094043385607665164,3979986730343245193333,1629462369
18194065,338094043385607665164,3968250108365873009415,1629462583
18194129,338194043385607665164,3967080262549556484526,1629462715
18194275,337453251778784725610,3975815169131259506322,1629463015
18194520,338536722373123562892,3963128814181112602912,1629463523
18194520,338560758897032576191,3962848291176872904325,1629463523
18194572,339799821397032576191,3948441162901984789811,1629463631
18194711,238047143453250546030,2766084855659245285741,1629463917
18194872,238426893286833787048,2761692423276882356772,1629464247
18195403,239737892705983780161,2746635251419798013058,1629465492
18195568,241274330205983780161,2729196787598788847810,1629465830
18195689,225781407754053422417,2553947169662944182061,1629466081
18195895,226574407754053422417,2545035194622027033577,1629466656
18195972,230466101414720296733,2588749299102158618858,1629466821
18196048,231138851409652856778,2581237054900821732895,1629466977
18196051,232330669063425577789,2568035259314836968213,1629466983
18196410,228407497850977791628,2524671023148735056991,1629467850
18196579,227628967293897772519,2533331818412088341276,1629468211
18197492,228939966713047765632,2518868245775243250772,1629470380
18197828,231089097913448989071,2495512367739640471647,1629471080
18197833,231728700555587199244,2488645022139872591360,1629471090
18197871,232624130798842436666,2479094213966550860740,1629471166
18198090,232109850747603582736,2484603609842811454241,1629471620
18198186,233150663247603582736,2473545168195831051037,1629471816
18198224,232575295638574660566,2479682880311643392886,1629471896
18198410,292575295638574660566,1972374342476627509980,1629472280
18198410,234070443110486914468,2466843830273025940143,1629472280
18198537,235512542471551906893,2451783796838196841979,1629472798
18198605,406702179139111681269,4233939315875320024702,1629472938
18198615,407687152406692442434,4223740720695034715762,1629472958
18198657,408912232998422393959,4211124453768802029833,1629473050
18198722,236792570318372625829,2438574595889662901122,1629473308
18198803,408912232998422393960,4211124453768802029833,1629473474
18198926,405740902205819382834,4244138265638242628885,1629473728
18198938,234956450730099555885,2457695681852455996027,1629473752
18198985,233062451878175568291,2477728421577351428926,1629473850
18199045,232724069116256309342,2481341900062937677177,1629473974
18199045,421663836629002920675,1371341900062937677177,1629473974
18199045,232934989970016176947,2485775360007620351784,1629473974
18199103,232269088761733931436,2492923369281691612950,1629474090
18199149,231620081340958059828,2499929644986025578944,1629474186
18199153,230396991757237267189,2513240749444025341089,1629474194
18199184,229815918181566792470,2519614425021877534134,1629474260
18199262,120628631490781009431,1322526491549176545090,1629474420
18199486,121025131490781009431,1318206614010586902515,1629474881
18199609,121310443161392009443,1315115585175740394796,1629475135
18199639,121983193156324569488,1307884225320990571540,1629475199
18199744,122295436906324569488,1304554937916635042244,1629475417
18199815,121773991041747606210,1310157954428623936372,1629475563
18199967,29374275294170209109163,316035797981192623936372,1629475875
18199974,29378801219727026704619,315987257399843679138995,1629475889
18200042,29386500616124118047979,315904715611151335967913,1629476029
18200077,29366157882674489077193,316124209852056429506318,1629476103
18200100,29372181889590613296747,316059569690200602463572,1629476149
18200102,29378205896506737516301,315994955997553511414430,1629476153
18200120,29396205896506737516300,316188565819337499017715,1629476189
18200124,29416205896506737516300,315974234546144218278442,1629476197
18200170,29452377176506737516300,315587340583457173849306,1629476308
18200181,29459003584114474157810,315516566359051810212110,1629476330
18200194,29358496307222513835243,316599971039015364790402,1629476360
18200195,29339098618096963247666,316809922519021105888342,1629476362
18200273,29321133614174589261662,316615932527208931297142,1629476522
18200282,29294687077546205034971,316902625831232444916314,1629476540
18200319,29302287077546205034971,316820678765514099146932,1629476614
18200433,29261685962409728932321,317261595902316366814344,1629477037
18200433,29182752969204331635688,318122301563027136674254,1629477037
18200481,29132642777578914592563,318671140781783308554603,1629477165
18200591,29082564735753970880429,319221520234217169356102,1629477425
18200616,29077563307553363180567,319276592511060031999007,1629477525
18200646,28974593731954685264906,320414648134289426395850,1629477635
18200675,28871956163749734191905,321557124824313674622260,1629477693
18200736,28769378519519081344894,322707091404199241483342,1629477819
18200785,119461784259466023906,1340006872451990202902,1629477921
18200875,1119461784259466023905,12557040677518479428294,1629478105
18201041,1120461784259466023904,12568257711323545917519,1629478449
18201118,1119461784259466023906,12557040677518479428308,1629478607
18201186,1120461784259466023905,12568257711323545917533,1629478747
18201223,1121446757527046785070,12557252024151859042789,1629478825
18201274,1125312632527046785070,12514242082040613738570,1629478927
18201275,1124308304280627846051,12503073268644025602868,1629478929
18201345,1125619303699777839164,12488554679388071599155,1629479077
18201418,1130079928699777839164,12439407450762333982108,1629479227
18201602,1131079928699777839163,12450414997339216017326,1629479607
18201627,1129631802080459955112,12466423779523197296879,1629479657
18201679,1125471766897809156944,12512641564358359376967,1629479829
18201687,1138271766897809156943,12654947943544794720827,1629479877
18201733,1141629473531159759405,12617839141932347238765,1629480133
18201755,1128791725164318453788,12475950159917564782068,1629480177
18201770,121353272807644835843,1341254856444543417715,1629480207
18201963,121349734199074181472,1341294085680056566777,1629480733
18201964,120351788316474672055,1330263662589358950508,1629480735
18201976,120006138149045604659,1334106711229120668968,1629480759
18202050,121006138149045604658,1345223698508322859258,1629480915
18202214,120372527608403721304,1352325922494479409154,1629481251
18202291,127372527608403721304,1278217014730846260639,1629481409
18202291,120564148132373568260,1350616421541605148862,1629481409
18202337,134039116618674328865,1501569370650251050952,1629481505
18202382,133042797592669726766,1490408135254313109469,1629481599
18202407,132728229774445831447,1493951052775942544270,1629481649
18202564,133728229774445831446,1505206767218263637957,1629481975
18202653,134728229774445831445,1516462481660584731644,1629482217
18202656,134413628272054488988,1520022514463653514842,1629482229
18202671,132418299604934500947,1497458251176017045459,1629482289
18202735,135513304412269148923,1532458251176017045459,1629482453
18202872,193834902131355820258,1072335787902516950608,1629482735
18202873,135865150881505399727,1531247353848115539233,1629482737
18202881,171045463921802459658,1927741678558987586442,1629482757
18202992,135865150881505399728,1531247353848115539240,1629482983
18203068,132762576116553155139,1496280260608050798101,1629483139
18203089,167942889156850215070,1892774585318922845303,1629483185
18203279,132762576116553155140,1496280260608050798104,1629483609
18203314,133703005455149770052,1485787197887078506331,1629483749
18203442,132859393523230626870,1495249828818254451680,1629484039
18204088,151163381618260984160,1701249828818254451680,1629485485
18204125,151593825815490596637,1696433653404388718234,1629485577
18204262,133237729361532431013,1491016977612243305744,1629485859
18205211,134392096220515841701,1478247913714924960680,1629487962
18205464,134651470466525841711,1475408944430269860775,1629488484
18206165,134936782137136841723,1472298664252040398523,1629490086
18206208,135481969637136841723,1466391749444080262543,1629490194
18206300,136166798130143333243,1459038787549730245484,1629490434
18206304,136480640967815433257,1455693710233369134114,1629490442
18206833,136765952638426433269,1452666034056241293978,1629491660
18206900,299132649359297998706,3177251582126714380648,1629491798
18206935,519132649359297998705,5513991986643009801494,1629491872
18206961,356765952638426433269,3789406438572536714827,1629491924
18207037,136765952638426433270,1452666034056241293987,1629492080
18207054,137183677455367998390,1448255890319788382474,1629492118
18207108,137563427288951239408,1444269877755228294754,1629492230
18207128,167563427288951239407,1759238014174557361412,1629492270
18207249,168595010276051114095,1748505853026687469686,1629492566
18207344,138410365254129149389,1435459645989203583414,1629492852
18207388,170210365254129149388,1765258766587181227398,1629492944
18207459,170671654153268306518,1760501925287567822687,1629493090
18207526,138785494184593382320,1431591736343901350163,1629493228
18207642,168837494184593382319,1741582309302374337443,1629493468
18207898,138785494184593382321,1431591736343901350172,1629493996
18209603,133352395508265498566,1490093747410073868837,1629498070
18210088,133888685618001253574,1484143022433094202282,1629499196
18210820,134483435618001253574,1477599036904569484434,1629500985
18211594,133988556636502423903,1483072884999322125313,1629502848
18212206,133338289971120496451,1490327325894637359357,1629504458
18212664,132692632218319291636,1497600802849975537958,1629505564
18213066,132002901401984719563,1505449490734925943270,1629506524
18213585,129340393443788692371,1536532837085117635042,1629507758
18213650,129090040818494160533,1539521700708916483381,1629507984
18213650,365013937562660549704,545521700708916483381,1629507984
18213650,128990884511722106566,1546701956009697646494,1629507984
18213673,10553662878567290842741,126546701956009697646494,1629508030
18213686,10551635593092394944054,126571088530322060695046,1629508056
18213686,10529681739233969705640,126835776913372852179551,1629508056
18213711,10515595319518111047547,127006194093612876892630,1629508110
18213742,10293622657421324435368,129753208837248346042148,1629508172
18213853,10287310146205513774487,129833067728829685692263,1629508402
18213868,125799965583017051600,1587683779306366157288,1629508432
18214005,215446086225503502299,2719080683607521139041,1629508714
18214420,216246307639530239579,2709048775564125320600,1629509828
18214926,217060335133398637235,2698919567940851524875,1629510872
18215005,216319389809963318997,2708191825695344780072,1629511094
18215100,316319389809963318996,3960133146385317377542,1629511356
18215208,216319389809963318998,2708191825695344780081,1629511580
18215281,215733571918012727488,2715567965882464224292,1629511739
18215679,214250868258522160176,2734417355327647810159,1629512559
18215905,213324828026086012199,2746323141946368718073,1629513223
18215941,212483135515569403815,2757234667512412555303,1629513359
18215962,211846490932563308051,2765545687859682662446,1629513401
18215990,211598846705449962049,2768792077108845828794,1629513457
18216086,210978919156593908500,2776952206748960577416,1629513657
18216108,211131436205300723599,2774952206748960577416,1629513701
18216149,211284173591757753084,2772952206748960577416,1629513787
18216180,212269146859338514249,2760123550806827783796,1629513849
18216207,212941896854271074294,2751429535868722092241,1629513907
18216217,213896660936172893814,2739184743184027763036,1629513927
18216314,593454802773677658125,7599849078579213805922,1629514125
18216352,594350233016932895547,7588433671310554927547,1629514205
18216366,595164260510801293203,7578085793015580426067,1629514233
18216389,597146760510801293203,7553002120801186847292,1629514283
18216441,599685654967089167424,7521120435685767111495,1629514387
18216539,601177430459996892736,7502513205303549389908,1629514591
18216590,603435661066705999058,7474520548481815308067,1629514697
18216608,604664858646705999058,7459371403769615789370,1629514733
18216791,600096601849456586542,7516327001577107573827,1629515111
18216809,598137732459863906658,7541016643281767440877,1629515147
18216822,597333477516266056274,7551200484623619883565,1629515173
18216940,595898169440772101904,7569443386394517720978,1629515545
18216949,214780486588456316861,2728266031190043019868,1629515563
18216971,213368664170467625491,2746372801517743565610,1629515611
18217019,212753194941521991872,2754341631943120845210,1629515707
18217482,213744444941521991872,2741606384992394339641,1629516665
18217621,213151386423419536901,2749257404879046194323,1629516951
18217704,107078972249065325409,1381120068240079477168,1629517203
18218048,107326784749065325409,1377940671736770249959,1629518099
18218359,107943810651255511853,1370087614276692185065,1629518739
18218361,107292912245843007468,1378424336977723314889,1629518743
18218568,18428245968498042276,236753222548244308228,1629519180
18218831,18309178254364153229,238297502039945485079,1629519850
18219191,7027030423998138229,91458162323495752583,1629520590
18219696,61027030423998138228,794278623809244847190,1629521640
18219698,60477028613872058187,801523840686587339910,1629521644
18219927,6963820739229893313,92294024238488228457,1629522125
18220519,6868993337524402724,93571989886831001694,1629523493
18221072,6759173715410532002,95096874715678935980,1629524763
18221954,6869173715410532003,93578529753677543322,1629526712
18223227,7015583715410532007,91631352461460611446,1629529512
18223235,6871902855044900770,93552987225359489374,1629529532
18223347,6763045481844832809,95063338767473394375,1629529864
18224309,7263045481844832809,88537307291933279722,1629531939
18224309,6827029031998933336,94208863963072649406,1629531939
18224870,6698409610789712078,96023257365761978406,1629533225
18225504,6594685462737911467,97538098417797171855,1629534533
18225723,12335388170459876253,182445442195893136376,1629534983
18225919,12468488170459876256,180503633941015693785,1629535515
18225922,12666738170459876256,177686873565881351513,1629535525
18225925,12566940884853597591,179102176296271265147,1629535531
18225948,6718527098560700733,95751451039925277390,1629535577
18226248,6656520769913831811,96646071718025886235,1629536197
18226258,8656520769913831811,74368538129991598228,1629536217
18226258,6622248392089953432,97282369984547159989,1629536217
18226551,9522248392089953432,67716901376621074580,1629536939
18226552,6745927644231291579,95669994984822634890,1629536943
18227177,6823245144231291579,94589127377580619576,1629538249
18228111,6737063653323659598,95802766067239011076,1629540305
18229248,6836188653323659598,94417729434360084623,1629542779
18229250,6718455678554213221,96077266875249150829,1629542783
18229704,6828455678554213222,94534121017330549317,1629543847
18230809,6912570425680361527,93387203521678704317,1629546731
18230981,7000952692241541148,92211745919336649472,1629547087
18231254,7110952692241541149,90789526992433401260,1629547649
18231298,7210077692241541149,89545035075519008263,1629547741
18231322,7131491693508454237,90534752346157800716,1629547795
18231481,7252491693508454239,89028733716267817160,1629548121
18231538,7362491693508454240,87702522525433438700,1629548239
18232086,7246149552738257354,89114886671736358065,1629549499
18232164,7084854880955188978,91149791784290506999,1629549659
18232746,7194854880955188979,89760346639490902492,1629550859
18233102,7317993926616684888,88254414707770999174,1629551723
18233361,70400821328865453371,849028209592667904651,1629552257
18233382,70050612960637249875,853285581023002588151,1629552299
18233443,69351553566852520133,861912528030772807127,1629552425
18233801,68952189102827282327,866919664109659324583,1629553421
18233983,68533320018949019839,872234137433058424580,1629553921
18234117,7124284184385596682,90671863973282020087,1629554201
18234180,68533320018949019840,872234137433058424580,1629554331
18234328,7124284184385596683,90671863973282020089,1629554635
18234605,68533320018949019848,872234137433058424580,1629555589
18234704,7124284184385596684,90671863973282020091,1629555795
18235316,6987577034959786640,92451134579673027603,1629557191
18236690,26187577034959786639,346482220755732276371,1629560568
18236848,26333987034959786643,344561618301037643648,1629560892
18236853,26581799534959786643,341358942090770148134,1629560902
18236943,30085973094166318417,386358942090770148134,1629561090
18237145,26581799534959786644,341358942090770148136,1629561890
18237232,26742850534959786649,339309337820405964105,1629562068
18237267,26937722244959786656,336862031561912208215,1629562142
18237435,27235097244959786656,333194811492301307702,1629562513
18237622,7267279661150007622,88908067960243018528,1629562899
18238291,22267279661150007621,272418415928963817562,1629564726
18238921,21968569134441551083,276133683196723131754,1629566537
18239070,21881914095972336453,277230496572509135421,1629566843
18239511,21674495162273293712,279891498879645464675,1629567753
18240511,21784495162273293713,278482415701406861094,1629570069
18242161,21501366270884334721,282160492137965801184,1629573881
18243758,57633321398665327625,756316883518868918263,1629577677
18243813,21501366270884334722,282160492137965801188,1629577825
18246171,21611366270884334723,280728606096736902589,1629583001
18246757,21721366270884334724,279311201059211237811,1629584409
18247755,21871638927674061925,277397865691437228843,1629586725
18248372,21942927028466727487,276499351393749872600,1629588101
18248744,22141177028466727487,274030963356922044826,1629589019
18248773,21993617560836657506,275875022687404563258,1629589081
18250296,21773440867416892055,278673111548530065310,1629593079
18251142,21883440867416892056,277276505721840540523,1629595125
18251259,85813654739309459571,1087311199070351233149,1629595363
18251351,86309279739309459571,1081086014769267045728,1629595555
18251864,22009923089856490229,275690170401848386152,1629597006
18252076,21123173492848588844,287298452597808759568,1629597442
18252076,21962742584645463852,276347595194791098297,1629597442
18253035,424295945526651344089,5338730522624433588221,1629599940
18253036,423571287369316870356,5347891662499050149816,1629599942
18253222,21925404264427548325,276823973104714819315,1629600326
18253278,423571287369316870361,5347891662499050149816,1629600442
18253394,422341361278056145153,5363512447020785034273,1629600720
18253415,426867286834873740609,5306813786635463748461,1629600804
18253416,427607311829299556659,5297657222801572943832,1629600808
18253416,427629898596776479007,5297378247920950349012,1629600808
18253515,428369923591202295057,5288254236704927405893,1629601060
18253537,428869923591202295056,5294426768838335961141,1629601104
18253574,429613361091202295056,5285292305381482904327,1629601182
18253575,430009861091202295056,5280433492799506003801,1629601184
18253575,22736067687887103579,279194279426565355023,1629601184
18253690,22234739018888243273,273038065501692784452,1629601418
18253807,72234739018888243272,887027879525929823985,1629601660
18253846,71939980231745886860,890673223868331874836,1629601788
18253868,475894048768693714509,5891940549206888796602,1629601876
18253876,475564853263870931493,5896031340694296872905,1629601908
18253876,475236114081793636249,5900122125736082961817,1629601908
18253876,474907830273831137492,5904212904332262304942,1629601908
18253895,473562731304785481598,5921033585325457515797,1629601972
18253898,480571131304785481598,5834939585264961534167,1629601978
18253912,483049256304785481598,5805094694250843354453,1629602006
18253921,480106312540022646693,5840785692697860637054,1629602024
18253951,72579872336675678542,882978350522215671672,1629602084
18254142,77579872336675678541,943806395687847197969,1629602478
18254399,78564845604256439706,932008879242648984466,1629603136
18254512,78171857512242883444,936708403014919970376,1629603370
18254669,77768425931972931849,941582294331423565025,1629603696
18254896,27410324232941681511,331870880377566716048,1629604260
18254964,27247399148654851240,333861264459018259041,1629604430
18255172,30328556461831595917,300034870052043033252,1629604862
18255172,27152682298781615078,335233610343442406965,1629604862
18255380,52106697366782385735,174940815776953806381,1629605290
18255380,27341632973546146206,333872688746703318392,1629605290
18255457,37341632973546146206,244658938462316687799,1629605448
18255458,27387933284877670148,333843812045097059451,1629605450
18255555,47856992042189651257,583350356895972290628,1629605652
18255663,47439139399853705434,588504075006908971012,1629605968
18256035,47652670893994330426,585874865691098920560,1629606768
18256229,47365903419617362841,589432602154974944437,1629607296
18256528,47122420515194349869,592487381730891783128,1629607914
18256658,46852418507599765113,595912053286549115353,1629608182
18257187,48644399741258816784,618704115050180687649,1629609272
18258780,48397695624416958476,621867409061120670225,1629612814
18259404,49191059102882135719,611867409061120670225,1629614358
18259404,48660587661713417991,618557727992420702616,1629614358
18259874,48004560257861804875,627036336145664820419,1629615327
18260010,47684791162043603420,631253827045213021729,1629615607
18260020,47564136489333568233,632859930051499059907,1629615627
18260182,27970184789276974165,372154536921718106191,1629615963
18260203,28970184789276974165,359345626562976471465,1629616005
18260205,28230279081999930453,368792289310504918671,1629616009
18260211,28123253307404922411,370199987315358848776,1629616021
18260346,27185458952047605118,383008897674100483502,1629616299
18260346,27988754817047605118,372048321859653342692,1629616299
18260347,28014217522066526656,371711172969129851357,1629616301
18260406,26632966522686063332,391047034137106101834,1629616423
18260808,27255080028487692816,382147319879796166085,1629617511
18260858,26947295982135681612,386525227288151139650,1629617611
18260931,27093705982135681616,384442739946633753037,1629617765
18261003,27214705982135681618,382738564363582345477,1629617913
18261120,27452605982135681618,379431675970763419171,1629618155
18261120,27623677608692627014,377088886308036919420,1629618155
18261498,27744677608692627016,375449239677037074365,1629619187
18262321,27865677608692627018,373823811413873324532,1629621171
18263133,28014365108692627018,371845645521255986351,1629623176
18263255,28209236818692627025,369284558600582035930,1629623431
18263513,24196924663540442485,430703246053957101423,1629624107
18263513,28275263286587317621,368739467592978568881,1629624107
18263884,27998069878487777448,372401138175786375848,1629624873
18263924,27819224727005868865,374802446848527782650,1629624953
18264223,27597367021864036013,377824583697042291704,1629625827
18264226,27376945366309021291,380875739078798434265,1629625833
18264369,22687370250188840684,315633055338197276949,1629626134
18264485,22808370250188840686,313963596692417565366,1629626450
18264706,22918370250188840687,312461182556070382815,1629626969
18265396,23102238658391965679,309981736578413445148,1629628389
18265919,22806256796558839355,314016815525723646347,1629629495
18266331,22562458132137025215,317420134503971905964,1629630475
18266502,22405276618979583125,319653657705424913215,1629630829
18266702,22174385251430266178,322992075045389333019,1629631241
18267046,22016355460051436379,325317435307839007259,1629632077
18267363,22230714341051436387,322189893496064196124,1629632742
18267431,22330490903530269862,320754591925436974169,1629632882
18267763,22451490903530269864,319031076212891215383,1629633566
18268251,22201104529327142050,322639968667818848030,1629634702
18268540,21857678885782298631,327724508897210356026,1629635296
18269110,21476996597216079691,333550943634343035444,1629636600
18269259,20918808272698852990,342478052356855756844,1629636910
18269313,20612158711874754482,347588470730952126259,1629637022
18269393,20341899242721137733,352220375534029833972,1629637186
18269421,19707585065119317075,363591157344707679947,1629637242
18269451,19106583788518990297,375062401026277923731,1629637306
18269480,18661653408576196164,384031530894099110636,1629637364
18269623,19001649746466821188,377180305021175328088,1629637683
18269623,19341646084357446212,370569598520047400650,1629637683
18269623,19681642422248071236,364186958441601464935,1629637683
18269623,19092998684491105283,375448753423254726458,1629637683
18269625,18995500955231299672,377381608347238462249,1629637687
18269664,19141910955231299676,374503737473721855649,1629637769
18269707,19290598455231299676,371625741942014888243,1629637883
18269728,19670348288814540694,364472356214326056018,1629637965
18269754,19984191126486640708,358765382638650806726,1629638017
18269833,20243565372496640718,354182252066271434844,1629638183
18269978,20833499301019307081,344182252066271434844,1629638612
18270259,20954499301019307083,342200728526191235667,1629639227
18270281,20708727814543052044,346274192199576450883,1629639275
18270532,20831058087781848767,344246763685510736275,1629639795
18270560,21081001029712755498,340177366129397006130,1629639851
18270650,21275872739712755505,337070847814872179432,1629640040
18270883,48230940212712755504,764116429313958580804,1629640522
18270971,48490314458722755514,760041373925104094261,1629640702
18271265,50823657964582130618,725247324825798073554,1629641503
18271265,50909133573618473728,724033293258319578379,1629641503
18271330,50644697823639134905,727825129410048808525,1629641637
18271399,57631206534420694460,639825129410048808525,1629641821
18271400,50486141660043102692,730649025858199711412,1629641823
18271490,50316922916881889584,733113634925928004307,1629642011
18271637,60316922916881889584,611874358038489549271,1629642313
18271637,50308520598098361711,733967228307969847442,1629642313
18271893,49549808935223654996,745239625592292464480,1629642986
18272010,54549808935223654996,677117638807846749199,1629643228
18272010,49669764357925788722,743844494186558099600,1629643228
18272074,49326681490774564086,749033738600805751055,1629643364
18272101,67326681490774564085,1022366687166099346148,1629643418
18272274,66087488466830259693,1041594560120955241561,1629643790
18272474,64841957463182667388,1061662462061333157253,1629644221
18272488,65040207463182667388,1058436072010707657547,1629644249
18272562,64650337367887107623,1064838115246289180022,1629644401
18272753,65096399867887107623,1057563225469675244437,1629644835
18272829,64553481918880220948,1066484475469675244437,1629644991
18273058,63912713145179493980,1077208886850009055973,1629645599
18273298,63527464536323410405,1083761044314459055973,1629646098
18273373,46543526794201191725,794019745203588049892,1629646252
18273393,47590554382091816749,776601977786629718052,1629646292
18273448,47714035057217931040,774598198548902460697,1629646406
18273505,47756723524940535536,775291210786435708200,1629646524
18273652,47714035057217931041,774598198548902460701,1629646826
18273671,47961847557217931041,770607897361257664432,1629646896
18274140,47524153809722060876,777726491735865086341,1629648006
18274582,47803962695834611082,773187835594485435378,1629648964
18274951,48200462695834611082,766846468814100288542,1629649876
18275242,47716569264614347952,774646454025808654287,1629650474
18275530,45380320057645651085,814646454025808654287,1629651245
18275530,47447123036161276045,779262180628446065558,1629651245
18275541,49954166118233998289,820437361209500532117,1629651267
18275586,50216847368233998289,816158511495985036822,1629651361
18275731,47696624433051610615,775198126541240793717,1629651659
18275771,47379756267375626742,780398126541240793717,1629651739
18275820,47724983388814936758,774769791755262453662,1629651841
18275844,47873670888814936758,772370684778908452000,1629651893
18275927,48270170888814936758,766045168209046797690,1629652166
18276073,118763977028573851559,1884778302724231508991,1629652627
18276150,118989527849674364325,1881216305531838245708,1629652785
18276422,118362236086197029045,1891216305531838245708,1629653349
18276646,118921853858422129456,1882343267959490923324,1629653809
18277003,119267080979861439472,1876910988902254438064,1629654686
18277351,120350551574200276754,1860064103999228698542,1629655402
18277382,119844641561200276753,1867939772136029120386,1629655468
18277384,119295508494764996611,1876564019687021916961,1629655472
18277430,168295508494764996610,2647352778835478505311,1629655564
18277445,167336101874852935520,2662576812046672316524,1629655598
18277448,169067253191845275320,2635394513476382836858,1629655604
18277453,168423726163828269445,2645494341985749932608,1629655614
18277453,167349167126025390899,2662532333777471736011,1629655614
18277501,118625017531580641506,1887329050971024693034,1629655710
18277617,168000472735238015672,2672894633593361079192,1629655987
18277662,167050033931556579834,2688147949733958570640,1629656129
18277731,117953982996698843696,1898100527686469666600,1629656280
18277750,117579228360642662217,1904168456260906508257,1629656318
18277851,116775202239671561724,1917318576938205601268,1629656528
18278359,118070642913499686652,1896344670113505124899,1629657722
18278711,117237482725873771903,1909861789241021839642,1629658611
18278844,116580785334917381938,1920652376866648040814,1629658901
18279044,116046188242917381937,1929526987789405587873,1629659573
18279211,115663944249743185068,1935922839269099317457,1629659950
18279561,125663944249743185068,1782292776766684690854,1629660721
18279561,116074576413790624900,1929977903199074779491,1629660721
18279700,115726420366370078243,1935801597929166809686,1629661100
18280410,116780039751135703203,1918388225405004027926,1629662967
18280480,118292317130006298413,1893935727399406838724,1629663111
18281937,123292317130006298413,1817350108723674057362,1629667561
18281939,118993397891754366386,1883203760550164944341,1629667565
18281942,118881241832946920764,1884985776394025413406,1629667571
18282005,123881241832946920764,1809124476686579050443,1629667701
18282005,119066440702981892125,1882501868987911920691,1629667701
18282013,124066440702981892125,1806853639803910464223,1629667717
18282014,119277341514394293934,1879618834828701092857,1629667719
18282017,119088807960511302918,1882603477445897593585,1629667725
18282643,118410392902405068654,1893422034880359018873,1629669174
18282800,123410392902405068654,1816930452643218444054,1629669604
18282800,118421381031172708539,1893706820295196661819,1629669604
18282804,123421381031172708539,1817210544978712344332,1629669620
18282805,118437304370939280716,1893912474506140157398,1629669624
18282822,123437304370939280716,1817417762034736163337,1629669682
18282822,118581459819845775100,1892063942892798863881,1629669682
18282823,123581459819845775100,1815733045583998919487,1629669684
18282823,118587268739354471971,1892431025809669379192,1629669684
18282824,118476200635759582661,1894210464951504423159,1629669686
18282824,123476200635759582661,1817727820046395164998,1629669686
18282824,118491645912733289084,1894423752509842982468,1629669686
18282849,123491645912733289084,1817942063713923852189,1629669736
18282849,118629330241101803484,1892679113877744621634,1629669736
18282874,118251508990648953004,1898744542843659005694,1629669786
18282900,155618781835119957966,2498744542843659005694,1629669842
18282961,165618781835119957966,2348296651289283450410,1629669968
18282963,156318983004411346661,2488422944524898910663,1629669972
18282972,156024684145179887616,2493130812827135876813,1629669990
18283162,118561056432942951194,1894496531838924879650,1629670382
18283931,118246593022366963867,1899549890695681218580,1629672262
18284729,117808355268803287313,1906637328195681218580,1629674315
18285346,117184991320350470132,1916810177769734850385,1629675614
18285526,116056851027847057177,1898357039955258282431,1629676000
18285626,116370693865519157191,1893252634462212741620,1629676232
18285954,115688827135565958866,1904444989906714749825,1629677056
18286168,115266682296937474934,1911440686486834490191,1629677556
18287747,114601256536045806188,1922572755707779118892,1629681313
18288110,115841870070522716709,1943385527346085096514,1629682110
18288154,114601256536045806189,1922572755707779118905,1629682202
18288412,114064504518120029438,1931647006812242180985,1629682903
18288471,113875873551117344698,1934856333124463416312,1629683026
18288597,113481416424197219364,1941602057997566781188,1629683310
18288832,112946613729197219363,1950823215448626295747,1629684052
18288904,112293811254333986646,1962198145299833408641,1629684200
18288921,111932038430661359076,1968559201451027381489,1629684234
18288986,111434679700661359075,1977371773852636802227,1629684368
18289021,111066204027842796692,1983951685524383859621,1629684438
18289057,110614445267153300249,1992078693221193890958,1629684523
18289092,110228960185939276924,1999066215351839544335,1629684597
18289203,109629596777089996016,2010028332280614256692,1629684823
18289225,109232967259689852548,2017348791422893801750,1629684891
18289256,108540581767175411502,2030256277007515520122,1629685015
18289263,107953820831931461268,2041324524908574599391,1629685043
18289297,107607826520483652750,2047907799862370937648,1629685147
18289356,106863537476898635961,2062214099646333383535,1629685269
18289377,108863537476898635960,2100809380100943735462,1629685311
18289502,106863537476898635962,2062214099646333383558,1629685569
18289589,107148849147509635974,2056739348219916100948,1629685747
18289619,108044279390764873396,2039744582015900235154,1629685811
18289651,108335142427874248372,2034284569722276655423,1629685875
18289719,108680369549313558388,2027841915809566780082,1629686019
18289734,108878195946355107843,2024168458928339642173,1629686053
18289840,109192038784027207857,2018367940601510416382,1629686269
18289844,110275509378366045139,1998596133932327249583,1629686277
18289850,110306226418189871189,1998041252877222566641,1629686289
18289988,110554038918189871189,1993575947912424602557,1629686577
18290024,119023085554053525091,2146294815899693387582,1629686649
18290106,119402835387636766109,2139489134237341654475,1629686817
18290370,119601085387636766109,2135953352256469998046,1629687564
18290390,117810166340179292186,2168521254945421628221,1629687604
18290407,118147538166351167194,2162347538236800256612,1629687638
18290425,109740838536611201247,2008487317946220791932,1629687674
18290778,109382814854031638919,2015081130477685413740,1629688404
18290989,108762553590552724211,2026607502741481167392,1629688841
18291055,108602224047672798597,2029608387536040334095,1629689003
18291067,108142782629785824869,2038257064855736953139,1629689027
18291092,115142782629785824869,1914692299520460519228,1629689081
18291092,108361253576093791695,2034879283937522639280,1629689081
18291187,110881476511276179369,1988764159793749956637,1629689275
18291189,108625480557700158328,2030192232719159155776,1629689279
18291401,108631187344809533328,2030085899360006539533,1629689719
18291401,117631187344809533328,2198276761862928891344,1629689719
18291470,122390267344809533328,2113044441062108992133,1629689891
18291471,119132920356358967868,2170993409453158474568,1629689895
18291634,119744511260843113363,2159938231948594719539,1629690325
18291634,120021159733389723589,2154974481366688574843,1629690325
18291843,120268972233389723589,2150547480735239285044,1629690817
18292065,119923148553367038511,2156767698408925257887,1629691641
18292157,119510951678309357544,2164228838638298865265,1629691889
18292382,154606929939134839449,1674086079603083345923,1629692426
18292383,119661013879835918767,2164458885521150587698,1629692428
18292927,149661013879835918766,2707106523713831058445,1629693688
18294272,150503576379835918766,2691996571053539205067,1629697062
18294856,150800951379835918766,2686703928021301800355,1629698502
18295516,151266184401030082887,2678465437318839234688,1629700042
18295635,151971862411805934505,2666065181237805977751,1629700311
18295753,151194330267188182259,2679816946540241050006,1629700555
18296787,151640392767188182259,2671957627234411013423,1629702912
18297118,152631642767188182259,2654656603245891868087,1629703921
18297146,164130805602830501236,2854656603245891868087,1629704033
18297267,152631642767188182260,2654656603245891868105,1629704302
18297404,164130805602830501237,2854656603245891868105,1629704584
18297406,164476032724269811253,2848682756856738396820,1629704588
18297425,165021220224269811253,2839299585550217456487,1629704630
18297454,153459689695739570732,2640375781730505697260,1629704688
18297859,153839439529322811750,2633877567598524860043,1629705654
18297901,154335064529322811750,2625444539980595849789,1629705738
18297998,154840511557822105547,2616899909024115639293,1629705940
18298026,155676723716025230539,2602885265243515469149,1629705996
18298772,156178641873223328139,2594545273219256995546,1629707553
18298866,157169891873223328139,2578230596417730582982,1629707745
18299609,155974145120001754513,2598055596417730582982,1629709580
18299662,163829692260442574896,2728905156102403942469,1629709690
18299692,164523567260442574896,2717430432903160656931,1629709750
18299700,166198409126078744706,2690127225449264574565,1629709766
18299702,165206932715936762239,2706320391864239798413,1629709770
18299752,164376501804936762238,2720033876502365306107,1629709874
18300128,166016834143906253541,2693238364253848273747,1629710650
18300168,166512459143906253541,2685245907436400580327,1629710734
18300563,165204376896906253540,2706571563825471462177,1629711588
18300634,163782174528814679320,2730144795307638081071,1629711822
18300664,199912877261706461974,3332420655307638081071,1629711882
18301012,198964539390706461973,3348351986736326311450,1629712602
18301069,198332695202706461972,3359051194692332501576,1629712720
18301089,162487653498639742592,2751963543123935239467,1629712760
18301496,182487653498639742592,3090692484538179142873,1629713784
18301517,183043729431281395136,3081331227811367544609,1629713830
18301691,162982800716085231349,2743628503434577705104,1629714314
18301926,155167994033177115640,2612075196767528483310,1629714800
18302268,155866417653106604625,2600405675599301100734,1629715767
18302272,157055917653106604625,2580769528670575005914,1629715779
18302342,156158928449898004839,2595638278670575005914,1629715923
18302441,156121549618975840604,2596261599834045900215,1629716125
18302629,155715445654539202363,2603052992287566015452,1629716513
18303282,154896729119840100086,2616852994801393947396,1629717875
18303584,155192689056121495952,2621852994801393947396,1629718515
18303723,154896729119840100087,2616852994801393947399,1629718830
18304634,154268941642117714739,2627534152241110154635,1629720866
18304922,153335604060092617153,2643575799282816622367,1629721462
18305278,152745211699496154986,2653824521773006903323,1629722330
18305885,85188507545366867828,1480081423055732684831,1629723715
18306036,152745211699496154986,2653824521773006903305,1629724047
18306154,85188507545366867829,1480081423055732684833,1629724385
18306678,85624023847501052213,1472575637094503887093,1629725560
18307649,86218773847501052213,1462447854610356712487,1629727700
18308283,93432648631314140216,1349845857362557620172,1629729004
18308283,86893468764596474411,1451734357327842816354,1629729004
18308473,86295564578596474410,1461823055201184029717,1629729516
18308671,86741627078596474410,1454328172932147374562,1629729960
18308782,88363818856700106794,1427708101660923553832,1629730193
18308802,86914546680847673870,1451586310745433321245,1629730237
18308879,86163082335149967924,1464284297174503604133,1629730395
18308955,85819161139268091753,1470170089358129371112,1629730551
18309468,86217604724057084900,1463396175839332170555,1629731852
18309923,86000209170920981790,1467106551703312730613,1629732790
18310463,85654018234048000037,1473054051703312730613,1629733981
18311349,85942256759438625061,1468128402434278941077,1629735943
18311605,86388319259438625061,1460570407163086442286,1629736471
18312845,86343926724184266362,1461323598804124399800,1629739172
18313242,91343926724184266362,1381560281733306980164,1629739990
18313243,86407071769959234620,1460733037379820377597,1629739992
18313754,88407071769959234620,1427784322865194250234,1629741046
18313755,86463548343796792130,1459974560007732066796,1629741048
18313868,85892659350780872920,1469707538202284538484,1629741282
18314035,85563924190658339350,1475371120634971559024,1629741634
18314049,85446816158351105368,1477399255909727986815,1629741666
18314105,88136238765772980568,1432448465671243457608,1629741778
18314158,87213608301990646729,1447647898537151314295,1629741888
18314456,86952928085315120059,1452000928415236423454,1629742504
18314534,86738215062899953147,1455606047710129516804,1629742664
18314583,86488204281265980774,1459826417938646458031,1629742770
18314715,86196437087026495315,1464782667938646458031,1629743042
18315044,102196437087026495315,1236035035715451662065,1629743720
18315044,86560802447286093865,1459974101760251607622,1629743720
18315055,86574984852747792389,1459735651392385756975,1629743742
18315311,100141703440414611755,1688483283615580552941,1629744301
18315408,100066166194286003169,1689761709318496924651,1629744503
18315662,99542015854286003168,1698686124094968729497,1629745057
18316468,86056560332935648383,1468556605673814571712,1629746816
18317178,85701982575765533708,1474650797953873494128,1629748298
18319545,86775494392513662137,1493122424975815808291,1629753321
18324139,87012663466289033369,1489064820391296853192,1629762929
18324284,87458725966289033369,1481492866262144782401,1629763227
18325086,88337723769023408409,1466795169857698121663,1629764915
18325191,87932246160354779990,1473579282064571491203,1629765261
18325227,87657155364142734914,1478217669654043107738,1629765333
18326719,87311777789872155087,1484082622634792421276,1629768694
18327064,87075306234223696986,1488125092764174759249,1629769536
18328096,87172300720393616590,1486474254273960812682,1629771792
18328096,87717497253596741582,1477262814826548708162,1629771792
18330707,88213122253596741582,1468987581357430529459,1629777608
18331349,88460934753596741582,1464884703224901780686,1629779060
18331366,88168681511138371023,1469754975906178319049,1629779094
18331616,87616072228393357561,1479052861041334480602,1629779610
18333266,87879618509377386073,1474630527543258561433,1629783658
18333453,88152667280065729977,1470076588821545214711,1629784044
18333526,88785944050321816220,1459622317828489936043,1629784194
18334107,89071255720932816232,1454960859688492982780,1629785648
18334279,88106734013772008750,1439205593627849591130,1629786004
18334352,88718324918256154245,1429313808750499456079,1629786154
18334494,79977387767259185480,1288491242692680001997,1629786446
18334611,80423450267259185480,1281366045812741399252,1629786688
18334613,80331706072551046824,1282833855182875118479,1629786692
18334798,79928245862551046823,1289328803250645703642,1629787077
18335015,79513205834518373536,1296079043752189776722,1629787779
18335056,79075029988101890123,1303282574250693016526,1629787865
18335154,78774095792102704001,1308276378838472414119,1629788065
18335609,79040498409452551457,1303880073307265449582,1629789132
18335782,80093389108881222561,1286790290130416023510,1629789499
18335834,79998064956694819182,1288328218421267922553,1629789607
18335983,79438189400449810043,1297435599959970177867,1629789913
18336206,80383532418027935099,1282222468262200678206,1629790442
18336208,80763282251611176117,1276211446518761309147,1629790454
18336231,80343316038386440681,1282902462651116627429,1629790592
18336248,79961591142105857093,1289045279103500022431,1629790694
18336428,79693959351469407332,1293387234024686109991,1629791094
18336732,80507986845337804988,1280348452491061106963,1629791722
18336732,80696089691760648228,1277372888782647641795,1629791722
18336801,80203055249760648227,1285248946360791291661,1629791864
18337037,80521407022901237283,1280182732905826258819,1629792480
18337541,83803996509687493083,1230182732905826258819,1629793548
18337543,80623553142097381228,1278857087472088127376,1629793552
18337562,80241921261809284575,1284957654243290783738,1629793590
18338068,80937508420012409567,1273947411450504126227,1629794649
18338838,81281673349930846320,1268569345124772854323,1629796257
18339195,80970796975262007960,1273454500248792192115,1629797119
18339387,80577151832023308775,1279694452399523338304,1629797532
18339482,80180961282737590990,1286036711524115271074,1629797730
18340435,80744863110881211562,1277082110847111546105,1629799726
18341857,80576712137423401222,1279755200387628206864,1629802738
18341857,79862655833628351129,1291231990878641570987,1629802738
18342019,78609246600054136340,1311882386428432710612,1629803086
18342057,77290684581017816670,1334330153678609347228,1629803212
18342195,77666669047166174558,1327889944272727079102,1629803496
18342675,78112731547166174558,1320329652269956490188,1629804616
18342840,78443432755299583390,1314780045402933014070,1629804954
18343064,78808560643299259038,1308706728985487569912,1629805418
18343138,78907685643299259038,1307067638138792865782,1629805640
18343176,81322486020597570892,1347067638138792865782,1629805778
18343387,81627757699519112588,1342044928387297515601,1629806229
18343688,82067611776208109516,1334873494109288909515,1629806966
18343716,82387710562121156428,1329702644315077682871,1629807022
18343787,83378960562121156428,1313941349088671514975,1629807256
18343788,82818032891915415936,1322867470191661077579,1629807260
18343837,82258321497031133130,1331895759844682510678,1629807400
18344160,92258321497031133130,1187916117690195930100,1629808170
18344161,82479804530414916767,1329175072059902519832,1629808174
18344163,82296415548692583653,1332145912648286202206,1629808182
18344194,93296415548692583653,1175496661298638836954,1629808304
18344194,82352470938273108292,1332180244007791505215,1629808304
18344257,81736670112112995275,1342247037434116354280,1629808434
18344857,82076047066351501579,1336713550158433264371,1629809798
18345049,82373422066351501579,1331902326359861094122,1629810212
18345704,82857834188237099147,1324138843864363008516,1629811696
18345881,55853228024114658524,892582210318540769808,1629812062
18345898,56348853024114658524,884754712247948354063,1629812096
18346750,56592387168353757852,880958718442510756214,1629814108
18346758,57003755918353757852,874620197291852544832,1629814128
18346902,56296958170899667047,885633930974493116388,1629814424
18346994,65296958170899667047,763881236697799513807,1629814714
18346994,56313515036378891022,886106468852139613248,1629814714
18347177,55889231167026084682,892853599726200029939,1629815118
18347556,57108988247104209738,873839659596392251500,1629816028
18347559,58640142531631220042,851089478009457770607,1629816034
18347560,58435786361402649171,854074784502405159865,1629816036
18347593,60625636214918274131,823314088937714135730,1629816106
18347844,60255518556309079617,828386487453722021741,1629816647
18347881,59979741967552772465,832206727474726195713,1629816721
18347933,59560237894552772464,838085894817716020909,1629816829
18347944,58846615143552772463,848279799611515699923,1629816851
18347996,58485612064973327063,853531571244690405965,1629817017
18348153,58125379695773327062,858837255033163808155,1629817409
18350247,57395619919696481195,869789846470014247084,1629822023
18352199,57096441975964429969,874361146249317489357,1629826083
18352421,56712981455964429968,880290861928889049093,1629826604
18353288,57420940155903005072,869469671494926714151,1629828604
18353937,57237611841449146142,872262905494926714151,1629829943
18354066,56651188346342649671,881319284373198051715,1629830220
18355100,56872043508671983047,877907023607678052333,1629832506
18355126,65372043508671983047,764055201122592110794,1629832558
18355126,57227135247437594653,873127324831030824266,1629832558
18355695,156985101111949809285,2395157136200400365686,1629833860
18356065,57227135247437594654,873127324831030824271,1629834628
18357532,57469021899717618910,869463317615604542211,1629837940
18357919,57697639282451315550,866028507058207205853,1629838762
18359776,58008888061748190558,861395665443935796706,1629842870
18360720,55454355141482446719,823462451099119470442,1629845023
18361400,55654238504049563103,820513809146469339715,1629846431
18362658,55852488504049563103,817610078383292865632,1629849168
18363120,55644001068727006317,820682724995800188509,1629850248
18363156,53951916271029440172,846499107227325286754,1629850337
18363172,53505317343337129759,853585938253409611974,1629850369
18363185,52408347182551409145,871506286478724975377,1629850395
18363188,52218445700355405281,874685207802611228046,1629850401
18363210,51299867272728474280,890394500234453060238,1629850449
18363224,50982442579114835442,895954917469257903457,1629850477
18363292,50572328215512974146,903242492368169906460,1629850617
18363373,50170220884512974145,910503638549165335674,1629850783
18363452,49642903994512974144,920204292907048483690,1629850954
18363485,49075078644491768063,930883594946887506275,1629851024
18363577,48879783362801933887,934614057603845788134,1629851212
18363845,49229297461952619135,927998327506329550750,1629851796
18363883,49663654901701524031,919906207139684542588,1629851872
18363965,50582896060998001331,903238028106159999361,1629852164
18363994,51156843266359630259,893134333797815456575,1629852230
18364028,51536593099942871277,886572829308796259303,1629852298
18364102,51890275272141556461,880547987465736780786,1629852454
18364110,52135465825894101005,876419178484530268956,1629852470
18364177,52639402593472225997,868053819201437255789,1629852608
18364417,52872947507732243533,864230993842800917026,1629853232
18364581,53087306388732243541,860751780600229262257,1629853568
18364708,53395648449465373653,855796051964294972058,1629853907
18364771,53891273449465373653,847948897923042683433,1629854114
18365108,53765946067855956526,849931397923042683433,1629854898
18366150,53390331744727123580,855928870074953243178,1629857245
18367024,52919330198727123579,863569875549287495003,1629859450
18367241,51913510799865518378,880351806621885501111,1629860036
18367513,51597677945718833681,885756713913046401240,1629860688
18367525,51323516715944606382,890502508397530235052,1629860736
18367882,52471935094085151918,871069865277548694710,1629861568
18367906,51379334149130155209,889649233040217642824,1629861616
18368182,51064157559176100858,895156820866306917180,1629862314
18368270,50495979286597245562,905259389042909480726,1629862503
18368338,50085270033597245561,912705034412729030634,1629862643
18368339,50181560765072922412,910958937174181078907,1629862645
