token_address,label
0x8f3Cf7ad23Cd3CaDbD9735AFf958023239c6A063,0
0x53E0bca35eC356BD5ddDFebbD1Fc0fD03FaBad39,0
0xb33EaAd8d922B1083446DC23f610c2567fB5180f,0
0xBbba073C31bF03b8ACf7c28EF0738DeCF3695683,0
0xA1c57f48F0Deb89f569dFbE6E2B7f46D33606fD4,0
0x45c32fA6DF82ead1e2EF74d17b76547EDdFaFF89,0
0x5fe2B58c013d7601147DcdD68C143A77499f5531,0
0xD6DF932A45C0f255f85145f286eA0b292B21C90B,0
0x6f7C932e7684666C9fd1d44527765433e01fF61d,0
0x2e1AD108fF1D8C782fcBbB89AAd783aC49586756,0
0x50B728D8D964fd00C2d0AAD81718b71311feF68a,0
0x0621d647cecbFb64b79E44302c1933cB4f27054d,0
0x172370d5Cd63279eFa6d502DAB29171933a610AF,0
0x8505b9d2254A7Ae468c0E9dd10Ccea3A837aef5c,0
0x0b3F868E0BE5597D5DB7fEB59E1CADBb0fdDa50a,0
0xDA537104D6A5edd53c6fBba9A898708E465260b6,0
0xc26D47d5c33aC71AC5CF9F776D63Ba292a4F7842,0
0xE0339c80fFDE91F3e20494Df88d4206D86024cdF,0
0xf8F9efC0db77d8881500bb06FF5D6ABc3070E695,0
0x1C954E8fe737F99f68Fa1CCda3e51ebDB291948C,0
0x61299774020dA444Af134c82fa83E3810b309991,0
0x0B220b82F3eA3B7F6d9A1D8ab58930C064A2b5Bf,0
0xa3Fa99A148fA48D14Ed51d610c367C61876997F1,0
0x9a71012B13CA4d3D0Cdc72A177DF3ef03b0E76A3,0
0xE111178A87A3BFf0c8d18DECBa5798827539Ae99,0
0x385Eeac5cB85A38A9a07A70c73e0a3271CfB54A7,0
0xef938b6da8576a896f6E0321ef80996F4890f9c4,0
0x4e78011Ce80ee02d2c3e649Fb657E45898257815,0
0xE5417Af564e4bFDA1c483642db72007871397896,0
0x831753DD7087CaC61aB5644b308642cc1c33Dc13,0
0x580A84C73811E1839F75d86d75d88cCa0c241fF4,0
0x1631244689EC1fEcbDD22fb5916E920dFC9b8D30,0
0xc3cFFDAf8F3fdF07da6D5e3A89B8723D5E385ff8,0
0xf50D05A1402d0adAfA880D36050736f9f6ee7dee,0
0xAB5F7a0e20b0d056Aed4Aa4528C78da45BE7308b,0
0x91E7E32C710661C44ae44D10Aa86135d91C3Ed65,0
0x8A953CfE442c5E8855cc6c61b1293FA648BAE472,0
0x638Df98Ad8069a15569dA5a6b01181804c47e34c,0
0x71B821aa52a49F32EEd535fCA6Eb5aa130085978,0
0xAF24765F631C8830B5528B57002241eE7eef1C14,0
0xcE829A89d4A55a63418bcC43F00145adef0eDB8E,0
0x874e178A2f3f3F9d34db862453Cd756E7eAb0381,0
0xA94880d3A4b39746E90Cdb57f8De3732c984DE14,0
0x7c28F627eA3aEc8B882b51eb1935f66e5b875714,0
0xb5106A3277718eCaD2F20aB6b86Ce0Fee7A21F09,0
0x0000000000004946c0e9F43F4Dee607b0eF1fA1c,0
0xC68e83a305b0FaD69E264A1769a0A070F190D2d6,0
0xf28164A485B0B2C90639E47b0f377b4a438a16B1,0
0x340f412860dA7b7823df372a2b59Ff78b7ae6abc,0
0xfe712251173A2cd5F5bE2B46Bb528328EA3565E1,0
0x3Ad707dA309f3845cd602059901E39C4dcd66473,0
0x0d500B1d8E8eF31E21C99d1Db9A6444d3ADf1270,0
0x1a13F4Ca1d028320A707D99520AbFefca3998b7F,0
0x4FAfad147c8Cd0e52f83830484d164e960BdC6C3,0
0x235737dBb56e8517391473f7c964DB31fA6ef280,0
0x23D29D30e35C5e8D321e1dc9A8a61BFD846D4C5C,0
0x53f8036e43b2EF39cFCD0C5f26C1257a85D5A3B2,0
0xdf9B4b57865B403e08c85568442f95c26b7896b0,0
0xEB1112Ac78D537853150E2a07E8b765E29d3F019,0
0x85955046DF4668e1DD369D2DE9f3AEB98DD2A369,0
0xD86b5923F3AD7b585eD81B448170ae026c65ae9a,0
0xf287D97B6345bad3D88856b26Fb7c0ab3F2C7976,0
0x13B52B16be647C4713a181aB50dD3F34B4ca7ecD,1
0x242a9165e37bcb51Ca16Cd6B40299AB7E3E34dC8,1
0x39D8cc67c8E57AD6ccBA36B9EEA23F5EDD6bF4D9,1
0x2Ab4f9aC80F33071211729e45Cfc346C1f8446d5,1
0x86C689003A7C337e35c0cd07d09344D4045238d4,1
0xcECf60B95109Cb4C897b22877612228f0C76E52c,1
0xE01A6eEF5A3655d00bb69d68f9F09A90cfE1cd22,1
0x039795Cc4221d5d7F3D15a1f9F8e696916E9fF10,1
0xd92fBED627af1C9Ac28ac92B9A802C83B32331a7,1
0xC98d408C2F5eF4078CE106f4785CB560a71857d3,1
0x9374b8A848435637e9eBC2aC88904Ff829C4037f,1
0x4868660cAB3D4f85B5B7c03B26D21990f16AC569,1
0x0e7252706393470FfB0629DA2CAa39Fc9340F2d4,1
0xf78E36727A994C5BDF267367CBf8C19A5D721253,1
0xF53CCa8e3cE0cD439fA871D0Abc71739727fAC2C,1
0x7BbAa6c091A8c9EE1f8331f06b6967130aaFccE6,1
0xC53D1585cC44C109Bf9f2268a65341cd79d1F279,1
0xa3Fa99A148fA48D14Ed51d610c367C61876997F1,1
0xf0Eaa8C86968A2C2C8e5e4a3CEd110325B47CB6d,1
0x1e4b251C9939C332BBEc0B54f48F3a455643aA8E,1
0x523FACF0EE7cF56Da1257822d008B1718555aA84,1
0x36763d262243Ca67186487ADD95256F5892a6Fd0,1
0x596Bea53B334e3b13d992caE1AC7202dd0F03f6c,1
0x31BBf2AFEe1F8D1e3C2e0D9C20Ed20E10ec8001c,1
0x951806a2581c22C478aC613a675e6c898E2aBe21,1
0x9ED08052Db07188Fcf803915f5Bce958BBe2e4AC,1
0xECD3c4f21DcEebC8F308aF7c3A7f1A4265BB52E9,1
0x29B76FD32318666a3dc0DC0f369062fe7a4dE0a9,1
0xaffF044a3b34125e166B0324294A874090ccD643,1
0x7C035eFc875cA855783D15B02D60DCB29f764952,1
0xb86c63FaE7FC28568f3f7887574B370F751C37ca,1
0x40F57dF4AEcE26C4975f48424a42403C5e7FF8EB,1
0x39310a90e4F23B5fD0a0749469a851DdF96544f0,1
0x4f19b19dc5c59bCBAa17CfBe149Dbb5BBB6770AD,1
0xab3a9eA136dbBFBC1911fe73DdaC4dA7425a9c9f,1
0x24834BBEc7E39ef42f4a75EAF8E5B6486d3F0e57,1
0xD6FAce46C3F9b5Ad0158810989F9397cFCd310f6,1
0x4F4aE19018DCFacac87A79E2291b03bD08824B91,1
0x94788309D420ad9f9f16d79fC13Ab74de83f85F7,1
0x5f55d8225f03de41c7658a09E48781D2B21D052c,1
0xA9cA51b6999dBD2554ce66A7333405D86F045789,1
0x320b10972a0807FBd6743daEF2d6994737292640,1
0x1e289178612F5B6d32f692E312DcF783c74b2162,1
0x874e178A2f3f3F9d34db862453Cd756E7eAb0381,1
0x3a879931d80d6B1221F5f1887BAC929dA2c699F2,1
0x74Db09d2cEFa44cf70288c610E6e63b499EDe53e,1
0x792477318103446FD57d339d66e9273318dbeF5D,1
0xE5417Af564e4bFDA1c483642db72007871397896,1
0x4A1E0325f443BfD6cB67d3c2D2f313a7b64F7F9a,1
0xCFb697EBc076b5d11B4F12c6f324DA0db550369f,1
0xd93f7E271cB87c23AaA73edC008A79646d1F9912,1
0xa3072a7AbCcAd6Db5f5dE0F881901764CDDdC39C,1
0x1C954E8fe737F99f68Fa1CCda3e51ebDB291948C,1
0x38F93f1e22Fb2342967B799C3Ef8D36889445995,1
0xa3C55c93DE35ebd6d0112eE0d193479C1550567D,1
0xf50D05A1402d0adAfA880D36050736f9f6ee7dee,1
0x8C2b597c4B757b9d06A292daF29B27FC966A9A8b,1
0x178730E93ddE5F2521055cC9CE1585B7E61FD77E,1
0xd71951630e7afb497ee6F9d9B4510a8614869A59,1
0x1d1c8355aC0127C05d19952941D29055b25587c6,1
0xa85978FB39f15A039200D79d13e97EFfffD0d994,1
0x6b7a87899490EcE95443e979cA9485CBE7E71522,1
0x6a2211bc58285A216594f7A6870B82f48426513e,1
0x08B74C57bb9b1f4f8b6d126124e5b72daa056573,1
0xB71d7b0d5DA1e59565a76230c6B19F950b659FaB,1
0x00d9B589fC7518256bB504168f92116e8454eE15,1
0xaCd4E2d936Be9B16c01848A3742A34B3D5A5bDfa,1
0x83973e473C6eC227d3e9C63d25E73F62F5594890,1
0x7f7AA690330Fa80989aF34BF7b49dBe996C11F8D,1
0xab7589dE4C581Db0fb265e25a8e7809D84cCd7E8,1
0x9c8919d6E97Be2B8B823FFfB699ef1cb3422C77F,1
0x2e4b0Fb46a46C90CB410FE676f24E466753B469f,1
0x657F5b47C97b7475fe5EF683958942Ab0Fd79a1A,1
0xf15FD426C7f49BCD08141Fe765411efe5491Fa09,1
0x8A4001fD666BE272605c56BB956d11A46200Db81,1
0xC56857B9795F449FE3FcF1FFFa9FB0f1337a06E1,1
0x09AD1FA2Ee407f94fAf375326Fef4aC60039B0d0,1
0xd864C4558d5BCFc6941cce962032ED59AB85EFC8,1
0x0011734931a9b801cE57277D5148069EF0b4A900,1
0xA99ebcF2127A58CB23d8659624926cC2280eaC8C,1
0x3803909823CEd876646A3a3076C23fe9Da8A0Dd6,1
0x5431390F6a98ae2Baa92c3da0690272E1554a50e,1
0xB0aaF7a1DB235315537Bc65E0280695be80fb816,1
0x2de8902CB7a246062b9409C2383e3fb3894F49e4,1
0xDe3ab3a48D91E7E5880De208d3C7d23a59Fb8759,1
0xD86B8EcC9cc22dD8909d1253664A36160d3b5173,1
0x2e1AD108fF1D8C782fcBbB89AAd783aC49586756,1
0x9cd6746665D9557e1B9a775819625711d0693439,1
0xFA84f4eCB2A1bddBB5013681be785ce607c92bE6,1
0x69d5F01C72aA7343819b843B62DeFd44b52ec7e9,1
0x9aCb7988A3409ad1B5430972c9c5077A3c76A26E,1
0xe977b9DE318b809a29D09030aa49Bee66b2E098A,1
0x622703d6517BdeDF1FA5d076D30dcbB00ee18d5C,1
0xee67A5bF49d7D28b3DA7fEc7c2F2FE690E25EB9b,1
0x1a66c0261aE29eCcc362AB6C8Ef8602EC6cB75f1,1
0x180cFBE9843d79BcAFcbcDF23590247793DFc95B,1
0xE1f1Dae426F48BD279434D53b1F909b4A31B2D25,1
0xe5894032CD37fc64BAd4656314Bf74E66775e17e,1
0x31f051E58c8b5061880478aEA460DBCeb3B99d15,1
0x6b52c5A1809369017476cd4fab8c3cF35B52De9b,1
0x23D29D30e35C5e8D321e1dc9A8a61BFD846D4C5C,1
0x73381dFd4c994Ba4f5C68622EbD4EDaa0e056B43,1
0xe82808eaA78339b06a691fd92E1Be79671cAd8D3,1
0xE6469Ba6D2fD6130788E0eA9C0a0515900563b59,1
0x3c44e4D517Af70C6B2E8e07067Ed965785e8C17B,1
0xb763F1177E9B2Fb66FBe0d50372E3e2575c043e5,1
0x8765f05ADce126d70bcdF1b0a48Db573316662eB,1
0x412f2f9Fec80E75103f7D57B2eD03305D7F692be,1
0x06176Ae811D20c404B729dCD48E839b70ba3acFA,1
0xe7228Aff87A593992B842Ad064b78AF0Cf58218C,1
0x569222e1B879f047d45C471a20819d96c954D501,1
0xCF5FE8EbeE5B7A07aaC298A3A6165A402b4dbc03,1
0x80D55041E3954405664694899fF9F202c13C0e1c,1
0xe9fc80DbA58DA01e8c57282b26F76610a6F6891E,1
0xB85517b87BF64942adf3A0B9E4c71E4Bc5Caa4e5,1
0x1a5bA2422Fcfc465Cb09b05dD73C0Cd4a51e90f7,1
0xCa03DC1DAefBC9d7238A356965a7D921492e40B5,1
0x89e92bc6aF98e52570c5dD6C58bA0F149CDbd9e9,1
0xbf31ea17F1C89a461471b07A6295c54BBF878C55,1
0xA9155Cd871501047dB745dd0bFF615FbE2d23B1f,1
0x371b97c779E8C5197426215225dE0eEac7dD13AF,1
0xFcAE8a8C63E4068c7d1256C3D9750038e1882Fc6,1
0x5f73b2fCe09Ce85b8bFF75B15F6c75527C316E15,1
0xcC6A7AB08293042eCcCc0401A85B7FcbF530F751,1
0x406FA117Bf7535c16C0E03422dE8A1E8B9F6AAd6,1
0xD277Fe46423d31367dAcd1934ADAA5f39dC5dea1,1
0xaED00eFB3E901a10Ef8235C67707240Dc2eBCA5B,1
0xd26b1a1aF31104e485A0be08325B332Eb1254ca9,1
0x248e2c2A41F5e5b234705002b27bb86CF23dbE67,1
0x9eaCD3bFCBE09b05D8CeCc5a28826BE58EC77121,1
0xE63e27b206930145aD5Ac01467A7D010d0F288bD,1
0xb0C22d8D350C67420f06F48936654f567C73E8C8,1
0xE79984F257446c7C319F55aFe287cBe998528c50,1
0x0F8fB75E60561278adb578CB4923B2920835aC78,1
0x506D6A9DE19655BE45d6559dE1A703F22fa4E5Ad,1
0x82Cc4F8a33Fb5898662Fa22A3F5bbCdd89750D3C,1
0x57B65164E8DfE2AFF006F2C306b900A7A395a11C,1
0x7cA6d2aC336A7077b5bb061de8C73af24C75347c,1
0x136ba5cCCBb711fE0de34D7b94091DBdcBA49d03,1
0xCd01216e7401eA4112BB505d8F0FEa245b84Dd38,1
0x041dEE4Be8Dd8A5C2927444A533e30320ffF50D3,1
0x980111ae1B84E50222C8843e3A7a038F36Fecd2b,1
0x867A670dAB59596efe84e2839d54bB6AbcAB585d,1
0xB382C1cfA622795a534e5bd56Fac93d59BAc8B0D,1
0x90319C91742861706Aed90b50d02Aac22C0223f7,1
0x002AE2eF2e9FB66b5C6A1628fF55F2164a611998,1
0xab49Eb626d9bef5593d83465b1382890C0fFad9F,1
0x8051568bC88D01160d4Bb367a2C8eA0138D0c2d9,1
0xce9aD3195F60C4D397c1502e8ED4e37019079725,1
0x88C949b4eB85a90071f2C0beF861BDDEe1a7479D,1
0x301595f6fd5f69faD7a488DaCB8971e7c0C2f559,1
0xb884d159241677F4624856dc650204ee9f592Ef0,1
0x7001c0aCd8160fd7f5753fF896A49016F1E1e06a,1
0x6Ada47AB04a0B721fD60e31a7d417389fE71D155,1
0x04429fbb948BBD09327763214b45e505A5293346,1
0xE59c42b6a8c8079A5b8B9E6E407BB55fD66c7372,1
0xA731349fa468614c1698fc46ebf06Da6F380239e,1
0x67B78D31A40dACC5aCf7648C2Ad88bDBF6EeEc1C,1
0x638Df98Ad8069a15569dA5a6b01181804c47e34c,1
0xA44dFae8Ec1d81f26Fd3b1e3b5a7B36B0Bb84a12,1
0xF524d21316c69f50B46623a9773300B86FBe2e10,1
0xD10bCCDd789fa11239D903FeA93DB2C8c92CfbE7,1
0x3BfCbb42401BfB599a1c7cef6798E8BCaA1fb06c,1
0x593cb33503f743aED749F30Acf98cb25C720344B,1
0x348e62131fce2F4e0d5ead3Fe1719Bc039B380A9,1
0x21ecEa8f7788808848fc61D3FB8897F1a9a00D94,1
0x28B4Af709e56505a6aCBDADB922754Fd27872F25,1
0x361A5a4993493cE00f61C32d4EcCA5512b82CE90,1
0xB2Ae86088A3B11bf65fB90103151230C0795E24F,1
0x538D47D142F6993038a667E9D6210d3735749B36,1
0x38f6EFE666C18ee7D4AFf4059ef85c0aBe3E793a,1
0xDd5afFc9c26277Aa2a90c1d42a57FD35eDaFCD47,1
0x839F1a22A59eAAf26c85958712aB32F80FEA23d9,1
0x7880D496f3848123cE0F9658c6689E3A983d01E9,1
0x57934Aa8Fa7076cC0dDE41A39Eb28f9019e15EE1,1
0x1C19da0CA0D3589D6774000Fa43D2460ba199819,1
0x3C99652ad16BD7177C94C3fa9e36B9aaC3687E36,1
0x4b5B1Ab9c798b0d46baB88495570Bb6145A14d1D,1
0x300211Def2a644b036A9bdd3e58159bb2074d388,1
0xe9f9233a9605e1ce94A2c7A7e07F35a32079e320,1
0x0D8DEDa46fdEB4489a64BD0C9E05322f03799359,1
0xb4BabFDe2A95d23aC1cFE1D39a5fc501dB81D7a1,1
0xbda0e07C46cB1DF2d0805527569bccBF1a8F6628,1
0xF9A6B164bbe71Fb09966898CAC32Aa2122c89320,1
0x3Fb89b4385779a8513d73Aed99AC6E4b77C34821,1
0xFadc44053008209958fAc86ff368d40f9da6485C,1
0x01d35cbC2070a3B76693Ce2b6364Eae24eb88591,1
0x0c536692B1c92e701AaF5E1adb8dB23B48df17F4,1
0x0A02D33031917d836Bd7Af02F9f7F6c74d67805F,1
0x466D5cd361C37e713cc42f70e544b34b85Df3134,1
0x9ab2e73e65ff204936Ed62fE19F22fbA7545Cf61,1
0xA9B8e4BE7e4Fc1B1d28B396af7c4CBa37979bC0F,1
0x322584098Ea29e2127A81322b417eBba356d8f22,1
0x1fe40DAe6923530B392d5A86A3E7006218CBDbd4,1
0x0A46d795d9bf10b5B6aF74bf49DDbB95c1b08DA5,1
0x50F1aaaA99077daF3a4058504F6E979B6B7109AC,1
0x2C62A367Fb950495D8bBA25537e9E1b95420D068,1
0xa81cE8ebF94887cFB1fb8675C25555054E38302c,1
0x1B7593FD32878FEb884Edc157f0b02b889651511,1
0x267Ab21F7F61B13cAB73C3b70cD8D5307a046334,1
0x7D645CBbCAdE2A130bF1bf0528b8541d32D3f8Cf,1
0x622f99a2606f90A443e0e447aB4c72cBdaE800e5,1
0x5B6fBff8ff64a2cd6B0549c9f3f1eDd7e8F9e365,1
0x381e84329324374090b50342Ce40ae533c7e1E09,1
0x7dC06244536fC5A86123034EE6D9204E436a3e91,1
0xcC1B9517460D8aE86fe576f614d091fCa65a28Fc,1
0xEdAEA41d03397FFFF765Bc5E402Bfc4bc8a72056,1
0x45c32fA6DF82ead1e2EF74d17b76547EDdFaFF89,1
0xA08bECB12615C34cFeF0E501947Ad2CA8D50e578,1
0x3cABD2d298b9172533aD47D3F692e8FE13673160,1
0x32934CB16DA43fd661116468c1B225Fc26CF9A8c,1
0xa384F703fB24FEb0dAaaaD7f9941339dC817eC44,1
0xbD5C327d6dcB4A2479C69931a2A6f92F4D7bC61a,1
0x14168f9b6b2343337f63f5362a1810F735731B8A,1
0x54e1748c6BC6135F712741100a7BF5D0698d498a,1
0x17Bc3f4dC57b11C7D1C9f5Dd5fC95aD190e2DE70,1
0x6F620EC89B8479e97A6985792d0c64F237566746,1
0xb5c2792Ee47dA90cf39ef034a3b3D3dcD884AE15,1
0x3C660BED018FB59686698A8cbB301D1567D69748,1
0xF9C1A351E54Bab8887A25e24d966198Bc2E16Bd3,1
0x332dEDeE4CFed39D6bBB08De0FF28cAAb4a4Bb00,1
0x5f555914ce205c2b3a7c8CBFf9a5A7926677EAd3,1
0x6737b2550a14eE5102a2eA6B9c00ff6acA166c40,1
0xf149CEf3c35b1e92812794aD0C7055339B5cbF6D,1
0x2e2DDe47952b9c7deFDE7424d00dD2341AD927Ca,1
0x34168fBbEa387BCE993e2d23DB733D9f3dF862a4,1
0x7Ecb5699D8E0a6572E549Dc86dDe5A785B8c29BC,1
0x4985E0B13554fB521840e893574D3848C10Fcc6f,1
0xbC91347e80886453F3f8bBd6d7aC07C122D87735,1
0xB27FAF7d98590Af6Ac38548edFBf05EEc0c18164,1
0x58B2aEF358428e59b08a42B56325e23633b07161,1
0x40Dc7491CB56FF50a9913f7228feAe802dB99920,1
0xaFb259361ff8751ae29d286A874A9526dB070aCc,1
0xB36e5f5FBb7aD3A72bF6667528320689FBc348ab,1
0xf295608A6A6408F1c68D66d32cE4cCD875f25272,1
0xB92d60d0EcbEf38DEe6A125181825567Fccd9dC7,1
0x7a45922F95C845Ff9bE01112AfCF207968a9cA0B,1
0x2A072146dE331E6506AE7da154Fd916A257Ea6e4,1
0xc9D1933D60078Cdf70a00ac73B8E4AdE5325584E,1
0x017b98bf90324934FF826cE55bd98A0027b133A6,1
0x67F86Da5e08F562F63bF5252Fc6a848886a7EE3D,1
0xf1428850f92B87e629c6f3A3B75BffBC496F7Ba6,1
0x723a42dff0bdCE09B7DCf86F4D47D8Be491E6345,1
0xa47Fb1314CB1F89Bf5Ff2e88a1d1b776625B5EC6,1
0xe26cda27c13f4f87cFFc2F437C5900b27eBb5bbB,1
0x1b0B2f3D0Efc2979Ff0F5510af0f18E41D1f16aF,1
0x81Da0b46Ec9428A8f7311969F59415202dcf3914,1
0x3e121107F6F22DA4911079845a470757aF4e1A1b,1
0x3BC682A1e36bA72D940DBf38322365D6bCd97f85,1
0x0743A5df423F3aF3a70c4A027F1d0b3560b24e91,1
0x5Ff3D7900720bC9f42649f0c0A77Fcd093Ef1073,1
0xA8fa38550e9a8BF456728Bd65234dF0c14B01d08,1
0x497DBC8e8aF656DefEC0F055D19DFD0768850438,1
0x412436Fbd8C33190D4fa20B5dA9BbD0EaBcFD42E,1
0x72547B4EdbeaBB57a33da34545CC5C1777053656,1
0x91E7E32C710661C44ae44D10Aa86135d91C3Ed65,1
0x1c40Ac03AacAF5F85808674E526E9c26309DB92F,1
0x23001f892c0C82b79303EDC9B9033cD190BB21c7,1
0x7ed6390f38d554B8518eF30B925b46972E768AF8,1
0xA2623C3938CF45c76aaA9678bFdeAC0991cA778B,1
0xF854225cAAef5a722884a68a23215dFa5386751E,1
0xFFcc5296afF47eC6Ab72805f9BAeb53AaA96757D,1
0xbD7A5Cf51d22930B8B3Df6d834F9BCEf90EE7c4f,1
0x83593d701B04eeb4eBb03Abd84919185EA1D4aed,1
0x0B6afe834dab840335F87d99b45C2a4bd81A93c7,1
0x255707B70BF90aa112006E1b07B9AeA6De021424,1
0xd72357dAcA2cF11A5F155b9FF7880E595A3F5792,1
0xC3f56d567E7663e8932E65d85ae4be7Eb5575cA7,1
0x374aF2dB27A0c655BEBA4323b4C4273DC30Eba73,1
0xfEbcE7BAdEfA00d9468850840045f787647cDE54,1
0xeF62409e44992fc64a1ccEf2Eca47cdA07302b9B,1
0xC8B968aE3C1086012A0549408178C3409fE23a62,1
0xb09942bDBb0467cD14Cc47CB18715F0D20C05BC5,1
0x37A5216Aa8DdC6516c1E35DCBE245bd73a1cE557,1
0xAEc815Ae1E9AB58f49692aeC2840FfC82C56F7E5,1
0xE111178A87A3BFf0c8d18DECBa5798827539Ae99,1
0x2b22422dA881CA403141D151453e4a163C98061f,1
0xD53a58714619B7d9536fd4ef0ff16586A8cfdaD8,1
0x959646308d6B367ccD8f65765af0CC2666C32668,1
0x4C9f66B2806538cf00ef596E09FB05bcb0D17Dc8,1
0x0b3F868E0BE5597D5DB7fEB59E1CADBb0fdDa50a,1
0xA94B70099CC515703bcaEa2cb9e8bBeDAc25c2a4,1
0x94bf224896CF5272601FA2a068f11B6D25E11370,1
0x33D97428d10C89738a0AF4bc134F5c40A0F088c8,1
0x188e5CfD30001D605000f8B1DaeD2ADb1f1fdC0f,1
0x65989e05CecaFE04ac8ce6f1B331e3d82f9aD201,1
0xA29761caACFE2D3E3201cFbc1328cac96e773B80,1
0x613a489785C95afEB3b404CC41565cCff107B6E0,1
0x176344Bad8Df45bdFaB51c4F4350Ebb3163Fa8Ab,1
0x7431b5C40ffbF8d6A67Adf59192785D3dC9c2ea0,1
0x4257EA7637c355F81616050CbB6a9b709fd72683,1
0x900F717EA076E1E7a484ad9DD2dB81CEEc60eBF1,1
0xe1f48d9c0217200425355ca8F9Db38AcB25bFfc5,1
0x03cd9147b55E5B374C1d922cCc3959D93Becf324,1
0x16013452E11Fb846C5f2D5bb921f2c301c94476a,1
0x382ec84A993291Bd62e8990E51C0218D74D4D520,1
0x6946a3B14a0b608BdAc29502fAE36c54222BFB4A,1
0x26d326B1fc702260baeB62334d7c1Da6f1a2C386,1
0x67eeA31560f2D6F7AB1D0bfb44497d41EFb5Df79,1
0xd397fF813AA15e2Da361e2d3a99ab54CD74c2cdB,1
0x9defba906C730F17749a683e0Aa0EA4244f51551,1
0xA247B0476C11DAb0be132e91fe63b2b7085d7C0E,1
0x93092652120A8f744356519F0adbD94D6a4d08E5,1
0xE58e8391BA17731C5671F9c6E00e420608Dca10e,1
0x0B220b82F3eA3B7F6d9A1D8ab58930C064A2b5Bf,1
0xC46A37fBBe433EF24bc7b9388C8728DDcf3cA87c,1
0xab9e75Bae9017e7F2f2ce2EDc34723c99565B300,1
0x13748d548D95D78a3c83fe3F32604B4796CFfa23,1
0xCe34140F45B2eea8d34e8259e6ba74fc05Ac6c0a,1
0xd8A1F94ED481e3Ffa1Ce229649392A42c0d76489,1
0xdB3C43088Cc6Cbcc1cD51eA27F73E4811813f146,1
0xc09b607662B7092ed75818C81a09cBb74c6C6b49,1
0x707a07c5f35a2098D84559Bba646A5dA1daB1F85,1
0xAbC454b770cdd7f21F16815D62e2DDaCBbf3cbe2,1
0x0D6ae2a429df13e44A07Cd2969E085e4833f64A0,1
0x9D87456F8fbd0e3C027F6B7c5Dda75fba7FdB717,1
0xe8e408aD62d3f617ddAa3ce33A95AD3dCb890Ac6,1
0x481EbcD6544C59d8c21EE27f3Fb8Cb9D8A316A0b,1
0x565c94153F5372A92f111f4aef826e186f3cc2fe,1
0xD2B815cD1171124B5c5105623c5b3c2841dAcA98,1
0x5CA9A8405499a1Ee8fbB1849f197b2b7e518985f,1
0x816315Ba4BbcCD6385d7976e05584c88bf3fED7C,1
0x1e72aC8c00cDAd711ce7991Fe11dE7C1BBD19455,1
0xfFbA7DcB62c6Cf17A923b3Ff11A1bfC38c86760C,1
0x70626bB6b488E24DEcab3B9Fe43cc65c224B3aef,1
0x144Dae42a36f806C4Cc335B59e9C4f45a5091df1,1
0x9CA6a77C8B38159fd2dA9Bd25bc3E259C33F5E39,1
0xE7804D91dfCDE7F776c90043E03eAa6Df87E6395,1
0xE9E9f05d7E12243Bc334176b96501821151dd46D,1
0x954156d1563e79475baB0A878008A955834E9D2e,1
0xc94cbddD4D740a03E42C3D652D0e87E5b1AAE51C,1
0xBCD287ca1C614Ecd8c5Ca95bFf3c13c392192df5,1
0xe3D5aE9b671C1461B622B1aDf778000ffDDC124c,1
0xA608Faaa69012e3CE9555Eb6B22fdE05A15EEA18,1
0x328840DF278de08c03c999875Aa93Df5aFf98CE8,1
0x73Dd9Dfe73aB3f0F36BbBA02e589627Ab79e5eDC,1
0xeCCf9CC1A6ec92BB8a427968EcA5405565d5E12E,1
0x8a8F804c533c2e73B27532b95582B88E862Af122,1
0x7c28F627eA3aEc8B882b51eb1935f66e5b875714,1
0x261B8A3c19cB2feE2EB1942876ebCe394b5424F4,1
0x1369905E9322147b02aFbbd622b819020bA3FFb6,1
0xC8De979afb436043357CE8E10A539a4b517841FF,1
0x1a13F4Ca1d028320A707D99520AbFefca3998b7F,1
0xebEA45267916f98e251aefe51d01FdEd6785c05d,1
0x5aD15bB4B85Cde2ad36b3F7D71Bc7729794b2fC6,1
0x1599fE55Cda767b1F631ee7D414b41F5d6dE393d,1
0xD76Ed8D008B587FC6fE80B87F764Ba25F2b750f0,1
0x2c8a83c2a0a72e22055a319a58DbCBAb94B16453,1
0x4FBF0E24B59CbC0cD7F66A81b740Bd45CDfB5Fdf,1
0x5769Da150cA4d58c3698D83Fd1cb7aAC390F36C4,1
0xa062fc09cA6bdeb2f6E3b77E1d4e09C42C964742,1
0xa1765940dccDaC254Fa20dE4641E3400f17b7fa9,1
0x6836aA35bFBDe28A9759b21B8a828262E92bA7fB,1
0x9f95e17b2668AFE01F8fbD157068b0a4405Cc08D,1
0xDE6908D8573a81A3b5B52D893C2a7c7F522ca8F2,1
0x8D5Fd247E2710EF52053384DFedF238aE1Aa08Aa,1
0xf8F9efC0db77d8881500bb06FF5D6ABc3070E695,1
0x4e7Bd4653910801fa9b1E1283d98Ec125A08a2ED,1
0xf2D8124b8F9267DaD61351c7aD252362880C6638,1
0x48C0e18f432B8a788b5B258864898C3f95164cE2,1
0xb5B15b41D1a8bDd5a8f481bb398036C3b8605f50,1
0x21C8caF7DE783F3D983B84f85B52B7A0ded37874,1
0xdb29E298B80e929185671f093FD66682Ecc9f20b,1
0xc1c93D475dc82Fe72DBC7074d55f5a734F8cEEAE,1
0xb1fA826cD5805EAd4A5FFdE7878E3F33a8EB5374,1
0x45CfbABd0D78eC50ED6c07d75E3DA600892E5D50,1
0x8dB5F6920D16cF6B7C269698723216339Ed92B92,1
0x65c9CCAafdC61E18301eeA3b7609a226B73B9656,1
0x70a20d48C5Ca3794dc96Af740825117c422C5798,1
0x179C310129D6ce5e3e2d4aE80219c1AdcdF0Fc55,1
0xEFc6E098Cb6b35F76e57e4dc024dA5E5aF4ECFa8,1
0xD86b5923F3AD7b585eD81B448170ae026c65ae9a,1
0xfFD3e1dB8020B2E9F8706963be77db2FA3280106,1
0x853Ee4b2A13f8a742d64C8F088bE7bA2131f670d,1
0x10aEAf2DF96659cba6b4D9e259209bB5786D6D0E,1
0xACD351782fB25Da0181C03592927E55177C42790,1
0x734ba70a6BcEc8649F7483ebA22bb560Ad1a02E4,1
0xb6903294D754175389BCba4B0F5955a964E317aa,1
0xEB744A3b8aBF163A1627CA42eaf476f2D3FAc8C6,1
0x5f0197Ba06860DaC7e31258BdF749F92b6a636d4,1
0x7BF5d075d0D8c9a440A5098F7EADa5D3645e0f8B,1
