block_number,sender,to,amount0,amount1
23789013,0x1b02dA8Cb0d097eB8D57A175b88c7D8b47997506,0xB2b02235f415Af769A4D93c697C09424F8a8B3cC,207438444844637582,784003936742036266230
23789402,0x1b02dA8Cb0d097eB8D57A175b88c7D8b47997506,0xB2b02235f415Af769A4D93c697C09424F8a8B3cC,210909874864936299,770195804400792067180
23792296,0x1b02dA8Cb0d097eB8D57A175b88c7D8b47997506,0x7BedcD4f3655e093781418F9c2943e0e2Bd46F1f,174528391846462906,595084070838925599926
23792352,0x1b02dA8Cb0d097eB8D57A175b88c7D8b47997506,0xd1cBd75d6217637655fc16c6321C967Db5AeDa4e,108175675297353861,368843261206063605560
23797978,0x1b02dA8Cb0d097eB8D57A175b88c7D8b47997506,0x30E99f876D3593265CDf8fBB02193216642d8C44,23029538873880049,75426703097402593045
23820916,0x1b02dA8Cb0d097eB8D57A175b88c7D8b47997506,0xEb06301D471b0F8C8C5CC965B09Ce0B85021D398,16163587353185638,48083821247368058081
23822327,0x1b02dA8Cb0d097eB8D57A175b88c7D8b47997506,0xb89CBA04266D1EF91C42cbE7d90EF60E79Ca9FFC,10826635331632310,32182893852871223927
23822643,0x1b02dA8Cb0d097eB8D57A175b88c7D8b47997506,0xc3297c34F0d82E4C78B62455573A06AFa5F5F48D,3223202561292522,9586397541638338700
23823197,0x1b02dA8Cb0d097eB8D57A175b88c7D8b47997506,0x630098B792120d38dF22ecE88378d0676A3ce48c,127705708993083263,383420377344230367314
23824158,0x1b02dA8Cb0d097eB8D57A175b88c7D8b47997506,0x585a003aA0b446C0F9baD7b3b0BAc5A809988588,451820262350743700,1353687180796116628752
23830613,0x1b02dA8Cb0d097eB8D57A175b88c7D8b47997506,0xD34CAdd64DBb8c4D0cA9cAfCe279E9895e890196,534386967763866314,1610729880993547976924
23831021,0x1b02dA8Cb0d097eB8D57A175b88c7D8b47997506,0x024713784f675dd28b5CE07dB91a4d47213c2394,89687607281550382,270408268849057149787
23839540,0x1b02dA8Cb0d097eB8D57A175b88c7D8b47997506,0xEc8c50223E785C3Ff21fd9F9ABafAcfB1e2215FC,4300280165340490258,13106891294105838960129
23860140,0x1b02dA8Cb0d097eB8D57A175b88c7D8b47997506,0x80057Cb5B18DEcACF366Ef43b5032440f5C97490,30970901855316984,96116983767735109525
23869214,0x1b02dA8Cb0d097eB8D57A175b88c7D8b47997506,0x30E99f876D3593265CDf8fBB02193216642d8C44,36223805021755734,113126557825812255904
23873013,0x1b02dA8Cb0d097eB8D57A175b88c7D8b47997506,0xE04DE279a00C1E17a54f7a743355125DDc31D185,2685491584500215616,8596557678950647535123
23880348,0x1b02dA8Cb0d097eB8D57A175b88c7D8b47997506,0x9A1A0fbC45Cf311C595F4d50b5608B9a8C5c3C92,2953325728605718,10359255823362582533
23912932,0x1b02dA8Cb0d097eB8D57A175b88c7D8b47997506,0x9f088F84961BB3cB875cb8486E5BBe6c8F79fF67,64592262597681795,219253327972445494529
23956148,0x1b02dA8Cb0d097eB8D57A175b88c7D8b47997506,0x7c6e4C1eFb965cE03d199988F756dD69f2bf7875,135359445634571852,441199833607110837488
23956830,0x1b02dA8Cb0d097eB8D57A175b88c7D8b47997506,0xCDCaDF2195c1376f59808028eA21630B361Ba9b8,124873275384651925,405287311290282131572
23985737,0x1b02dA8Cb0d097eB8D57A175b88c7D8b47997506,0x14df5677aa90eC0D64c631621DaD80b44f9DeAFF,545789775784839587,1827800253560267683054
24018147,0x1b02dA8Cb0d097eB8D57A175b88c7D8b47997506,0x04bfcB7b6bc81361F14c1E2C7592d712e3b9f456,663388336204256443,2210436845526386654836
24018878,0x1b02dA8Cb0d097eB8D57A175b88c7D8b47997506,0x280b8503E2927060120391baf51733E357B190eb,184373626611883120,614340402694007866595
24099279,0x1b02dA8Cb0d097eB8D57A175b88c7D8b47997506,0x37cec7bBFeCbB924Bb54e138312eB82Fee07b05d,148140470754082557,495491759876782108766
24115454,0x1b02dA8Cb0d097eB8D57A175b88c7D8b47997506,0x4Ae6155789d8D8CDA7bFaC23d9D5AdD2253d3171,159593059877542146,535287884730079187965
24153348,0x1b02dA8Cb0d097eB8D57A175b88c7D8b47997506,0xA54d34374d4FEb2583BE4A7278e875Fd773764Fa,116090617802955152,383576729915004360369
24337725,0x1b02dA8Cb0d097eB8D57A175b88c7D8b47997506,0x175921CC20CEf41e3B722Dd3AFC03Dc26b5ec413,2712901948666905,9112012921797807516
24350695,0x1b02dA8Cb0d097eB8D57A175b88c7D8b47997506,0x201176536bdC18fD5E9212a94EeaB559f7BD495e,90716497800328351,304720922707903381301
24352830,0x1b02dA8Cb0d097eB8D57A175b88c7D8b47997506,0xC9D15F4E6f1b37CbF0E8068Ff84B5282edEF9707,429309432536441610,1443059017785079698039
24371850,0x1b02dA8Cb0d097eB8D57A175b88c7D8b47997506,0x9e0eD477f110cb75453181Cd4261D40Fa7396056,2105027502020458001,7110306455974533447881
24389799,0x1b02dA8Cb0d097eB8D57A175b88c7D8b47997506,0x8341f6CD5B4856DeC70852f4d530A6665c289043,25949510527792864,89151009373538141404
24454148,0x1b02dA8Cb0d097eB8D57A175b88c7D8b47997506,0x58d2c45cEb3f33425D76cbe2f0F61529f1Df9BbF,902595294317180123,3128275786901902995751
24458398,0x1b02dA8Cb0d097eB8D57A175b88c7D8b47997506,0x67C5A03d5769aDEe5fc232f2169aC5bf0bb7f18F,903659647100837358,3154060050372934831614
24615327,0x1b02dA8Cb0d097eB8D57A175b88c7D8b47997506,0x3ef7Bf350074EFDE3FD107ce38e652a10a5750f5,908647768780085818,3063749620516292096361
24648862,0x1b02dA8Cb0d097eB8D57A175b88c7D8b47997506,0x94d3B13745c23fB57a9634Db0b6e4f0d8b5a1053,362171609803459184,1236891016137057552692
24651779,0x1b02dA8Cb0d097eB8D57A175b88c7D8b47997506,0xd7486287d3925Fd7a7126b58B4F40e01909A541e,1116110777716377930,3812377317493058490896
24653892,0x1b02dA8Cb0d097eB8D57A175b88c7D8b47997506,0x23D623D3C6F334f55EF0DDF14FF0e05f1c88A76F,887728607734915253,3034104373764340222341
24656227,0x1b02dA8Cb0d097eB8D57A175b88c7D8b47997506,0x54280007118299877b466875B2aa6B59327DD93c,1182787951848232,4023939630879922695
24656561,0x1b02dA8Cb0d097eB8D57A175b88c7D8b47997506,0x67C5A03d5769aDEe5fc232f2169aC5bf0bb7f18F,859965472813861071,2913240481642684979945
24657132,0x1b02dA8Cb0d097eB8D57A175b88c7D8b47997506,0xb5C2Bc605CfE15d31554C6aD0B6e0844132BE3cb,317922635337660175,1077002647868711523242
24657132,0x1b02dA8Cb0d097eB8D57A175b88c7D8b47997506,0x18668B0244949570ec637465BAFdDe4d082afa69,170728526151988930,578364212844184809484
24657556,0x1b02dA8Cb0d097eB8D57A175b88c7D8b47997506,0x8F1B34eAF577413db89889beecdb61f4cc590aC2,242564489816823256,813030664224919551201
24657842,0x1b02dA8Cb0d097eB8D57A175b88c7D8b47997506,0x7Ca612a4D526eB1C5583598fEdA57E938424f0CE,195829422850277301,652384923444242749330
24657877,0x1b02dA8Cb0d097eB8D57A175b88c7D8b47997506,0xF7f341C7Cf5557536eBADDbe1A55dFf0a4981F51,942216109466150658,3138892897171894628968
24659074,0x1b02dA8Cb0d097eB8D57A175b88c7D8b47997506,0x81cee999e0cf2DA5b420a5c02649C894F69C86bD,949201802452281300,3148748479671015594585
24659560,0x1b02dA8Cb0d097eB8D57A175b88c7D8b47997506,0x687922176D1BbcBcdC295E121BcCaA45A1f40fCd,140805868033687739,466955712716059887080
24659893,0x1b02dA8Cb0d097eB8D57A175b88c7D8b47997506,0x6Acb64A76e62D433a9bDCB4eeA8343Be8b3BeF48,987611927346551743,3275225939523029435444
24665280,0x1b02dA8Cb0d097eB8D57A175b88c7D8b47997506,0x28864AF76e73B38e2C9D4e856Ea97F66947961aB,126476095990389566,419640830348806339122
24695224,0x1b02dA8Cb0d097eB8D57A175b88c7D8b47997506,0xEe4f02c9E04bd2b830E6A59Ae7642c454B422a58,2157057067475254303,7040481384561191611485
24695364,0x1b02dA8Cb0d097eB8D57A175b88c7D8b47997506,0x1eC98f3101f5c8e51EE469905348A28d6f3886d1,292839345144163734,955806867255368365021
24695963,0x1b02dA8Cb0d097eB8D57A175b88c7D8b47997506,0xf1180102846D1b587cD326358Bc1D54fC7441ec3,326602104469521778,1068357126884106599047
24696542,0x1b02dA8Cb0d097eB8D57A175b88c7D8b47997506,0x77724E749eFB937CE0a78e16E1f1ec5979Cba55a,1408358539829906649,4577370824337828864231
24700436,0x1b02dA8Cb0d097eB8D57A175b88c7D8b47997506,0xf75b052036dB7d90D18C10C06d3535F0fc3A4b74,75542485153962181,257189931011767433924
24701778,0x1b02dA8Cb0d097eB8D57A175b88c7D8b47997506,0x65aeA388b214e9bE7d121B757EA0B2645a74026b,1294488396548552160,4409714123074216268873
24704498,0x1b02dA8Cb0d097eB8D57A175b88c7D8b47997506,0x6Acb64A76e62D433a9bDCB4eeA8343Be8b3BeF48,1004206851540182788,3444465066327978062419
24728004,0x1b02dA8Cb0d097eB8D57A175b88c7D8b47997506,0x67C5A03d5769aDEe5fc232f2169aC5bf0bb7f18F,909886629150936761,3131778895518044922505
24735003,0x1b02dA8Cb0d097eB8D57A175b88c7D8b47997506,0xd7486287d3925Fd7a7126b58B4F40e01909A541e,21993649868781617898,75865056170261074110191
24737480,0x1b02dA8Cb0d097eB8D57A175b88c7D8b47997506,0x845750f28810201373bCE30145eDf661dFbE46ad,257582132289221901,879431778994925333600
24737601,0x1b02dA8Cb0d097eB8D57A175b88c7D8b47997506,0xf75b052036dB7d90D18C10C06d3535F0fc3A4b74,74025450921425292,252534287758459897592
24737945,0x1b02dA8Cb0d097eB8D57A175b88c7D8b47997506,0x32f8E5d3F4039d1DF89B6A1e544288289A500Fd1,410480113791176333,1403340071199670086961
24738083,0x1b02dA8Cb0d097eB8D57A175b88c7D8b47997506,0xeD29B7a345ec424377b5Ea2835dcfa6eEb6dbB7f,11982483480731461,41109507246497651527
24738227,0x1b02dA8Cb0d097eB8D57A175b88c7D8b47997506,0x0aa05378529F2D1707a0B196B846d7963d677d37,149768741807691797,513826635900882335405
24739106,0x1b02dA8Cb0d097eB8D57A175b88c7D8b47997506,0xcE8DE8CA83401aca4A0AAfB31396BF0254a15C19,68739929696379164,235832967558118903982
24742199,0x1b02dA8Cb0d097eB8D57A175b88c7D8b47997506,0x87beC71BCE1F7E036eb1E5D969fD5C1887EF43A5,1498704070080179858,5144633236650715431349
24743652,0x1b02dA8Cb0d097eB8D57A175b88c7D8b47997506,0x686241b898D7616FF78e22cc45fb07e92A74B7B5,302988956604861983,1039945389620574911714
24744180,0x1b02dA8Cb0d097eB8D57A175b88c7D8b47997506,0x2E5F97Ce8b95Ffb5B007DA1dD8fE0399679a6F23,619848860007074582,2127499864843531068542
24752055,0x1b02dA8Cb0d097eB8D57A175b88c7D8b47997506,0x38400B6bBd2B19d7B4a4C3559bcbB0fe1Ef45ec3,64117996409551060,222409163036138941091
24756189,0x1b02dA8Cb0d097eB8D57A175b88c7D8b47997506,0xFB81414570E338E28C98417c38A3A5c9C6503516,8571650198524193188,29915056680381031083231
24765227,0x1b02dA8Cb0d097eB8D57A175b88c7D8b47997506,0x7BedcD4f3655e093781418F9c2943e0e2Bd46F1f,263811701657340035,925021841755934873428
24766115,0x1b02dA8Cb0d097eB8D57A175b88c7D8b47997506,0xcE8DE8CA83401aca4A0AAfB31396BF0254a15C19,67996806938225171,238422068438865067417
24770404,0x1b02dA8Cb0d097eB8D57A175b88c7D8b47997506,0xd7486287d3925Fd7a7126b58B4F40e01909A541e,20044757795709109142,70461718354354746222153
24772661,0x1b02dA8Cb0d097eB8D57A175b88c7D8b47997506,0x6Acb64A76e62D433a9bDCB4eeA8343Be8b3BeF48,995133302933240796,3498111737290774873407
24776352,0x1b02dA8Cb0d097eB8D57A175b88c7D8b47997506,0xd7486287d3925Fd7a7126b58B4F40e01909A541e,20061451936376019418,71019049287169958835079
24778834,0x1b02dA8Cb0d097eB8D57A175b88c7D8b47997506,0x09f3A07179b298325e3e15EFbE9caa00EaFAB021,126498416083212954,449248160566771721383
24781028,0x1b02dA8Cb0d097eB8D57A175b88c7D8b47997506,0x61889b6da417A0467206756c7a980B3d0568DC3a,266208423428423806,945416142396034607063
24787125,0x1b02dA8Cb0d097eB8D57A175b88c7D8b47997506,0xd63613F91a6EFF9f479e052dF2c610108FE48048,229071752151558992,812806491282355979229
24788793,0x1b02dA8Cb0d097eB8D57A175b88c7D8b47997506,0xEaE97aA53D8CAf5838A2E988F99aC8bA73e5C645,15600767738783620,55355604381469302113
24807875,0x1b02dA8Cb0d097eB8D57A175b88c7D8b47997506,0xa6700EA3f19830e2e8b35363c2978cb9D5630303,1463480944178024640,5454146143916191315029
24811099,0x1b02dA8Cb0d097eB8D57A175b88c7D8b47997506,0x7eE33a8939C6e08cfE207519e220456CB770b982,1639197924393199687,6097131949726266020342
24818308,0x1b02dA8Cb0d097eB8D57A175b88c7D8b47997506,0x80bcbB630c1122FB13d43AC17a25F9A9F623e6C8,6925806080609900,25776933453418544486
24818562,0x1b02dA8Cb0d097eB8D57A175b88c7D8b47997506,0x80bcbB630c1122FB13d43AC17a25F9A9F623e6C8,6925806080609899,25776933453418540760
24847233,0x1b02dA8Cb0d097eB8D57A175b88c7D8b47997506,0x1d69159798e83d8eB39842367869D52be5EeD87d,276375578180784052,1018689544907575514131
24856332,0x1b02dA8Cb0d097eB8D57A175b88c7D8b47997506,0x81cee999e0cf2DA5b420a5c02649C894F69C86bD,904026730720891001,3331732601088327966227
24858196,0x1b02dA8Cb0d097eB8D57A175b88c7D8b47997506,0x88D09b28739B6C301be94b76Aab0554bde287D50,1129646767387050286,4163240792245419116703
24860793,0x1b02dA8Cb0d097eB8D57A175b88c7D8b47997506,0xBeC8D624Dd59D390B1F4CE91e170dbDB44E2a8E6,401769774327893567,1480696764566599039303
24894223,0x1b02dA8Cb0d097eB8D57A175b88c7D8b47997506,0x7eE33a8939C6e08cfE207519e220456CB770b982,1016647698726524464,3583736141854039938272
24964387,0x1b02dA8Cb0d097eB8D57A175b88c7D8b47997506,0xd7486287d3925Fd7a7126b58B4F40e01909A541e,23460002295709098676,82728628990524730017730
24967888,0x1b02dA8Cb0d097eB8D57A175b88c7D8b47997506,0x527Ec7De0e57b1d9AF4c4399e61b87D5627DEEa8,182420510143552079,643463905712392182728
24984699,0x1b02dA8Cb0d097eB8D57A175b88c7D8b47997506,0xd85bCc93d3A3E89303AAaF43c58E624D24160455,265300727858059334,942107266353257474808
25006877,0x1b02dA8Cb0d097eB8D57A175b88c7D8b47997506,0x293300b5146df7E9D2c8dEA93eBA0091c74FE998,47829630906893244,170288007503123294376
25025963,0x1b02dA8Cb0d097eB8D57A175b88c7D8b47997506,0xD1421ae08b24f5b24fa97980341DAbCADEeD3873,175391152408132159,620827279160173883972
25084513,0x1b02dA8Cb0d097eB8D57A175b88c7D8b47997506,0x79B9709Bd3D02363f3c1FA050DCe13D27e722Da8,158510184916388937,564617091748023159544
25098468,0x1b02dA8Cb0d097eB8D57A175b88c7D8b47997506,0xEA01E7DFc9B7e1341B02f0421fC61212290BE30E,214143713936252766,762498559386708699695
25144588,0x1b02dA8Cb0d097eB8D57A175b88c7D8b47997506,0xb5C2Bc605CfE15d31554C6aD0B6e0844132BE3cb,312078179470804885,1112750194019715533020
25203000,0x1b02dA8Cb0d097eB8D57A175b88c7D8b47997506,0xB67c99dfb3422b61f9E38070f021eaB7B42e9CAF,224502851890235565,779837944322921714831
25223092,0x1b02dA8Cb0d097eB8D57A175b88c7D8b47997506,0x4fD9F3F8E6029a6834d4F814044D748F1A48f0a4,179204631760927745,626014804652192564133
25236861,0x1b02dA8Cb0d097eB8D57A175b88c7D8b47997506,0x98a784132CF101E8Cd2764ded4c2F246325F1fe6,338977132401941883,1193398053566863975257
25241368,0x1b02dA8Cb0d097eB8D57A175b88c7D8b47997506,0x3f6e6029E95cE74E0c286B7da173EBE7ebA72caf,116904679682216976,431476402027796683712
25378947,0x1b02dA8Cb0d097eB8D57A175b88c7D8b47997506,0x931ddC55Ea7074a190ded7429E82dfAdFeDC0269,594257447321203809,2246855440422055767955
25418839,0x1b02dA8Cb0d097eB8D57A175b88c7D8b47997506,0x7701E5Bf2D8aE221f23F460FE73420eeE86d2872,2091360363239460196,8022864952189784091390
25460902,0x1b02dA8Cb0d097eB8D57A175b88c7D8b47997506,0x7Cd935397fF0478FE818998827856D13e5f852f1,33886984620345171,131986529911467365231
25492911,0x1b02dA8Cb0d097eB8D57A175b88c7D8b47997506,0x5f43a2B64961425D48A9eE01C00dcC954121873C,392523400578212156,1523341607599915596459
25493330,0x1b02dA8Cb0d097eB8D57A175b88c7D8b47997506,0x9867EBde73BD54d2D7e55E28057A5Fe3bd2027b6,199695376176685495,774996535052813545150
25497698,0x1b02dA8Cb0d097eB8D57A175b88c7D8b47997506,0xE5B0e06F101155EfE1db648E15C3c1161d0035Df,170606603300147641,662106098529591302488
25501547,0x1b02dA8Cb0d097eB8D57A175b88c7D8b47997506,0x8c05cdE00a6644DdF67CAc566203E1457bc222b9,17594497060747299,68662013124083444459
25524351,0x1b02dA8Cb0d097eB8D57A175b88c7D8b47997506,0x81cee999e0cf2DA5b420a5c02649C894F69C86bD,233999999999999998,913700809799746072569
25561143,0x1b02dA8Cb0d097eB8D57A175b88c7D8b47997506,0xd7486287d3925Fd7a7126b58B4F40e01909A541e,15158314809774556845,59252688661157828480842
25676395,0x1b02dA8Cb0d097eB8D57A175b88c7D8b47997506,0xcE8DE8CA83401aca4A0AAfB31396BF0254a15C19,33441441783061929,129142421702188534681
25722240,0x1b02dA8Cb0d097eB8D57A175b88c7D8b47997506,0x618A94E6b17F31Ce6206647445b20d0a5Dd231aa,24789323856656904,95714571666467781059
25798944,0x1b02dA8Cb0d097eB8D57A175b88c7D8b47997506,0x032c255E5a84C2E8Ca242f85098988D69b982E85,317000968780603840,1253924770263387528284
25890175,0x1b02dA8Cb0d097eB8D57A175b88c7D8b47997506,0xCE06EDfa8503147888728B2eE92f961B09B7bFfB,31233615014159003,125268913111119937837
26195500,0x1b02dA8Cb0d097eB8D57A175b88c7D8b47997506,0x93973b0dc20bEff165C087cB2A319640C210f30e,40002815681557695,182885952581426420764
26257058,0x1b02dA8Cb0d097eB8D57A175b88c7D8b47997506,0x49BA4256FE65b833b3dA9c26aA27E1eFD74EFD1d,5797716850630567,26294615321281295155
26265882,0x1b02dA8Cb0d097eB8D57A175b88c7D8b47997506,0x7AE29F334D7cb67b58df5aE2A19F360F1Fd3bE75,455419893049728221,2072199242491087764415
26278573,0x1b02dA8Cb0d097eB8D57A175b88c7D8b47997506,0xA90BA985f7cC099C73DDdb4858A810848A8ee346,104772139713726386,474502798139220680018
26278598,0x1b02dA8Cb0d097eB8D57A175b88c7D8b47997506,0xA90BA985f7cC099C73DDdb4858A810848A8ee346,1990670654560801350,9015553164645192921290
26360250,0x1b02dA8Cb0d097eB8D57A175b88c7D8b47997506,0xeD08e8D72D35428b28390B7334ebe7F9f7a64822,625150451131149475,2925949120500129472525
26852195,0x1b02dA8Cb0d097eB8D57A175b88c7D8b47997506,0x9936f05D5cE4259D44Aa51d54c0C245652efcc11,354721348787575157,2039648918322278199551
26860772,0x1b02dA8Cb0d097eB8D57A175b88c7D8b47997506,0x98a784132CF101E8Cd2764ded4c2F246325F1fe6,92199719986755696,533467794266879404897
26899629,0x1b02dA8Cb0d097eB8D57A175b88c7D8b47997506,0x42A6396437eBA7bFD6B5195B7134BE64443521ed,2407420786652014,13932764027414019216
26926636,0x1b02dA8Cb0d097eB8D57A175b88c7D8b47997506,0x5bbF5EE9a82536aAf8AEfD792dC004E4fEAf0EB4,13180512838965542,76307807224666827885
27306417,0x1b02dA8Cb0d097eB8D57A175b88c7D8b47997506,0xA90BA985f7cC099C73DDdb4858A810848A8ee346,1783460480395694060,11093103729545309298766
27413571,0x1b02dA8Cb0d097eB8D57A175b88c7D8b47997506,0x053AA35E51A8Ef8F43fd0d89dd24Ef40a8C91556,2672277093729529635,16700114891570694276951
